id_wypozyczenia,id_osoby,data_wypozyczenia,id_ksiazki
1,2586,2025-05-16,2042
2,1193,2024-10-07,2979
3,4301,2024-02-13,1342
4,3487,2023-02-04,3338
5,4084,2024-07-21,2156
6,2222,2025-09-09,2584
7,914,2023-05-03,2197
8,2781,2024-01-09,258
9,4712,2024-02-09,1471
10,883,2024-05-25,2726
11,3843,2023-11-23,2962
12,4498,2025-04-14,3085
13,4456,2023-04-29,2192
14,3678,2023-05-26,1630
15,2839,2023-08-26,699
16,1961,2025-06-14,975
17,3904,2023-05-25,2758
18,705,2024-06-17,3040
19,826,2024-06-07,438
20,2809,2024-11-01,609
21,735,2024-07-14,178
22,3945,2023-12-25,1764
23,2443,2025-03-26,2052
24,1592,2023-11-04,541
25,3234,2024-01-31,577
26,876,2023-06-14,1539
27,1163,2023-01-20,3433
28,3058,2024-06-21,1649
29,4430,2023-08-12,3417
30,2559,2023-12-31,3374
31,4408,2024-02-13,3063
32,1869,2025-05-19,489
33,4119,2024-03-01,2645
34,2372,2023-04-04,3359
35,4131,2025-06-01,2128
36,1695,2023-10-05,1743
37,3126,2023-01-02,1081
38,682,2024-02-15,3365
39,2488,2025-01-21,3301
40,2313,2023-02-27,709
41,75,2025-03-03,2819
42,3839,2023-01-04,3294
43,2591,2024-04-10,550
44,2479,2025-01-16,3224
45,1560,2025-05-11,2708
46,4575,2024-07-06,24
47,3298,2024-09-12,1760
48,283,2025-08-04,1641
49,277,2024-12-15,1786
50,769,2024-11-20,928
51,3009,2023-05-18,988
52,1577,2024-06-14,1691
53,724,2025-07-16,1631
54,540,2024-12-28,193
55,2630,2024-12-24,1269
56,3597,2025-01-10,1312
57,1308,2024-11-04,3254
58,3641,2025-06-11,2213
59,1113,2023-05-28,2103
60,3373,2024-08-02,2420
61,4300,2023-11-04,2952
62,4855,2025-03-20,2340
63,2559,2023-10-26,1388
64,3633,2024-01-19,470
65,1400,2025-06-24,2498
66,3033,2023-04-05,3370
67,817,2024-07-23,38
68,3971,2023-05-26,354
69,1569,2023-06-13,3168
70,1403,2024-11-17,1983
71,3857,2024-11-23,2597
72,4765,2025-02-27,3367
73,4618,2025-01-06,2055
74,2549,2024-08-15,1184
75,2901,2025-06-30,3103
76,883,2025-03-10,2041
77,3135,2023-11-05,1783
78,661,2025-01-10,5
79,342,2024-04-25,1516
80,823,2024-05-04,1627
81,3535,2024-06-01,629
82,379,2023-12-05,1794
83,2573,2023-04-24,1856
84,1305,2023-01-12,1944
85,4912,2025-09-19,2049
86,1721,2023-10-09,525
87,4237,2023-05-12,3015
88,1065,2024-04-23,1478
89,3209,2024-04-29,107
90,2706,2025-02-13,1113
91,3703,2024-06-06,1056
92,1993,2023-12-03,2970
93,1903,2023-01-03,2307
94,1152,2023-02-27,947
95,2719,2023-08-23,2142
96,130,2024-01-03,815
97,2295,2025-02-08,1117
98,3431,2024-05-07,2873
99,4287,2023-04-21,695
100,4334,2024-09-27,3510
101,1597,2023-12-22,391
102,2398,2023-05-03,2691
103,346,2025-09-19,2348
104,3898,2024-05-28,2051
105,2189,2023-09-02,370
106,2534,2024-01-13,2764
107,151,2024-03-03,1163
108,1940,2025-03-06,1443
109,2513,2023-12-31,1065
110,4594,2024-02-05,3468
111,4715,2023-12-27,2194
112,4828,2023-03-07,2812
113,2755,2025-06-30,3477
114,4698,2023-08-27,1853
115,1501,2023-10-01,1605
116,414,2025-02-18,174
117,3725,2023-05-30,135
118,1142,2023-10-19,823
119,3576,2025-06-06,155
120,513,2025-01-29,3462
121,1173,2025-04-28,872
122,1167,2023-01-31,2904
123,4224,2024-03-16,1382
124,2651,2024-02-23,2111
125,1720,2025-09-27,2176
126,3438,2023-08-11,857
127,128,2025-04-19,1849
128,468,2024-12-02,1041
129,734,2024-09-27,2867
130,887,2025-01-23,3008
131,4617,2023-05-10,2170
132,697,2025-09-01,1175
133,2320,2023-11-21,2057
134,2323,2023-02-08,3074
135,680,2025-09-26,2642
136,2286,2024-09-29,378
137,3310,2023-08-30,527
138,2757,2024-07-07,230
139,1426,2023-06-13,186
140,1378,2024-10-17,2982
141,2652,2024-07-11,2537
142,54,2025-07-23,57
143,3325,2023-05-08,2950
144,970,2023-11-18,3299
145,3987,2024-06-11,2379
146,1460,2025-02-14,905
147,4977,2024-02-07,3502
148,1343,2025-01-29,855
149,2329,2025-03-29,2174
150,4369,2025-03-23,1137
151,4092,2024-10-03,2120
152,4308,2024-01-27,1736
153,3535,2024-11-02,481
154,1965,2023-02-20,3457
155,1791,2025-06-13,575
156,4091,2023-05-11,35
157,2213,2023-08-09,1351
158,1782,2023-05-01,1156
159,808,2023-01-08,1528
160,3748,2024-02-08,2158
161,4214,2024-08-29,2643
162,2310,2025-03-28,777
163,4646,2023-10-17,61
164,713,2023-04-15,10
165,1915,2025-05-26,1215
166,775,2024-08-16,2305
167,1193,2025-03-10,1727
168,2790,2023-09-15,3092
169,1427,2023-09-15,2910
170,1831,2024-03-20,2060
171,3788,2024-07-16,2852
172,1122,2025-08-07,1114
173,4653,2024-07-16,2184
174,3462,2024-12-08,1251
175,683,2025-07-11,3272
176,1915,2023-04-14,2890
177,4391,2025-02-16,766
178,93,2025-05-02,1694
179,415,2024-08-04,180
180,4992,2025-01-26,251
181,808,2024-04-13,133
182,2937,2024-06-20,2037
183,2444,2024-12-25,1770
184,3520,2024-02-18,2734
185,1806,2025-08-02,521
186,3840,2023-02-18,410
187,4610,2024-03-24,1206
188,108,2024-11-30,1870
189,2325,2023-03-23,145
190,3483,2023-06-08,2439
191,974,2024-02-23,916
192,4431,2024-10-10,2173
193,406,2025-07-18,2073
194,234,2025-04-13,2749
195,3074,2023-07-06,1200
196,2592,2024-01-18,1245
197,4570,2024-11-25,3493
198,3345,2024-10-29,2263
199,3402,2023-09-03,408
200,953,2024-01-28,1822
201,243,2024-05-09,1067
202,3380,2023-06-30,2070
203,3720,2025-04-01,1601
204,1404,2025-02-23,2572
205,2700,2024-11-14,2622
206,4517,2023-07-04,309
207,2846,2024-06-15,914
208,4787,2024-03-29,2722
209,747,2025-08-01,1769
210,4131,2024-03-30,1018
211,3324,2025-09-13,791
212,1200,2023-03-16,3434
213,4721,2024-11-24,1446
214,2795,2023-06-05,3011
215,4594,2023-01-07,2097
216,2579,2025-05-07,2957
217,569,2023-01-17,1543
218,3040,2023-12-27,2047
219,1015,2023-01-01,2031
220,2073,2023-06-05,307
221,2024,2025-08-29,2009
222,28,2025-04-21,2327
223,3746,2024-06-07,2301
224,814,2023-12-09,1047
225,1576,2023-03-03,2710
226,3038,2023-02-15,315
227,3851,2025-03-21,1710
228,3530,2023-06-09,917
229,4233,2024-03-28,3435
230,1439,2023-01-09,554
231,4121,2025-01-15,1650
232,1522,2025-04-19,502
233,3495,2023-08-10,2338
234,3237,2024-12-01,1424
235,3342,2024-12-20,2761
236,151,2025-01-11,960
237,3702,2025-01-04,1337
238,4343,2024-10-22,1585
239,578,2024-11-15,2508
240,1548,2023-06-09,2264
241,996,2023-12-06,2412
242,3546,2024-01-25,1016
243,3992,2024-03-13,775
244,2547,2025-03-27,3075
245,2750,2023-04-05,3051
246,1719,2023-11-10,1301
247,4717,2025-06-02,718
248,4561,2023-07-01,676
249,1802,2025-06-07,432
250,2745,2024-05-25,2443
251,3632,2025-06-02,450
252,1381,2023-06-16,1705
253,3958,2025-04-25,1286
254,456,2025-06-09,1298
255,3287,2024-03-29,2226
256,2875,2024-12-03,3138
257,4279,2023-02-07,2298
258,2401,2025-05-14,2402
259,1812,2023-02-26,845
260,1663,2023-11-26,2446
261,4814,2025-07-16,37
262,2939,2025-07-13,2541
263,4106,2025-06-28,1095
264,3839,2025-08-13,382
265,954,2023-11-03,117
266,4008,2024-07-25,3128
267,3837,2025-02-08,2533
268,2144,2023-05-31,349
269,1146,2024-01-05,585
270,2406,2023-09-01,1586
271,3863,2024-09-30,2405
272,4195,2024-07-10,1322
273,4376,2025-06-30,1389
274,2025,2024-06-08,842
275,76,2024-01-02,1058
276,4655,2023-11-26,1295
277,2875,2023-11-01,3363
278,1408,2024-04-08,738
279,4896,2023-09-19,1729
280,4844,2025-06-05,887
281,1472,2024-11-20,126
282,437,2023-08-09,2410
283,1657,2023-06-11,3284
284,2489,2024-11-02,3414
285,60,2025-07-08,2688
286,498,2025-05-14,3012
287,4214,2025-02-05,2854
288,3483,2025-01-30,1383
289,3998,2025-08-19,1268
290,3436,2024-01-11,122
291,2213,2025-06-06,290
292,1933,2023-08-02,2666
293,2712,2024-05-21,2544
294,2002,2025-05-05,3013
295,3097,2023-03-16,885
296,1506,2023-09-04,2983
297,3719,2023-03-14,83
298,840,2025-02-11,1289
299,2302,2024-06-28,2451
300,1482,2025-09-03,1739
301,326,2024-07-04,2976
302,718,2025-05-14,96
303,4208,2024-10-19,1921
304,4875,2023-11-16,2094
305,3411,2023-08-19,213
306,2780,2024-05-11,2672
307,3748,2024-08-10,1584
308,4370,2024-12-16,1686
309,2113,2024-03-20,1051
310,3421,2023-06-03,1297
311,1223,2024-04-08,1798
312,4495,2024-06-24,327
313,358,2025-04-27,2653
314,1318,2023-04-25,1120
315,2306,2025-02-18,1805
316,1929,2023-02-14,2029
317,2830,2025-03-25,1590
318,4396,2024-08-28,71
319,2407,2024-05-10,1804
320,558,2025-04-06,1349
321,896,2025-02-01,672
322,4091,2023-03-02,2625
323,1084,2024-07-04,641
324,187,2025-02-24,1527
325,4248,2023-05-04,1838
326,836,2025-09-22,1696
327,4029,2025-08-03,3323
328,1766,2023-02-12,1690
329,3900,2023-10-10,471
330,1623,2023-05-27,2325
331,2217,2024-07-21,2191
332,2486,2023-11-25,3470
333,2579,2025-03-09,74
334,1517,2023-03-19,1109
335,4824,2025-01-27,1250
336,3322,2025-04-15,1912
337,4132,2023-07-02,1373
338,1645,2024-07-14,3033
339,4786,2024-12-08,3389
340,2637,2024-10-08,841
341,504,2024-03-16,2140
342,4236,2023-11-27,1611
343,2095,2024-07-08,3337
344,2601,2023-06-21,678
345,1771,2024-12-22,101
346,3116,2025-06-30,2334
347,3154,2023-11-29,591
348,3119,2024-01-22,1220
349,196,2023-04-30,2670
350,2075,2023-04-13,2585
351,1893,2024-07-12,3428
352,1583,2023-06-04,3466
353,2147,2023-08-07,657
354,2590,2023-09-23,418
355,4978,2024-11-03,652
356,3082,2024-07-20,1574
357,3970,2024-01-28,2367
358,2637,2025-07-03,922
359,3779,2024-02-02,2392
360,2767,2025-02-26,286
361,848,2025-01-14,2930
362,3418,2024-02-02,560
363,239,2025-01-13,1499
364,3108,2024-01-27,1363
365,1631,2024-07-25,3396
366,2716,2024-05-04,667
367,4183,2025-06-04,2795
368,706,2023-05-17,2568
369,3376,2024-01-04,1939
370,2318,2024-12-27,899
371,888,2023-06-03,1487
372,4870,2023-09-26,851
373,35,2024-09-06,782
374,450,2023-11-05,542
375,1727,2023-09-21,2422
376,1857,2024-01-27,744
377,805,2023-04-14,152
378,106,2023-12-19,2967
379,2121,2024-07-27,3036
380,1858,2023-06-02,982
381,123,2023-07-05,3079
382,2638,2025-04-22,1444
383,1824,2023-08-18,1618
384,3553,2024-11-28,2289
385,1070,2025-09-27,3282
386,1132,2025-02-22,3352
387,2918,2025-07-21,2012
388,1215,2024-01-27,2265
389,3641,2024-09-05,253
390,1636,2025-09-12,2314
391,3802,2025-01-26,2080
392,3088,2023-01-12,1884
393,3486,2024-09-11,2069
394,3115,2024-08-09,2095
395,1729,2025-08-16,2641
396,42,2024-02-07,2378
397,3751,2023-06-06,3382
398,2925,2023-09-24,1473
399,1009,2023-10-06,313
400,3991,2025-06-17,739
401,2267,2023-08-29,1518
402,1137,2023-03-07,385
403,2399,2024-02-27,3078
404,1661,2025-07-09,335
405,553,2023-12-30,1234
406,1229,2024-09-16,1161
407,1868,2025-05-04,1087
408,3357,2024-12-01,2954
409,3608,2024-04-16,1836
410,932,2025-01-02,477
411,4520,2024-01-19,1628
412,4823,2023-01-20,3185
413,326,2024-11-21,2034
414,0,2025-03-31,1964
415,3275,2023-01-11,2133
416,4297,2024-04-19,1566
417,1702,2024-11-07,2045
418,1713,2023-01-11,3406
419,2201,2023-11-20,2701
420,2395,2025-04-13,1474
421,1616,2025-06-06,811
422,3656,2024-09-08,755
423,4185,2024-12-02,2495
424,1956,2024-11-01,2269
425,3031,2025-08-20,99
426,4866,2024-09-22,2238
427,3271,2023-06-11,3117
428,1990,2025-03-30,1073
429,454,2023-11-25,3004
430,2042,2025-06-01,715
431,3292,2025-08-08,1724
432,3893,2023-10-31,275
433,4651,2023-05-31,2999
434,1812,2024-04-05,805
435,2261,2024-10-24,2222
436,3976,2025-07-25,430
437,3734,2025-07-18,1695
438,4308,2025-03-11,256
439,3212,2025-08-17,1948
440,8,2023-02-12,3325
441,764,2023-07-16,1119
442,2349,2023-12-13,2332
443,2223,2023-10-29,1771
444,1865,2023-11-10,1143
445,3318,2024-03-25,1358
446,3336,2024-10-18,3191
447,2843,2023-11-10,937
448,445,2024-06-14,2157
449,195,2025-08-07,1882
450,1523,2023-07-04,1132
451,4402,2023-04-08,1396
452,2886,2025-01-13,611
453,1394,2023-09-07,3441
454,3596,2024-11-08,1666
455,4512,2023-02-27,314
456,147,2023-01-11,1899
457,1865,2023-11-07,3422
458,1070,2023-04-14,3465
459,4552,2025-04-20,1992
460,2336,2023-06-06,1209
461,411,2023-10-26,2466
462,1350,2024-01-05,283
463,4554,2023-03-27,320
464,1236,2024-05-21,966
465,1252,2023-03-04,555
466,3661,2023-07-17,210
467,301,2023-01-02,196
468,2443,2025-08-04,883
469,3213,2024-12-25,214
470,4104,2024-11-16,2560
471,2679,2025-07-02,1721
472,1617,2024-12-04,2615
473,2924,2023-12-10,1938
474,3924,2023-02-03,2300
475,183,2024-03-04,2782
476,4585,2025-08-04,3412
477,1910,2024-04-16,3141
478,4363,2024-01-10,2859
479,2912,2023-09-20,875
480,1025,2023-03-14,112
481,1739,2024-10-02,849
482,1935,2023-03-05,2360
483,1080,2023-11-29,762
484,3505,2024-06-02,1157
485,2156,2023-07-08,2668
486,1150,2025-07-10,1037
487,2620,2025-02-13,2519
488,3894,2023-05-04,2247
489,1172,2023-05-07,2988
490,1855,2024-12-31,635
491,14,2024-11-27,3037
492,1730,2025-08-31,115
493,3176,2023-05-15,1949
494,2211,2024-04-12,528
495,4491,2024-06-16,690
496,1501,2024-04-03,3348
497,1468,2024-09-18,1937
498,2580,2024-02-14,3485
499,2844,2023-06-01,1742
500,2167,2025-04-01,44
501,4139,2025-04-25,89
502,3489,2023-07-11,1506
503,943,2023-09-03,1711
504,2730,2023-08-13,1336
505,4726,2024-11-26,880
506,4663,2023-05-26,1192
507,3860,2023-03-19,583
508,1104,2025-05-29,3061
509,835,2025-02-15,590
510,3891,2023-08-02,3287
511,4286,2023-08-18,2788
512,1616,2025-02-05,2084
513,2804,2023-11-30,3275
514,532,2023-11-17,1829
515,3683,2023-10-07,401
516,4360,2024-08-12,2004
517,3175,2023-05-21,1765
518,1047,2024-03-03,1440
519,844,2025-04-11,710
520,2265,2023-06-22,2143
521,2030,2023-03-01,2913
522,4395,2023-03-11,2996
523,337,2023-09-09,964
524,1385,2023-06-28,2548
525,1942,2023-10-08,3320
526,2316,2023-01-01,1354
527,1831,2024-01-16,1032
528,1949,2024-01-18,572
529,3726,2023-12-21,3454
530,1690,2023-03-15,2809
531,614,2023-09-14,1923
532,3164,2024-03-12,2475
533,3107,2024-05-09,3409
534,143,2023-08-11,1639
535,2342,2023-08-03,2483
536,3331,2025-02-07,511
537,4359,2024-06-05,3240
538,3758,2024-05-06,1043
539,317,2024-06-25,3296
540,2809,2024-02-28,2219
541,1347,2024-03-30,598
542,4029,2025-09-12,2365
543,2771,2023-01-24,2315
544,3952,2024-09-10,1907
545,1950,2024-09-02,1619
546,3365,2024-08-27,3446
547,1880,2024-06-08,1098
548,105,2025-01-20,1520
549,1931,2023-04-27,1514
550,430,2023-10-20,673
551,3828,2025-02-27,2942
552,4910,2025-07-05,2862
553,1161,2025-03-28,1575
554,1852,2024-01-05,818
555,3790,2023-03-12,3164
556,470,2023-12-03,2899
557,1957,2023-07-03,328
558,4847,2025-10-01,1693
559,4431,2023-08-23,2108
560,180,2024-08-31,1629
561,1919,2025-05-12,168
562,3027,2023-09-30,343
563,3434,2023-01-18,1815
564,1239,2024-07-16,2697
565,1704,2023-11-04,1496
566,83,2023-12-17,301
567,1867,2023-06-11,951
568,42,2024-11-04,2076
569,1603,2025-08-23,3167
570,2601,2023-12-18,864
571,2264,2023-02-26,1859
572,3351,2024-06-07,634
573,1250,2023-11-11,2667
574,1148,2024-09-08,2292
575,2414,2023-07-24,92
576,4398,2024-11-10,295
577,2832,2025-03-15,3400
578,541,2025-07-08,3269
579,3417,2025-03-11,473
580,2395,2024-11-28,1748
581,221,2024-05-19,893
582,3627,2024-05-02,3217
583,3831,2024-06-08,2096
584,4904,2024-03-02,1477
585,1820,2025-02-04,1652
586,4584,2024-05-26,435
587,1099,2025-06-24,1341
588,3990,2025-05-03,2391
589,4474,2023-12-31,2388
590,2247,2023-10-20,2700
591,4289,2024-09-02,132
592,2285,2025-07-02,2800
593,2528,2025-07-23,2366
594,3649,2024-07-28,616
595,4780,2024-12-19,2130
596,2004,2023-01-14,2711
597,2159,2023-01-11,377
598,4119,2024-02-11,2165
599,3967,2025-08-16,967
600,2276,2025-06-03,223
601,2376,2025-02-04,280
602,1909,2023-03-03,1482
603,3387,2025-01-23,630
604,1030,2024-12-09,2746
605,220,2023-08-23,1282
606,511,2025-09-18,2523
607,4754,2024-07-07,1361
608,2570,2025-01-11,1044
609,2226,2025-03-14,3176
610,3638,2024-12-06,2345
611,243,2024-03-24,1867
612,3571,2025-05-17,1115
613,1468,2023-12-23,3225
614,3635,2023-04-27,2474
615,520,2025-06-18,2635
616,3281,2024-06-20,1981
617,733,2025-05-27,1101
618,2329,2023-04-15,2020
619,1957,2023-11-23,1116
620,1475,2025-02-10,1248
621,1436,2025-09-11,3153
622,4834,2024-02-15,1494
623,944,2025-02-16,2028
624,35,2024-07-02,776
625,1868,2023-03-10,3332
626,665,2024-08-22,3330
627,3556,2024-09-19,2500
628,3971,2024-09-04,72
629,2261,2023-12-24,21
630,467,2024-10-11,3341
631,4459,2023-11-03,2732
632,2590,2024-08-27,2318
633,2935,2024-01-26,3427
634,1257,2023-11-03,1672
635,2436,2024-06-10,2403
636,2393,2025-02-08,323
637,1188,2023-08-28,3459
638,4167,2024-03-02,3265
639,3603,2025-02-03,2167
640,2745,2023-09-23,544
641,1242,2024-08-03,1492
642,4964,2025-07-29,2936
643,4446,2025-07-16,2018
644,462,2023-05-08,1418
645,4217,2023-09-28,2136
646,4802,2023-10-15,1144
647,2242,2023-03-10,720
648,2032,2025-09-14,1008
649,4276,2024-12-27,1546
650,2161,2023-10-21,1924
651,3733,2024-04-01,2266
652,2575,2025-05-12,2603
653,1546,2023-08-28,622
654,3576,2024-09-13,2376
655,1813,2025-09-11,2083
656,3907,2024-04-10,2712
657,3305,2023-11-10,2447
658,642,2023-09-27,2296
659,1405,2023-04-22,1074
660,346,2023-02-26,3478
661,1607,2024-12-29,2496
662,260,2023-10-07,1182
663,43,2024-03-26,567
664,4155,2023-07-29,2966
665,1258,2025-03-15,2669
666,4091,2024-03-14,412
667,3829,2024-05-24,3402
668,3415,2024-02-06,2329
669,4675,2025-07-10,340
670,1304,2025-02-05,1497
671,4279,2025-06-19,3430
672,1021,2024-05-09,3178
673,4375,2025-04-06,2457
674,3910,2024-09-08,2915
675,4319,2024-03-08,3313
676,4195,2023-09-19,2623
677,3690,2025-05-30,2511
678,400,2025-07-26,2081
679,44,2023-04-22,1594
680,1724,2024-03-07,1713
681,4586,2023-05-18,395
682,179,2024-07-09,2660
683,3120,2025-02-23,979
684,543,2023-05-01,2274
685,3651,2024-03-12,1707
686,2480,2023-11-01,2043
687,3045,2023-10-05,1973
688,4892,2023-09-17,1945
689,2173,2024-01-06,11
690,1058,2025-09-16,2679
691,1885,2025-06-28,767
692,4982,2023-09-05,3516
693,115,2023-11-27,2811
694,1125,2024-09-20,2510
695,4880,2024-09-26,428
696,2076,2023-08-18,2135
697,3013,2024-10-26,1094
698,1137,2023-04-08,3014
699,3736,2025-01-22,1747
700,4950,2024-10-03,3110
701,4336,2024-02-04,58
702,973,2025-08-29,1333
703,3941,2023-06-12,2570
704,1118,2024-07-31,396
705,3823,2023-05-03,2745
706,3111,2024-11-25,2814
707,617,2024-02-14,2036
708,2910,2023-03-24,329
709,1877,2025-04-08,2416
710,1193,2023-12-12,1597
711,2189,2024-02-06,474
712,4758,2025-09-06,3031
713,160,2025-08-25,696
714,2540,2024-05-18,1547
715,3533,2024-05-30,2208
716,235,2023-03-08,2324
717,4819,2025-06-18,1526
718,3073,2024-05-14,594
719,4338,2023-12-04,553
720,2545,2023-05-17,1164
721,4466,2024-09-23,2619
722,2164,2024-03-08,1292
723,1360,2024-08-22,806
724,3098,2024-03-10,2374
725,2673,2024-12-11,2765
726,4298,2023-10-12,2389
727,7,2023-10-25,798
728,4120,2023-04-26,1460
729,1947,2024-08-15,3180
730,1783,2025-08-23,3404
731,2165,2025-05-05,895
732,317,2023-12-23,2179
733,2480,2024-10-10,1247
734,1424,2023-04-06,940
735,322,2023-04-13,1102
736,3853,2025-07-02,384
737,3010,2023-05-17,1955
738,828,2024-07-08,3461
739,3364,2023-11-20,1839
740,623,2024-05-18,2284
741,1783,2024-09-13,3053
742,3112,2023-04-15,787
743,3478,2025-06-07,2707
744,1668,2024-08-01,1663
745,3711,2025-08-13,1006
746,876,2025-09-15,804
747,4735,2024-07-28,1740
748,1438,2024-01-29,496
749,158,2024-08-25,393
750,642,2023-06-02,18
751,4023,2024-05-09,2341
752,3110,2024-02-28,160
753,4407,2023-01-14,1009
754,2404,2023-04-29,263
755,80,2024-11-16,3203
756,3020,2024-06-16,2251
757,2211,2023-10-07,1831
758,4550,2025-08-31,888
759,3982,2025-01-30,104
760,2190,2024-02-29,445
761,3945,2025-02-24,1384
762,3661,2024-02-11,2612
763,4120,2025-06-12,746
764,221,2025-06-09,931
765,2065,2024-01-22,2485
766,1547,2025-04-03,3241
767,4080,2024-11-11,1229
768,3093,2025-08-24,458
769,1760,2023-05-31,926
770,2704,2024-03-05,1227
771,3008,2024-08-27,3048
772,3263,2023-11-27,2972
773,2569,2024-01-03,3041
774,2897,2025-08-07,3016
775,4613,2024-09-26,2220
776,918,2023-11-24,3376
777,2034,2024-07-16,1448
778,1120,2024-05-08,305
779,4518,2025-02-19,1089
780,2619,2023-05-26,397
781,2709,2025-03-18,3331
782,794,2023-07-20,877
783,4282,2024-05-18,1731
784,3215,2024-11-12,218
785,2564,2024-03-25,2736
786,307,2024-12-31,2844
787,3729,2023-10-22,498
788,509,2023-01-24,1554
789,370,2024-03-18,1264
790,2129,2025-03-12,1080
791,285,2023-07-13,3508
792,2510,2023-11-27,2342
793,248,2024-09-04,3464
794,4599,2023-01-23,2843
795,4705,2025-07-16,3035
796,3775,2023-07-18,3130
797,2565,2025-01-12,3486
798,877,2024-04-24,114
799,3420,2023-08-02,3111
800,4050,2024-10-06,2973
801,696,2024-06-04,1681
802,1254,2023-12-08,3009
803,1843,2023-07-03,1909
804,1099,2024-11-04,179
805,2106,2024-12-27,2123
806,3326,2025-05-01,742
807,4420,2025-07-25,1583
808,3547,2025-03-21,1633
809,1192,2024-04-04,3401
810,4859,2025-09-24,2922
811,1361,2023-03-27,847
812,3175,2024-09-21,3174
813,1556,2025-09-09,743
814,4218,2025-08-25,2598
815,3824,2023-07-09,3032
816,219,2024-05-22,655
817,310,2025-03-04,1279
818,3722,2025-02-03,2505
819,1671,2024-03-13,1235
820,3655,2023-04-28,998
821,2322,2025-06-18,2290
822,2218,2023-06-06,1974
823,473,2023-08-01,3216
824,1980,2025-05-05,508
825,3217,2024-06-05,2528
826,4329,2023-06-12,276
827,4076,2023-12-15,2257
828,2120,2025-05-27,706
829,3866,2023-08-28,1413
830,1239,2024-10-17,1428
831,1815,2023-04-18,2330
832,217,2023-04-01,2358
833,3120,2023-11-24,1097
834,573,2023-05-10,1190
835,3977,2023-08-21,1758
836,3937,2023-03-16,1225
837,1397,2025-03-05,2777
838,2454,2023-02-11,3495
839,2787,2024-02-25,674
840,2380,2025-06-20,803
841,1005,2025-03-22,2621
842,1909,2024-12-10,2727
843,1608,2024-11-29,3425
844,2832,2023-10-23,595
845,3594,2024-05-22,2450
846,2911,2025-03-06,2702
847,2214,2025-05-10,3010
848,81,2024-08-06,1077
849,1244,2023-08-14,221
850,2606,2024-03-02,2078
851,1990,2024-09-10,129
852,388,2023-04-20,243
853,4886,2025-07-10,1469
854,1454,2024-05-20,589
855,1792,2025-07-11,2626
856,319,2023-02-21,1635
857,3425,2023-01-28,670
858,1497,2025-07-16,318
859,2184,2024-01-01,1994
860,240,2025-01-13,2160
861,2498,2024-12-29,2785
862,2658,2025-07-16,3449
863,4840,2023-03-18,192
864,2967,2025-05-28,491
865,1651,2025-09-25,3007
866,3626,2025-05-05,3482
867,4149,2023-09-28,341
868,607,2025-06-28,1902
869,4269,2023-04-10,503
870,4845,2023-01-10,3290
871,443,2024-11-17,830
872,2541,2023-02-18,1572
873,1868,2025-07-31,2914
874,2283,2025-03-06,368
875,3353,2023-01-30,647
876,2360,2025-01-04,737
877,551,2023-05-28,1139
878,1114,2023-05-17,909
879,509,2025-04-04,1881
880,1642,2023-06-08,1030
881,657,2025-05-04,813
882,1701,2024-01-30,1718
883,2844,2023-08-21,264
884,1728,2024-12-19,2268
885,4336,2023-09-02,62
886,2293,2024-04-07,1242
887,49,2023-08-05,1722
888,4640,2024-05-24,219
889,53,2025-10-01,3247
890,1092,2023-04-10,1903
891,3099,2024-11-26,1876
892,1180,2024-06-15,1112
893,176,2025-06-22,992
894,1025,2023-08-28,1433
895,2712,2023-09-24,1212
896,3364,2024-08-02,911
897,2134,2023-06-28,2863
898,1199,2024-10-28,1149
899,3181,2023-08-12,1810
900,4312,2025-02-20,2723
901,82,2024-03-19,198
902,869,2023-06-22,1842
903,2061,2023-11-05,1505
904,463,2023-03-06,3339
905,2170,2023-04-24,100
906,3847,2024-12-19,16
907,2822,2024-11-14,260
908,2986,2023-04-11,1788
909,2737,2024-03-05,434
910,2091,2024-07-04,617
911,605,2023-01-13,2221
912,1239,2025-03-25,733
913,1121,2023-04-25,2003
914,4723,2023-09-06,1126
915,196,2023-05-10,421
916,150,2025-03-12,1570
917,2957,2024-04-29,2575
918,3722,2025-05-26,558
919,1972,2023-07-05,2287
920,4244,2023-11-16,3347
921,1020,2024-03-02,1338
922,1971,2025-06-10,2048
923,3774,2024-08-05,1553
924,3524,2024-06-07,1320
925,2511,2024-10-20,2455
926,4015,2023-05-15,640
927,2483,2024-07-17,2414
928,2434,2025-07-16,3183
929,1215,2024-03-06,596
930,4332,2024-05-29,454
931,2794,2023-02-08,2046
932,2277,2024-04-06,901
933,18,2023-07-11,216
934,3016,2023-11-05,2716
935,1288,2025-05-21,448
936,2224,2023-05-22,1211
937,1282,2023-11-12,1531
938,164,2024-01-23,30
939,869,2024-01-18,2796
940,2901,2025-04-25,1662
941,1030,2023-03-06,1762
942,1342,2024-10-19,2236
943,3839,2024-12-24,2223
944,3219,2024-10-12,3413
945,4336,2024-06-07,1843
946,3763,2023-04-24,1517
947,622,2025-09-28,1847
948,3399,2025-06-30,2114
949,2595,2024-04-25,1241
950,2261,2024-05-19,2611
951,4119,2024-09-17,934
952,4080,2024-05-20,1078
953,2739,2023-09-29,1793
954,286,2025-05-29,3134
955,1701,2024-04-29,853
956,4192,2023-11-11,2717
957,2075,2025-04-09,3267
958,1306,2023-01-12,1634
959,4236,2023-04-30,1317
960,659,2025-09-05,2030
961,4586,2023-04-18,1768
962,939,2024-07-26,3350
963,3001,2023-10-11,2646
964,4784,2024-02-28,1450
965,2606,2025-06-04,1887
966,803,2024-05-26,2673
967,2096,2024-01-09,76
968,4278,2025-09-27,1962
969,2079,2024-03-25,2607
970,4034,2025-07-24,3245
971,2777,2025-04-10,2224
972,974,2025-02-02,1913
973,826,2024-04-29,2139
974,3680,2023-02-16,3250
975,4709,2025-08-22,662
976,1465,2023-01-16,3504
977,3431,2025-06-07,3066
978,2082,2025-04-16,996
979,3763,2023-08-23,158
980,4567,2025-09-27,1545
981,580,2024-08-09,1589
982,4841,2023-01-04,2244
983,3769,2023-03-08,2748
984,1370,2023-06-18,266
985,1479,2024-10-31,1910
986,3478,2023-04-04,2499
987,3885,2023-02-25,2423
988,3120,2024-12-18,1029
989,42,2025-03-24,2808
990,2196,2023-10-02,1457
991,4744,2024-05-14,361
992,1380,2023-12-30,1535
993,1776,2025-02-25,1326
994,1831,2023-02-05,2911
995,4343,2023-02-03,246
996,4153,2025-08-05,2331
997,2410,2024-06-23,1189
998,1626,2025-07-03,1401
999,3032,2024-05-15,1861
1000,1029,2023-05-05,644
1001,2312,2023-04-23,3169
1002,1942,2025-02-03,1392
1003,1149,2023-06-12,2117
1004,2344,2024-07-25,1775
1005,2191,2024-10-07,3242
1006,572,2024-04-22,2468
1007,785,2024-12-14,1991
1008,459,2025-06-01,1978
1009,4489,2025-07-04,2356
1010,491,2025-09-11,2661
1011,4076,2023-05-24,1310
1012,4680,2025-05-20,3410
1013,4052,2023-03-17,2648
1014,4487,2023-09-07,600
1015,1551,2024-12-10,2888
1016,3755,2024-11-26,2231
1017,495,2024-12-09,2326
1018,578,2024-10-21,1595
1019,1431,2023-09-14,2283
1020,4341,2024-05-09,1038
1021,2852,2024-02-03,3233
1022,3883,2023-07-28,2275
1023,3882,2024-01-22,1014
1024,1255,2024-10-25,2415
1025,4625,2024-03-30,1083
1026,2946,2024-10-05,212
1027,2916,2025-09-19,3212
1028,4594,2024-03-18,2271
1029,1442,2023-10-31,1577
1030,1834,2024-07-03,3215
1031,2286,2024-11-11,999
1032,4031,2024-02-29,924
1033,688,2024-08-15,348
1034,864,2024-04-21,1776
1035,4473,2025-07-17,939
1036,350,2023-09-22,1644
1037,3049,2025-03-06,1372
1038,1506,2024-03-15,3197
1039,2961,2024-08-08,3429
1040,3090,2023-10-02,1701
1041,2511,2023-10-06,355
1042,112,2025-01-25,1287
1043,196,2023-05-17,1313
1044,4158,2024-04-28,3026
1045,4944,2023-07-31,1495
1046,1181,2024-02-10,785
1047,4970,2023-01-14,1356
1048,2035,2025-05-11,2887
1049,3736,2025-03-07,2
1050,3432,2025-08-31,102
1051,2043,2024-12-28,1151
1052,3799,2025-07-03,131
1053,4782,2023-11-10,2448
1054,4713,2024-06-09,2907
1055,2260,2023-02-18,3397
1056,661,2025-05-16,1398
1057,4484,2024-04-22,1796
1058,995,2024-06-01,2062
1059,4802,2024-06-19,3408
1060,1382,2023-07-04,3283
1061,479,2023-08-05,2589
1062,673,2023-10-05,3236
1063,3459,2023-10-18,1193
1064,3027,2024-03-31,504
1065,787,2023-10-13,809
1066,4658,2023-09-19,2424
1067,1251,2025-04-30,409
1068,2926,2024-10-18,3476
1069,2537,2023-02-21,3292
1070,620,2024-09-18,56
1071,958,2025-02-23,1588
1072,595,2024-03-17,2721
1073,4510,2023-06-10,49
1074,66,2024-09-23,1486
1075,2183,2024-01-19,3121
1076,4410,2025-06-14,2916
1077,392,2023-01-07,1071
1078,2140,2025-07-18,3
1079,1016,2023-06-24,3072
1080,4115,2024-03-04,1866
1081,4000,2023-10-19,1980
1082,4473,2025-08-04,1993
1083,2892,2024-03-18,865
1084,2858,2024-09-01,3385
1085,2038,2024-12-13,1462
1086,4247,2023-08-23,2393
1087,595,2023-01-12,1375
1088,268,2025-07-10,136
1089,1559,2023-10-22,1875
1090,1333,2024-06-15,3384
1091,3627,2024-11-11,1202
1092,3186,2023-05-30,3451
1093,428,2024-06-12,1830
1094,3952,2023-04-16,1498
1095,3713,2024-08-17,347
1096,4680,2025-06-22,2335
1097,1052,2023-06-15,2931
1098,3966,2025-02-19,1359
1099,3011,2023-06-18,2104
1100,1057,2023-06-18,2822
1101,1861,2024-11-07,2063
1102,1790,2023-01-06,1012
1103,1664,2023-04-27,2492
1104,4850,2023-11-01,3469
1105,2931,2024-05-28,1221
1106,1565,2023-01-13,105
1107,982,2024-05-06,1930
1108,3754,2024-01-22,1578
1109,2545,2024-04-28,3421
1110,279,2024-05-26,633
1111,1436,2025-08-23,789
1112,2238,2023-07-03,2699
1113,4265,2023-01-08,1908
1114,299,2024-07-25,3497
1115,2,2025-05-09,288
1116,1450,2024-04-01,2091
1117,2991,2023-10-19,2204
1118,1041,2024-04-14,506
1119,2594,2024-05-06,517
1120,4794,2025-09-23,3271
1121,438,2025-05-24,593
1122,1293,2024-12-14,500
1123,2731,2024-11-07,242
1124,3151,2023-04-11,125
1125,873,2023-09-29,3002
1126,1828,2024-03-06,70
1127,4101,2023-03-15,2856
1128,118,2025-02-13,1060
1129,954,2023-08-11,1155
1130,4978,2024-03-15,549
1131,4250,2024-03-03,2087
1132,3379,2024-09-02,2939
1133,1445,2025-01-13,2905
1134,1394,2025-02-24,2897
1135,2163,2024-11-27,1862
1136,3569,2023-12-31,1943
1137,1740,2023-12-01,3064
1138,3055,2023-01-11,564
1139,4010,2023-09-06,1046
1140,4109,2023-08-26,3392
1141,3125,2024-12-08,2596
1142,4408,2024-07-02,141
1143,4189,2023-02-13,1772
1144,500,2024-04-24,1409
1145,1720,2025-02-05,66
1146,486,2025-05-11,3223
1147,3512,2024-02-23,2346
1148,2012,2024-01-01,1423
1149,1187,2024-05-11,1946
1150,323,2024-08-27,2347
1151,1922,2023-09-21,1300
1152,31,2025-04-14,1917
1153,4113,2025-09-21,2616
1154,4421,2024-06-05,2837
1155,3390,2024-02-04,1453
1156,2566,2025-02-28,2553
1157,932,2024-06-12,2985
1158,1637,2024-08-20,2134
1159,1908,2025-06-13,2576
1160,2061,2024-11-27,2676
1161,4161,2025-08-31,128
1162,3999,2024-11-06,2153
1163,174,2023-08-21,1655
1164,3356,2024-08-27,539
1165,1779,2024-03-11,3279
1166,3776,2023-07-29,838
1167,4810,2025-01-28,3488
1168,1686,2023-02-23,2647
1169,4753,2025-08-04,1550
1170,2959,2025-01-19,298
1171,440,2024-08-08,1683
1172,2807,2024-01-25,1000
1173,2365,2024-02-26,291
1174,3640,2024-11-18,3071
1175,156,2024-01-21,1011
1176,4402,2024-10-31,2964
1177,4392,2024-08-24,1329
1178,323,2025-08-20,3059
1179,333,2025-05-01,1658
1180,1899,2025-05-13,239
1181,4976,2024-08-07,2934
1182,4153,2023-09-10,1130
1183,4530,2025-09-25,1845
1184,4413,2023-09-01,294
1185,4609,2024-07-12,1602
1186,2924,2023-01-09,1827
1187,2744,2025-02-15,85
1188,2555,2023-01-29,65
1189,1878,2025-06-18,2577
1190,1952,2023-12-17,97
1191,412,2024-04-09,956
1192,1538,2025-05-06,153
1193,3865,2023-06-04,2359
1194,2445,2023-08-10,736
1195,4759,2024-02-06,2618
1196,12,2024-02-10,1263
1197,1486,2023-11-28,1956
1198,1131,2025-04-23,1784
1199,2278,2024-06-03,1352
1200,603,2025-06-10,1172
1201,2924,2024-04-12,1966
1202,3905,2023-08-10,1998
1203,2628,2025-03-19,907
1204,2322,2023-01-12,1896
1205,4746,2025-06-11,2438
1206,2183,2024-10-23,1809
1207,3552,2023-02-11,3291
1208,632,2023-07-02,3081
1209,3145,2025-01-20,561
1210,3977,2025-05-08,3368
1211,4166,2025-05-11,530
1212,735,2024-03-22,2709
1213,2342,2024-09-15,1795
1214,1915,2024-09-30,1985
1215,2494,2023-10-19,1733
1216,2433,2025-02-01,1010
1217,3677,2024-02-09,1653
1218,1029,2025-01-08,2126
1219,2241,2024-07-04,2196
1220,4802,2024-11-06,2071
1221,690,2025-02-21,1170
1222,463,2025-08-30,20
1223,1738,2024-08-09,2398
1224,944,2023-02-22,2418
1225,26,2024-04-14,1059
1226,2490,2024-07-05,784
1227,4083,2023-07-27,1165
1228,4671,2024-07-03,681
1229,1377,2024-08-01,1638
1230,2331,2025-08-08,1110
1231,4013,2023-12-29,703
1232,4345,2024-02-12,2818
1233,2950,2024-06-24,1306
1234,2596,2023-12-21,837
1235,976,2023-11-26,834
1236,3723,2024-06-20,894
1237,3204,2023-03-20,792
1238,2631,2024-03-09,1744
1239,2391,2025-09-05,1708
1240,4846,2023-07-07,2363
1241,3669,2025-02-07,2141
1242,602,2023-04-05,2878
1243,1050,2023-03-29,1412
1244,2549,2024-02-01,965
1245,4624,2024-07-18,98
1246,1767,2023-08-13,252
1247,1800,2023-12-23,1118
1248,2106,2023-01-28,1319
1249,4241,2024-03-20,227
1250,1623,2025-07-18,3100
1251,697,2024-05-26,1529
1252,3615,2025-02-25,2602
1253,4703,2024-04-15,1599
1254,850,2023-05-23,962
1255,1806,2024-12-27,3444
1256,3977,2024-12-21,3029
1257,2260,2023-09-10,3173
1258,19,2023-10-08,2516
1259,4055,2024-02-20,2579
1260,2314,2023-07-12,3288
1261,1597,2024-07-03,1344
1262,2045,2023-05-01,2909
1263,4649,2025-01-11,740
1264,99,2024-09-05,1669
1265,2810,2024-03-27,2459
1266,652,2024-02-19,426
1267,3119,2025-02-13,1050
1268,3703,2024-07-22,2757
1269,428,2024-04-01,3276
1270,4000,2024-01-29,1511
1271,2048,2023-06-24,3118
1272,4971,2024-08-06,42
1273,4424,2023-02-04,2804
1274,3249,2024-12-11,3243
1275,389,2023-09-07,3229
1276,4544,2023-10-08,494
1277,970,2025-06-21,660
1278,488,2023-01-29,2395
1279,2141,2024-07-12,2429
1280,364,2023-11-10,2705
1281,3661,2023-02-14,1066
1282,2452,2025-02-10,248
1283,3105,2023-10-03,1302
1284,894,2025-02-15,2977
1285,4796,2024-11-23,1404
1286,4439,2025-04-16,3450
1287,497,2025-07-22,2006
1288,4034,2023-05-09,2384
1289,4895,2023-02-20,1561
1290,3205,2024-05-17,2486
1291,3060,2025-06-10,1753
1292,958,2024-05-02,1828
1293,4705,2024-01-16,578
1294,773,2023-08-07,2119
1295,941,2023-11-17,6
1296,1311,2023-05-31,3054
1297,2172,2024-04-10,3045
1298,2046,2023-04-01,1340
1299,3800,2024-11-19,2555
1300,4199,2023-11-15,2518
1301,542,2023-06-18,8
1302,4908,2025-08-28,13
1303,2610,2024-11-04,2118
1304,2425,2024-06-13,2112
1305,958,2023-04-03,39
1306,3186,2025-05-12,848
1307,1646,2023-07-06,465
1308,4803,2024-06-28,2578
1309,4721,2023-12-22,1350
1310,1668,2023-05-27,1449
1311,4557,2025-09-26,866
1312,4226,2023-10-23,2581
1313,3587,2023-05-05,952
1314,259,2023-11-25,3407
1315,4480,2024-12-16,1455
1316,2406,2023-07-28,535
1317,2706,2024-03-28,778
1318,4859,2025-02-23,3388
1319,3473,2023-07-25,526
1320,211,2023-02-19,1365
1321,164,2023-01-02,2943
1322,2581,2025-05-30,507
1323,900,2025-07-25,520
1324,2454,2024-11-01,1709
1325,3434,2023-02-28,1291
1326,3985,2023-03-15,124
1327,1136,2024-02-17,2385
1328,3388,2023-01-21,2232
1329,3843,2025-02-25,1168
1330,518,2025-09-14,2436
1331,2171,2024-09-02,1857
1332,4206,2023-10-23,363
1333,3498,2024-06-10,3455
1334,2741,2025-07-26,3297
1335,1653,2023-01-03,2163
1336,2945,2025-03-13,3154
1337,2778,2024-02-05,1479
1338,1234,2025-07-19,2918
1339,243,2023-01-18,493
1340,1406,2024-07-22,3022
1341,1071,2025-03-31,1674
1342,2575,2024-05-27,547
1343,952,2025-05-14,1090
1344,2480,2025-03-09,3067
1345,1231,2024-07-09,3115
1346,232,2023-07-31,3496
1347,3470,2023-05-14,993
1348,3107,2023-12-15,800
1349,2880,2025-06-29,1152
1350,584,2023-11-03,1555
1351,56,2025-03-07,148
1352,3758,2024-09-12,279
1353,2050,2023-11-02,2351
1354,4277,2023-11-05,3065
1355,3735,2024-08-28,1935
1356,3695,2024-01-04,1803
1357,2762,2025-09-29,3046
1358,2122,2025-07-04,1716
1359,1528,2023-06-22,2390
1360,1279,2023-12-18,2122
1361,4348,2024-07-11,1463
1362,2718,2025-05-17,2217
1363,1247,2023-03-25,2820
1364,3528,2025-03-22,1267
1365,3111,2023-07-23,194
1366,1806,2023-03-23,73
1367,936,2023-05-07,2216
1368,1289,2024-04-17,1552
1369,1275,2025-08-14,116
1370,4275,2024-01-29,2440
1371,3072,2024-12-09,2397
1372,1868,2024-10-05,3116
1373,3044,2024-09-17,2703
1374,611,2023-09-29,2243
1375,2691,2024-08-21,2806
1376,4624,2025-02-21,3391
1377,638,2025-07-20,981
1378,4513,2023-05-20,3506
1379,4026,2024-11-21,3452
1380,4610,2024-07-07,2529
1381,4808,2025-01-30,2061
1382,3622,2023-09-02,3005
1383,3512,2023-05-13,427
1384,3059,2023-02-25,2860
1385,3495,2024-09-11,1028
1386,4900,2023-07-11,579
1387,4091,2025-07-09,2847
1388,2567,2025-06-29,1288
1389,4270,2023-01-21,2016
1390,3759,2023-08-09,1989
1391,1210,2025-03-10,2662
1392,1854,2023-07-08,2127
1393,2215,2023-09-12,2613
1394,3024,2023-01-16,2079
1395,583,2023-11-11,2881
1396,3165,2024-11-05,1483
1397,4913,2025-06-01,2461
1398,1150,2023-11-25,509
1399,2916,2025-05-07,814
1400,3082,2024-02-22,1406
1401,4060,2023-06-10,495
1402,1683,2023-12-20,2339
1403,4958,2023-07-26,1347
1404,3983,2025-01-14,721
1405,3130,2024-04-11,1700
1406,4753,2024-07-09,2817
1407,4794,2025-02-28,3208
1408,3351,2023-10-23,2747
1409,1876,2023-10-01,2011
1410,1684,2023-07-21,985
1411,1896,2024-04-29,1661
1412,906,2024-06-26,2827
1413,4779,2024-11-05,1761
1414,1992,2025-09-09,2538
1415,4128,2023-11-04,2471
1416,1154,2024-04-29,2411
1417,1880,2023-12-20,3364
1418,4610,2024-11-18,861
1419,1797,2025-04-04,995
1420,4383,2025-09-05,1136
1421,3719,2024-11-08,3257
1422,788,2023-11-30,735
1423,1413,2023-10-24,2245
1424,706,2025-04-24,259
1425,544,2025-02-07,316
1426,4384,2025-06-01,1186
1427,3794,2023-08-06,3319
1428,3439,2023-02-03,3182
1429,2039,2024-03-03,3335
1430,3672,2023-01-06,828
1431,3618,2024-12-23,1544
1432,4247,2025-06-04,795
1433,4214,2025-07-29,1204
1434,4363,2024-11-22,1573
1435,1744,2024-10-14,839
1436,2582,2024-06-17,2797
1437,1397,2023-02-07,1147
1438,1193,2024-10-30,1357
1439,1094,2025-01-19,1745
1440,1234,2025-07-10,2556
1441,2963,2025-01-31,2199
1442,834,2024-05-17,1730
1443,900,2024-05-16,2565
1444,1689,2025-09-17,3248
1445,2815,2024-03-28,342
1446,4231,2024-12-28,793
1447,1893,2025-09-25,77
1448,3783,2025-04-10,2206
1449,1450,2023-06-22,2155
1450,14,2024-08-12,658
1451,1939,2024-07-27,2639
1452,2292,2023-09-02,613
1453,2453,2023-11-06,836
1454,4984,2023-11-10,1316
1455,878,2025-09-21,976
1456,3854,2025-01-03,1
1457,3783,2024-09-03,161
1458,2318,2025-02-24,2706
1459,888,2025-09-03,783
1460,2814,2024-05-04,1833
1461,4336,2024-04-06,1536
1462,476,2023-10-07,310
1463,3197,2025-01-17,1557
1464,1411,2024-03-30,2587
1465,3872,2024-01-01,2719
1466,509,2024-12-13,1564
1467,3960,2025-04-21,1023
1468,3670,2024-12-28,1465
1469,3500,2023-06-18,2382
1470,3673,2023-03-06,2088
1471,1073,2025-02-17,3132
1472,4067,2023-03-31,1052
1473,4002,2024-03-25,455
1474,3905,2024-02-06,1276
1475,2072,2025-02-02,2152
1476,3415,2024-07-16,2821
1477,963,2023-10-30,923
1478,757,2025-03-31,1451
1479,3985,2023-01-10,262
1480,89,2025-06-10,1271
1481,40,2024-03-26,1567
1482,1052,2023-12-22,413
1483,3768,2023-01-29,3494
1484,2502,2024-02-28,3205
1485,1293,2024-11-09,1068
1486,1790,2024-03-12,2272
1487,4069,2023-10-03,2608
1488,4115,2023-01-21,3163
1489,2642,2023-10-07,3189
1490,3124,2023-02-13,79
1491,196,2025-02-14,87
1492,3130,2025-08-01,1318
1493,3041,2023-04-11,1781
1494,3406,2024-07-24,2484
1495,4405,2024-11-01,2725
1496,1462,2024-02-06,1431
1497,3968,2025-01-30,3193
1498,3023,2024-12-11,754
1499,4606,2023-03-11,3399
1500,3646,2023-11-07,27
