id_komentarza,nr_isbn,id_osoby,ocena,tresc,data_dodania
1,978-1-335-26803-7,6891,1,Posiłek kilometr na zewnątrz mój Pan mąż szkolny.,2025-07-27 02:15:07
2,978-0-640-52376-3,4391,6,Dawać św. zwolennik koszula śmiech poduszka oddział.,2025-02-07 03:19:52
3,978-0-473-20513-3,1,6,Azjatycki książę zajmować się idea krzew.,2025-07-24 00:36:45
4,978-1-62304-086-4,8238,10,Studiować duży prawda noga termin.,2025-02-15 16:09:26
5,978-1-4495-3772-2,8553,1,Siła surowy sala drzwi Unia Europejska życie.,2025-09-19 07:16:43
6,978-1-122-88143-2,4254,2,Anglia pieśń wnętrze łatwo minuskuła.,2025-11-28 09:37:45
7,978-1-373-86164-1,8065,2,Wrażenie wielkość przyprawa wobec Polak.,2025-10-09 17:13:57
8,978-0-439-65138-7,8882,7,Przepis następować uśmiech osiągnąć danie Azja artysta.,2025-05-25 04:35:39
9,978-0-281-23756-2,735,7,Dotyczyć sześćdziesiąt barwa ćwiczenie wódka but nazywać wiadomość.,2025-08-13 13:12:05
10,978-1-884599-54-5,3104,8,Autobus użyć lotnisko przynieść stracić ocena.,2025-06-17 07:10:48
11,978-0-603-39491-1,1840,3,Dzisiejszy efekt na przykład naturalny wspólny krótki organizacja leczenie.,2025-02-27 06:38:04
12,978-0-927497-56-5,8234,3,4 chcieć sytuacja byk zbiornik.,2025-02-22 15:27:11
13,978-0-12-477034-8,8397,6,Pomieszczenie zbiornik pojawić się umysł należeć.,2025-01-21 03:00:41
14,978-0-260-56112-1,3592,8,Północ pojęcie gazeta jasny.,2025-08-29 12:24:17
15,978-0-7096-5778-1,8950,4,Strach odkryć tysiąc słaby.,2025-02-18 07:23:07
16,978-1-04-824101-3,5807,3,Dolina szwedzki walka sztuka obraz.,2025-12-02 23:35:21
17,978-0-210-87830-9,2335,8,Otworzyć gwałtowny te narkotyk.,2025-03-14 23:17:31
18,978-0-289-67856-5,9294,5,Wyścig istnieć większy.,2025-09-15 22:52:32
19,978-1-74769-487-5,6942,1,Godzina Włochy wszyscy.,2025-09-09 16:25:10
20,978-1-04-874583-2,4332,1,Dobrze fizyczny dorosły ciepło szwedzki ładny Słońce.,2025-05-01 14:11:09
21,978-0-326-37705-5,7024,8,Klucz odmiana dostęp rozumieć materiał sto.,2025-08-02 19:25:44
22,978-1-140-96730-9,7802,1,Właściwość chwila okropny większy cichy należeć świat matematyka.,2025-01-23 22:03:48
23,978-0-09-500680-4,4578,4,Przyszły artysta ozdoba wybuch trudność urodziny poruszać.,2025-03-09 18:53:15
24,978-0-437-97004-6,8684,5,Świnia sztuka sala.,2025-03-03 17:03:03
25,978-1-5421-2706-6,4674,8,Pismo zamiar dodatek pomagać chwila ręka Rzym kolacja.,2025-05-09 04:54:57
26,978-0-551-23500-7,9745,4,Rzeka las jednostka tajemnica masa.,2025-09-22 01:25:56
27,978-0-213-51849-3,6609,2,Szeroki artykuł kolejny pamięć szkoda nauka telefon gleba.,2025-11-05 12:16:37
28,978-1-380-95556-2,7074,6,Nasz fizyczny 60 związać.,2025-02-04 21:58:36
29,978-0-7688-9720-3,8962,3,Środek wiara te układ pływać posiłek naturalny urodzić się.,2025-07-09 15:46:57
30,978-0-368-89741-2,513,9,Państwowy ich bogaty Szwajcaria.,2025-02-20 17:03:04
31,978-0-7224-4400-9,812,1,80 położyć dzięki mi przestać zajmować się rejon budowla.,2025-01-25 14:42:36
32,978-1-993967-51-8,2751,2,Służyć sędzia bohater 2 władza.,2025-04-04 22:41:05
33,978-0-436-40676-8,7028,2,Niemiec nazwa piąty wyrok oddać wino konstrukcja twarz.,2025-01-22 11:20:18
34,978-1-341-34456-5,549,7,Śmierć dziś św..,2025-12-03 13:57:38
35,978-1-69020-989-8,8946,8,Dół idea gotowy uprawiać wprowadzać pomagać waluta.,2025-07-10 05:33:21
36,978-1-03-999217-7,123,8,Przed gołąb motyl poczta pająk gdyby 9.,2025-07-01 20:12:33
37,978-0-7401-8613-4,4435,6,Śmiech w wyniku moneta zakon góra poczta aby.,2025-07-05 09:24:04
38,978-1-71820-595-6,6076,5,Historyczny chłopak plaża być.,2025-05-15 01:52:53
39,978-1-09-549772-2,3662,8,Warzywo gniazdo nasienie pozostawać artykuł.,2025-04-18 18:25:30
40,978-1-106-47123-9,9193,1,Studia męski brzuch dopływ prostytutka.,2025-04-13 15:00:54
41,978-0-367-65527-3,907,6,Myśl stracić przeciwko oś dziewczyna mięso relacja święto.,2025-08-18 09:48:30
42,978-1-5376-1515-8,5794,3,Styczeń amerykański staw — plac Belgia rodzina płynąć.,2025-03-12 11:39:25
43,978-0-07-488146-0,4523,8,Krzew ten sam bić.,2025-05-29 07:20:30
44,978-0-237-68705-2,9442,7,Mierzyć bydło obowiązek hiszpański cichy wolny słownik.,2025-09-09 14:31:57
45,978-0-330-10027-4,4408,5,Gaz kawa wąż termin prawdziwy otworzyć wąski.,2025-11-14 08:58:31
46,978-1-66611-074-6,2167,2,Energia nawet zajęcie księga.,2025-10-16 05:10:35
47,978-1-950725-58-8,5468,9,Poruszać Się cały pokój napisać luty pracownik.,2025-11-01 15:27:37
48,978-1-70881-236-2,7633,2,Krzesło podłoga region wpaść gałąź pierwszy szczęście.,2025-06-27 14:32:26
49,978-0-939816-71-2,4752,1,Patrzeć angielski muzyk żeński intensywny długość roślina.,2025-04-21 21:34:52
50,978-0-503-26981-4,2149,7,Opieka lis prywatny gałąź sen.,2025-11-14 23:15:04
51,978-0-12-042691-1,5079,7,Zawodnik szczyt Słońce by przejść sędzia.,2025-05-08 00:11:38
52,978-0-620-15780-3,3920,6,Używać naukowiec kosz toponim.,2025-01-18 22:22:32
53,978-0-7005-6987-8,9940,9,Aż nawet wynik służyć.,2025-11-07 04:38:55
54,978-0-674-50911-5,5732,9,Wejście zmienić rządzić przyjemność znajdować.,2025-11-13 01:12:03
55,978-1-288-29558-6,6435,6,Głupek 1000 wcześnie posiłek.,2025-09-25 08:13:34
56,978-1-116-37953-2,5327,2,Sam szkolny podczas obraz powiat wcześnie słowacki cisza.,2025-01-23 09:09:59
57,978-0-644-24883-9,5590,4,Zapach fizyczny żyć wyrób.,2025-01-11 23:10:02
58,978-1-938089-35-0,1454,5,Zrobić morze wynik kamień spać.,2025-08-23 13:18:58
59,978-1-184-43611-3,1724,8,Królestwo naprawdę móc z działalność podstawowy sylaba.,2025-04-04 06:45:39
60,978-1-58949-151-9,4743,8,Budynek aktywny mama uzyskać wujek podstawowy.,2025-11-09 04:13:52
61,978-1-65486-184-1,3074,6,Deska mgła bydło oficjalny.,2025-01-05 20:54:13
62,978-0-251-73838-9,843,1,Smutny proces czy zły tytoń.,2025-06-10 15:04:06
63,978-0-10-191617-2,697,8,Chociaż gotować mieszkaniec organ tytuł rower małżeństwo.,2025-04-20 02:50:22
64,978-1-69259-785-6,2115,6,Brać nazwisko w. japoński plaża bogactwo.,2025-11-06 04:14:17
65,978-0-581-42659-8,8405,10,Nieszczęście wnętrze tu głupek zbudować przyjaźń dany analiza.,2025-12-04 06:13:12
66,978-0-415-28792-0,8516,7,Materiał współczesny ciągnąć port ciepły dokonywać.,2025-10-03 16:22:13
67,978-1-62328-110-6,3552,4,Gość ser norma Rosja naczynie.,2025-09-09 02:06:29
68,978-0-676-57097-7,9508,8,Wóz film miejski szeroki.,2025-06-13 23:50:24
69,978-1-85041-358-5,538,7,Spać dziać się gwiazdozbiór sowa ogień sukces atak.,2025-09-30 07:20:41
70,978-1-240-75615-5,465,1,Obowiązek te domowy przyprawa uważać sportowy listopad.,2025-09-23 12:22:29
71,978-1-347-68392-7,636,3,Hodować duński rasa przestać przeszłość główny kuchnia.,2025-06-13 00:15:43
72,978-0-15-007592-9,8572,9,Koszula firma ósmy świeży ręka minerał.,2025-08-08 16:36:03
73,978-1-238-59078-5,329,5,Dół lis fragment impreza ubranie tłum zakładać.,2025-06-03 12:52:08
74,978-0-485-35727-1,9419,8,Słodki przyjmować igła zeszły związek twarz.,2025-02-27 13:33:25
75,978-0-303-62311-3,9101,10,Szanowny oznaczać administracyjny pozbawić mózg my zaczynać.,2025-12-07 21:00:35
76,978-0-18-976193-0,1376,5,Dawać zamiast tak ryzyko we.,2025-02-16 19:19:44
77,978-0-534-20319-1,4368,10,Rak gwiazda płaszcz rozmiar Kraków otwierać rodzaj.,2025-05-11 08:56:58
78,978-1-323-42570-1,4274,2,Flaga urządzenie ciekawy reakcja strumień mur.,2025-01-05 16:14:45
79,978-1-63245-879-7,5684,8,Królowa substancja żywność telewizyjny Czechy chmura jadalny.,2025-01-06 18:29:50
80,978-0-14-053175-6,6491,2,Długo rozmiar wykorzystywać przyjaciel 3.,2025-02-19 19:26:46
81,978-0-266-05923-3,2686,2,Poza brzydki nagły zgodny nawet.,2025-09-01 08:00:48
82,978-0-203-25997-9,3432,10,Kosz jedenaście powinien dokonać.,2025-11-28 17:43:15
83,978-1-203-97544-9,9357,7,Jednostka studia informacja prezent język.,2025-04-13 18:00:25
84,978-0-284-08083-7,1567,10,Dar brzydki praca budzić kanał.,2025-11-16 11:32:57
85,978-1-79386-171-9,2632,9,Współczesny kilka wojsko ogromny mężczyzna grzyb wyglądać opowiadać.,2025-11-29 20:52:32
86,978-0-480-72708-6,6900,3,Bułgarski miły chęć alkohol okręt musieć.,2025-03-25 02:31:37
87,978-0-329-11002-4,785,9,Spadek tajemnica przyjmować nigdy ciekawy jeść.,2025-03-29 00:07:36
88,978-0-337-72900-3,8497,8,Element powodować stopa wrogość 20 cześć.,2025-06-05 22:23:05
89,978-1-156-63992-4,579,1,Teraz narzędzie morski wysoki pająk biedny.,2025-07-20 00:48:14
90,978-1-01-396229-5,5324,9,Kilometr informacja list gwiazda prawdziwy chyba.,2025-01-31 18:14:27
91,978-1-347-68392-7,6314,8,Nagle ośrodek azjatycki uważać.,2025-01-27 20:42:23
92,978-1-61114-511-3,8549,10,Wszystkie rasa granica przeciw pusty zachodni.,2025-04-21 17:01:38
93,978-1-267-24506-9,5994,8,Górny Turcja znajdować się który pokazywać widoczny jak.,2025-11-24 00:33:50
94,978-0-533-63932-8,9337,8,Być sygnał zatoka paliwo lecieć dokument treść.,2025-09-13 20:22:58
95,978-0-902145-71-9,6174,5,Przestępstwo oczywiście pytanie wokół.,2025-02-19 16:13:26
96,978-0-261-94450-3,7724,5,Wobec usuwać większość prawny.,2025-11-20 20:03:41
97,978-0-666-31924-1,4555,2,Szacunek połączenie trzymać.,2025-08-20 03:39:52
98,978-0-9852416-7-4,8283,5,Piasek francuski tamten muzyczny wydawać wypadek.,2025-09-06 00:49:44
99,978-1-06-411243-4,9316,4,Technika Boże Narodzenie odbywać się drzewo.,2025-08-05 00:56:59
100,978-0-302-89088-2,83,3,Kontakt rola użyć niewielki podać.,2025-10-03 14:59:16
