id_wypozyczenia,data_zwrotu
1,2023-08-19
2,2023-10-17
3,2025-08-29
4,2023-07-15
5,2025-09-18
6,2024-08-05
7,2025-01-21
8,2024-01-12
9,2024-06-01
10,2025-01-19
11,2025-09-29
12,2024-05-02
13,2023-06-18
14,2025-02-06
15,2023-05-06
16,2025-07-25
17,2025-01-29
18,2023-09-16
19,2023-03-30
20,2025-03-23
21,2023-03-26
22,2023-03-26
23,2024-09-01
24,2025-05-15
25,2024-01-03
26,2023-07-08
27,2023-09-08
28,2024-10-08
29,2024-02-06
30,2023-05-02
31,2025-03-13
32,2025-04-25
33,2023-04-15
34,2023-03-03
35,2023-05-22
36,2024-10-22
37,2023-11-01
38,2025-07-10
39,2023-10-07
40,2024-01-05
41,2023-08-12
42,2024-04-07
43,2024-10-18
44,2024-06-10
45,2025-01-01
46,2024-11-26
47,2023-01-15
48,2023-04-27
49,2025-07-25
50,2025-02-09
51,2023-05-29
52,2024-08-26
53,2024-08-09
54,2025-06-20
55,2024-08-09
56,2023-04-29
57,2023-02-01
58,2024-05-27
59,2024-01-20
60,2025-10-16
61,2024-03-11
62,2024-03-13
63,2024-03-10
64,2024-02-18
65,2025-06-10
66,2025-03-30
67,2024-09-08
68,2023-07-06
69,2025-07-27
70,2024-10-02
71,2025-01-28
72,2023-03-31
73,2023-04-18
74,2024-06-25
75,2024-12-03
76,2025-06-17
77,2023-11-11
78,2025-06-24
79,2024-04-19
80,2023-05-27
81,2023-12-22
82,2024-10-28
83,2025-09-27
84,2025-09-15
85,2024-10-21
86,2024-02-04
87,2024-01-20
88,2023-10-23
89,2023-12-27
90,2024-05-05
91,2023-12-16
92,2024-06-04
93,2024-03-29
94,2025-03-16
95,2024-02-11
96,2024-03-06
97,2023-05-24
98,2023-11-15
99,2023-06-15
100,2024-02-17
101,2025-03-12
102,2025-01-09
103,2024-02-01
104,2023-09-21
105,2024-01-23
106,2023-06-22
107,2024-01-06
108,2025-07-24
109,2025-10-18
110,2025-07-30
111,2023-01-30
112,2024-02-06
113,2025-06-15
114,2023-11-22
115,2023-04-23
116,2025-05-09
117,2025-10-08
118,2025-10-08
119,2023-04-23
120,2023-08-26
121,2023-11-17
122,2023-03-07
123,2023-09-18
124,2024-06-21
125,2025-05-23
126,2024-08-23
127,2024-02-02
128,2025-01-27
129,2024-02-22
130,2024-09-19
131,2023-05-15
132,2023-07-11
133,2025-06-09
134,2023-02-02
135,2023-11-11
136,2025-10-14
137,2023-10-03
138,2025-05-14
139,2024-04-25
140,2024-09-14
141,2025-08-19
142,2023-05-16
143,2023-03-13
144,2024-05-15
145,2023-12-23
146,2024-09-07
147,2025-10-16
148,2024-03-29
149,2023-09-29
150,2024-07-16
151,2024-04-09
152,2025-01-06
153,2023-01-17
154,2025-04-03
155,2025-10-07
156,2023-05-02
157,2024-11-16
158,2023-08-09
159,2023-04-06
160,2023-02-15
161,2025-01-25
162,2023-03-19
163,2024-02-05
164,2024-06-13
165,2024-01-15
166,2025-09-30
167,2024-12-19
168,2024-04-28
169,2023-12-16
170,2023-11-18
171,2024-02-22
172,2025-01-18
173,2024-05-14
174,2025-09-23
175,2023-05-17
176,2023-03-28
177,2024-01-30
178,2024-02-02
179,2024-06-18
180,2023-09-14
181,2023-12-16
182,2024-08-26
183,2023-09-26
184,2025-01-18
185,2024-08-12
186,2023-01-28
187,2025-05-14
188,2025-02-25
189,2023-04-08
190,2024-03-14
191,2025-06-26
192,2024-05-19
193,2023-06-26
194,2025-07-29
195,2024-08-26
196,2024-11-28
197,2025-02-28
198,2024-04-05
199,2024-12-03
200,2024-01-23
201,2024-06-17
202,2024-12-17
203,2023-07-28
204,2024-02-23
205,2024-05-31
206,2024-06-22
207,2023-10-07
208,2025-06-21
209,2024-06-02
210,2025-06-04
211,2023-09-21
212,2025-10-17
213,2023-03-30
214,2024-05-12
215,2023-06-16
216,2025-09-19
217,2024-08-05
218,2024-12-22
219,2025-05-19
220,2025-08-21
221,2024-04-02
222,2024-04-22
223,2023-07-23
224,2025-10-19
225,2023-11-25
226,2025-07-04
227,2025-06-10
228,2025-03-11
229,2024-08-17
230,2024-01-26
231,2023-08-31
232,2025-09-25
233,2023-08-31
234,2025-05-05
235,2025-06-10
236,2025-05-26
237,2025-09-27
238,2024-08-29
239,2024-05-18
240,2024-05-30
241,2024-04-19
242,2024-12-18
243,2025-03-28
244,2025-10-17
245,2023-07-28
246,2023-11-20
247,2025-08-18
248,2024-08-10
249,2025-07-09
250,2024-07-28
251,2023-11-08
252,2024-03-08
253,2023-12-13
254,2024-02-04
255,2023-09-02
256,2025-01-23
257,2024-05-28
258,2024-02-20
259,2025-08-16
260,2025-06-10
261,2023-12-01
262,2025-10-18
263,2023-10-23
264,2024-02-03
265,2023-10-21
266,2024-01-30
267,2025-02-28
268,2024-07-27
269,2024-02-19
270,2023-08-17
271,2025-05-28
272,2023-12-06
273,2025-06-03
274,2025-09-09
275,2024-01-19
276,2023-09-19
277,2023-05-16
278,2024-06-30
279,2025-08-30
280,2025-01-12
281,2023-04-21
282,2023-06-06
283,2025-10-17
284,2024-08-07
285,2023-10-18
286,2024-01-22
287,2025-03-11
288,2025-08-25
289,2024-05-20
290,2024-01-20
291,2023-08-05
292,2025-04-05
293,2025-07-06
294,2024-08-04
295,2023-05-21
296,2025-10-09
297,2025-10-17
298,2023-04-08
299,2023-06-04
300,2024-01-02
301,2025-09-19
302,2023-12-29
303,2024-06-15
304,2023-09-18
305,2023-09-28
306,2023-04-17
307,2023-05-12
308,2024-01-02
309,2025-01-19
310,2023-07-02
311,2023-12-11
312,2023-03-01
313,2025-09-17
314,2025-06-14
315,2025-02-28
316,2023-03-03
317,2023-10-20
318,2023-04-28
319,2025-08-13
320,2023-12-11
321,2025-01-26
322,2025-02-11
323,2023-11-09
324,2023-04-03
325,2025-01-01
326,2025-03-29
327,2024-04-15
328,2023-05-01
329,2023-06-16
330,2023-08-05
331,2023-11-26
332,2024-04-20
333,2024-07-02
334,2024-12-05
335,2024-11-22
336,2023-10-12
337,2023-10-02
338,2024-01-04
339,2023-12-19
340,2024-02-01
341,2025-05-15
342,2023-08-14
343,2024-08-18
344,2024-07-15
345,2025-04-19
346,2023-06-22
347,2023-10-19
348,2023-02-17
349,2024-12-07
350,2023-06-14
351,2025-07-12
352,2023-07-24
353,2023-09-01
354,2023-02-13
355,2025-07-04
356,2024-08-30
357,2023-04-14
358,2025-01-07
359,2025-07-07
360,2025-07-29
361,2024-04-21
362,2024-01-30
363,2024-08-15
364,2023-06-24
365,2025-06-22
366,2025-08-11
367,2025-08-30
368,2025-04-21
369,2024-04-12
370,2024-03-11
371,2023-11-06
372,2024-03-11
373,2024-02-19
374,2023-08-06
375,2024-03-19
376,2023-10-18
377,2025-03-05
378,2024-11-30
379,2025-01-06
380,2024-06-05
381,2023-03-12
382,2024-12-11
383,2023-05-10
384,2025-05-15
385,2024-11-28
386,2025-04-14
387,2024-07-04
388,2023-08-07
389,2023-05-07
390,2025-06-07
391,2024-02-27
392,2025-04-25
393,2024-01-24
394,2023-06-02
395,2023-06-02
396,2023-08-21
397,2025-06-04
398,2024-04-17
399,2025-09-04
400,2023-09-22
401,2023-10-09
402,2024-03-25
403,2024-10-02
404,2024-02-18
405,2023-06-03
406,2025-10-19
407,2024-11-23
408,2025-05-30
409,2023-06-04
410,2025-10-03
411,2024-01-24
412,2025-07-27
413,2024-12-07
414,2025-01-31
415,2023-04-16
416,2023-10-07
417,2025-08-26
418,2025-02-20
419,2024-07-19
420,2025-05-05
421,2025-09-25
422,2023-08-07
423,2025-10-19
424,2023-07-23
425,2024-02-25
426,2025-01-22
427,2024-01-17
428,2025-07-06
429,2023-09-27
430,2023-03-08
431,2024-11-27
432,2023-11-27
433,2023-10-08
434,2024-11-30
435,2025-02-16
436,2024-07-26
437,2024-12-07
438,2023-12-19
439,2024-06-10
440,2024-06-13
441,2024-08-31
442,2025-07-10
443,2023-03-09
444,2025-09-07
445,2023-05-07
446,2025-09-02
447,2024-04-15
448,2024-05-26
449,2025-05-15
450,2023-06-09
451,2023-12-24
452,2025-10-17
453,2025-02-06
454,2023-08-30
455,2023-02-11
456,2024-06-18
457,2023-06-09
458,2025-03-10
459,2024-03-10
460,2025-08-12
461,2023-06-15
462,2023-12-04
463,2025-04-16
464,2023-04-27
465,2024-12-28
466,2024-07-02
467,2024-09-02
468,2023-07-21
469,2025-06-09
470,2024-10-08
471,2025-09-02
472,2024-09-20
473,2023-10-16
474,2023-04-20
475,2023-09-30
476,2024-06-14
477,2025-08-17
478,2024-04-10
479,2025-02-23
480,2025-09-11
481,2025-03-26
482,2023-10-24
483,2023-02-03
484,2024-08-02
485,2024-02-08
486,2025-03-28
487,2023-11-25
488,2024-08-22
489,2024-07-10
490,2025-01-22
491,2024-02-26
492,2024-08-29
493,2025-03-10
494,2024-10-29
495,2025-06-28
496,2024-02-28
497,2025-01-13
498,2024-08-13
499,2025-06-02
500,2025-01-02
501,2023-02-26
502,2023-08-10
503,2025-10-17
504,2023-03-10
505,2023-03-29
506,2024-06-17
507,2023-04-25
508,2023-06-27
509,2023-05-16
510,2024-09-14
511,2025-07-25
512,2024-05-12
513,2024-12-11
514,2024-06-16
515,2024-12-04
516,2025-02-02
517,2024-10-31
518,2025-06-21
519,2024-08-30
520,2024-03-08
521,2023-02-21
522,2025-05-31
523,2024-06-12
524,2025-04-05
525,2025-03-23
526,2025-07-05
527,2025-09-30
528,2023-12-23
529,2025-04-22
530,2024-10-04
531,2024-09-17
532,2025-04-17
533,2025-08-19
534,2025-03-13
535,2025-06-15
536,2023-06-19
537,2023-04-26
538,2025-09-17
539,2023-10-07
540,2023-02-28
541,2024-11-30
542,2023-12-14
543,2024-05-24
544,2025-10-16
545,2023-05-04
546,2023-10-21
547,2025-05-06
548,2025-07-04
549,2025-01-31
550,2025-05-21
551,2025-10-15
552,2025-10-20
553,2023-02-26
554,2024-06-09
555,2025-01-16
556,2023-04-08
557,2024-03-30
558,2024-12-27
559,2024-06-27
560,2025-10-15
561,2023-10-13
562,2023-06-13
563,2023-07-28
564,2023-05-01
565,2025-03-24
566,2025-07-13
567,2025-02-04
568,2024-12-04
569,2024-08-13
570,2024-04-13
571,2024-06-08
572,2023-09-16
573,2025-06-15
574,2024-06-18
575,2023-09-24
576,2024-04-21
577,2025-09-26
578,2025-08-17
579,2024-07-03
580,2023-03-11
581,2024-10-12
582,2024-08-01
583,2025-10-16
584,2024-07-31
585,2025-04-27
586,2025-01-10
587,2023-11-27
588,2025-07-16
589,2023-10-14
590,2023-03-24
591,2025-05-18
592,2024-07-09
593,2024-08-17
594,2024-09-30
595,2023-09-05
596,2024-07-15
597,2023-04-10
598,2023-06-06
599,2024-02-24
600,2023-11-07
601,2025-09-14
602,2023-02-02
603,2025-03-13
604,2025-04-18
605,2024-09-08
606,2024-10-12
607,2024-12-08
608,2024-05-20
609,2024-11-26
610,2023-05-14
611,2023-06-01
612,2024-07-28
613,2024-04-05
614,2023-08-19
615,2023-06-06
616,2024-02-20
617,2024-03-17
618,2024-08-21
619,2024-06-17
620,2023-11-25
621,2023-04-15
622,2025-04-15
623,2024-05-15
624,2023-12-10
625,2023-02-18
626,2025-05-04
627,2024-10-16
628,2024-02-04
629,2024-03-31
630,2023-09-30
631,2024-01-15
632,2023-07-03
633,2024-02-02
634,2024-10-26
635,2023-11-10
636,2025-10-18
637,2024-06-29
638,2024-12-29
639,2024-01-29
640,2023-01-28
641,2025-03-07
642,2024-01-17
643,2024-12-24
644,2024-09-18
645,2023-08-21
646,2024-04-27
647,2025-02-10
648,2023-12-31
649,2023-08-28
650,2024-05-26
651,2023-05-16
652,2023-05-02
653,2024-08-10
654,2024-06-14
655,2023-11-16
656,2025-04-29
657,2025-06-25
658,2024-01-11
659,2023-07-08
660,2023-12-23
661,2023-10-07
662,2023-12-28
663,2025-04-26
664,2024-07-11
665,2024-09-05
666,2023-10-29
667,2025-02-15
668,2024-03-18
669,2024-02-11
670,2024-08-21
671,2023-10-11
672,2025-02-03
673,2023-07-24
674,2023-07-23
675,2024-07-31
676,2024-08-14
677,2024-08-26
678,2024-08-25
679,2024-12-17
680,2025-10-20
681,2023-04-05
682,2023-05-29
683,2024-02-17
684,2024-10-19
685,2024-01-24
686,2024-03-09
687,2023-03-12
688,2023-10-28
689,2025-06-27
690,2023-07-25
691,2024-04-03
692,2023-11-07
693,2023-04-25
694,2024-07-18
695,2023-08-14
696,2024-09-08
697,2025-03-22
698,2023-05-01
699,2025-04-10
700,2023-12-04
701,2024-04-01
702,2023-10-16
703,2025-07-17
704,2023-08-20
705,2023-09-07
706,2025-06-07
707,2023-07-24
708,2023-02-14
709,2023-10-08
710,2024-10-15
711,2025-03-18
712,2023-04-28
713,2024-01-11
714,2025-05-26
715,2024-10-05
716,2024-05-20
717,2024-12-21
718,2024-02-18
719,2025-04-15
720,2025-06-27
721,2023-11-18
722,2023-09-02
723,2024-01-05
724,2025-09-27
725,2025-04-26
726,2025-05-07
727,2024-03-22
728,2024-03-24
729,2024-06-16
730,2025-06-02
731,2023-02-15
732,2025-09-08
733,2024-01-15
734,2024-07-10
735,2024-01-03
736,2023-11-01
737,2024-03-30
738,2023-06-21
739,2023-11-23
740,2025-08-24
741,2025-09-16
742,2025-05-31
743,2024-10-29
744,2023-05-11
745,2024-06-18
746,2024-02-11
747,2023-01-22
748,2023-04-29
749,2024-11-15
750,2024-09-24
751,2025-10-09
752,2025-03-28
753,2024-04-26
754,2023-05-25
755,2024-08-03
756,2023-06-30
757,2025-02-05
758,2023-07-03
759,2025-07-15
760,2025-08-20
761,2023-09-22
762,2025-03-25
763,2023-10-27
764,2023-04-29
765,2023-04-07
766,2024-04-06
767,2023-12-17
768,2023-05-26
769,2025-03-12
770,2024-08-11
771,2023-02-28
772,2025-06-21
773,2024-05-24
774,2023-04-18
775,2023-07-17
776,2025-06-11
777,2025-03-08
778,2023-12-24
779,2024-02-21
780,2023-06-11
781,2024-12-26
782,2024-08-18
783,2024-06-19
784,2024-06-04
785,2023-03-25
786,2023-05-11
787,2023-11-27
788,2025-05-25
789,2024-07-17
790,2023-07-03
791,2025-05-31
792,2025-09-16
793,2023-10-06
794,2024-01-27
795,2024-10-16
796,2024-09-25
797,2023-11-22
798,2023-10-03
799,2024-05-22
800,2025-07-26
801,2024-12-07
802,2024-10-12
803,2025-01-11
804,2024-03-12
805,2023-06-04
806,2023-05-21
807,2025-08-06
808,2024-07-28
809,2024-05-06
810,2023-03-16
811,2025-09-05
812,2023-12-18
813,2023-03-26
814,2023-04-03
815,2024-10-17
816,2023-02-23
817,2025-08-01
818,2024-05-27
819,2023-08-16
820,2024-05-09
821,2024-09-09
822,2024-08-14
823,2023-05-14
824,2023-03-28
825,2023-09-17
826,2023-03-23
827,2023-05-03
828,2023-01-18
829,2023-03-20
830,2025-07-30
831,2024-11-23
832,2025-06-20
833,2023-11-09
834,2025-01-26
835,2025-07-08
836,2025-10-18
837,2023-06-16
838,2025-09-21
839,2024-05-26
840,2024-03-07
841,2023-10-11
842,2024-10-26
843,2024-05-23
844,2024-08-24
845,2023-09-08
846,2024-03-01
847,2023-08-26
848,2023-02-10
849,2023-12-02
850,2024-01-14
851,2023-02-12
852,2025-01-15
853,2023-02-06
854,2024-06-19
855,2025-09-01
856,2023-12-07
857,2024-09-18
858,2023-11-20
859,2024-06-28
860,2025-05-22
861,2023-05-29
862,2025-03-15
863,2023-08-17
864,2025-10-05
865,2024-07-12
866,2024-01-08
867,2023-04-12
868,2023-06-05
869,2024-11-25
870,2025-04-22
871,2025-10-08
872,2024-03-08
873,2025-05-31
874,2024-11-13
875,2023-07-05
876,2024-10-03
877,2023-03-17
878,2024-04-12
879,2024-06-07
880,2024-09-16
881,2024-01-19
882,2023-06-29
883,2024-12-14
884,2024-02-04
885,2024-11-20
886,2024-01-30
887,2023-07-05
888,2023-08-16
889,2025-10-16
890,2024-06-24
891,2023-03-20
892,2024-11-09
893,2023-09-21
894,2023-04-22
895,2024-12-20
896,2025-06-06
897,2023-05-20
898,2023-11-23
899,2024-04-10
900,2025-09-14
901,2023-09-27
902,2023-11-26
903,2024-05-01
904,2025-07-12
905,2025-03-09
906,2024-03-02
907,2024-11-21
908,2023-09-04
909,2024-03-24
910,2025-04-17
911,2024-05-20
912,2025-05-22
913,2023-11-28
914,2025-09-15
915,2024-09-07
916,2023-10-12
917,2025-07-21
918,2024-08-03
919,2023-05-31
920,2025-01-30
921,2025-02-21
922,2023-12-08
923,2023-11-20
924,2024-09-05
925,2025-02-25
926,2025-10-02
927,2024-10-16
928,2024-08-01
929,2025-01-17
930,2025-01-25
931,2025-03-21
932,2024-03-30
933,2025-03-14
934,2025-09-11
935,2023-10-05
936,2024-11-01
937,2024-03-27
938,2023-10-27
939,2023-10-30
940,2023-05-02
941,2025-04-09
942,2024-03-04
943,2024-03-05
944,2024-09-13
945,2025-05-29
946,2024-11-09
947,2025-05-04
948,2024-12-18
949,2023-02-23
950,2023-06-04
951,2023-09-09
952,2023-02-06
953,2025-07-12
954,2025-03-21
955,2023-12-31
956,2025-01-24
957,2025-08-02
958,2025-01-18
959,2024-12-16
960,2025-08-26
961,2024-06-11
962,2023-06-26
963,2024-11-16
964,2025-07-25
965,2023-07-05
966,2023-05-13
967,2025-01-07
968,2023-10-02
969,2025-07-06
970,2024-11-23
971,2025-02-16
972,2023-09-25
973,2024-09-13
974,2024-01-08
975,2024-08-28
976,2023-01-26
977,2025-08-29
978,2024-09-12
979,2024-05-17
980,2024-06-22
981,2023-09-08
982,2024-04-01
983,2025-04-08
984,2024-08-19
985,2025-08-21
986,2025-01-24
987,2023-06-07
988,2023-12-30
989,2025-02-18
990,2023-11-05
991,2023-03-14
992,2025-04-18
993,2025-06-27
994,2024-09-15
995,2023-05-12
996,2024-11-23
997,2024-07-27
998,2023-04-24
999,2024-09-14
1000,2025-06-06
1001,2025-04-01
1002,2024-06-13
1003,2023-02-11
1004,2023-05-22
1005,2024-11-08
1006,2024-02-11
1007,2025-02-13
1008,2024-08-25
1009,2024-10-11
1010,2024-06-10
1011,2023-09-10
1012,2025-03-25
1013,2025-10-16
1014,2024-07-04
1015,2024-04-21
1016,2024-12-19
1017,2024-11-12
1018,2025-04-07
1019,2025-05-08
1020,2024-10-23
1021,2024-01-02
1022,2024-04-20
1023,2025-10-15
1024,2024-11-20
1025,2024-06-02
1026,2025-09-17
1027,2024-05-20
1028,2023-05-20
1029,2025-02-15
1030,2023-10-29
1031,2024-10-09
1032,2023-12-14
1033,2025-02-15
1034,2024-03-15
1035,2024-04-02
1036,2024-04-19
1037,2023-06-15
1038,2025-08-12
1039,2025-05-17
1040,2025-05-09
1041,2024-06-16
1042,2025-08-24
1043,2025-08-06
1044,2025-05-06
1045,2025-06-07
1046,2024-05-04
1047,2023-08-01
1048,2024-05-10
1049,2023-07-18
1050,2023-10-26
1051,2023-03-01
1052,2024-05-06
1053,2025-04-08
1054,2023-10-25
1055,2023-07-23
1056,2024-12-19
1057,2024-01-11
1058,2025-10-09
1059,2023-06-08
1060,2024-05-25
1061,2025-07-04
1062,2023-07-29
1063,2024-06-12
1064,2023-05-08
1065,2024-08-03
1066,2025-01-26
1067,2024-05-22
1068,2024-11-16
1069,2023-12-19
1070,2024-03-31
1071,2024-01-18
1072,2023-01-31
1073,2024-08-15
1074,2024-07-26
1075,2024-12-05
1076,2023-12-09
1077,2023-06-17
1078,2025-09-03
1079,2024-09-23
1080,2024-10-22
1081,2025-05-18
1082,2025-08-28
1083,2025-03-27
1084,2024-10-06
1085,2025-03-30
1086,2025-10-14
1087,2024-03-07
1088,2024-03-20
1089,2023-12-30
1090,2024-01-01
1091,2024-12-11
1092,2024-10-27
1093,2024-09-03
1094,2024-09-06
1095,2023-04-23
1096,2024-03-11
1097,2023-08-03
1098,2023-02-27
1099,2025-07-15
1100,2025-10-08
1101,2024-02-11
1102,2023-03-28
1103,2025-04-27
1104,2023-04-30
1105,2025-02-26
1106,2025-08-15
1107,2025-01-05
1108,2023-04-14
1109,2023-11-04
1110,2023-10-03
1111,2024-08-31
1112,2023-11-24
1113,2025-02-18
1114,2024-01-31
1115,2024-07-31
1116,2025-09-15
1117,2024-04-30
1118,2024-12-26
1119,2023-02-18
1120,2023-07-18
1121,2023-06-04
1122,2024-03-28
1123,2024-03-08
1124,2024-09-26
1125,2024-08-25
1126,2024-02-27
1127,2023-11-12
1128,2025-08-07
1129,2023-04-10
1130,2023-05-12
1131,2023-12-23
1132,2023-11-16
1133,2024-01-09
1134,2025-02-14
1135,2024-08-21
1136,2023-09-03
1137,2024-06-26
1138,2025-08-17
1139,2024-05-31
1140,2023-03-20
1141,2024-07-06
1142,2025-10-09
1143,2023-12-12
1144,2025-04-22
1145,2023-08-02
1146,2025-08-28
1147,2023-03-12
1148,2023-11-28
1149,2025-06-30
1150,2023-10-13
1151,2024-07-28
1152,2024-08-29
1153,2023-07-18
1154,2023-04-04
1155,2023-08-16
1156,2023-04-26
1157,2024-10-08
1158,2024-03-25
1159,2025-05-06
1160,2025-03-31
1161,2024-08-09
1162,2024-12-02
1163,2025-01-18
1164,2025-03-20
1165,2024-09-12
1166,2024-06-07
1167,2023-03-15
1168,2024-10-09
1169,2024-12-19
1170,2025-09-06
1171,2025-08-01
1172,2023-07-31
1173,2025-06-28
1174,2024-10-17
1175,2024-03-28
1176,2023-03-21
1177,2024-08-23
1178,2023-12-31
1179,2024-03-27
1180,2023-12-25
1181,2023-06-20
1182,2024-07-22
1183,2025-01-29
1184,2023-05-08
1185,2023-08-02
1186,2023-07-23
1187,2023-05-24
1188,2024-08-20
1189,2025-07-07
1190,2024-03-24
1191,2024-02-08
1192,2024-12-25
1193,2023-09-24
1194,2023-04-02
1195,2024-12-08
1196,2025-03-29
1197,2023-12-16
1198,2024-04-16
1199,2023-04-05
1200,2025-03-28
1201,2024-07-13
1202,2024-01-23
1203,2023-11-28
1204,2024-02-02
1205,2024-12-18
1206,2025-09-11
1207,2024-03-29
1208,2025-01-05
1209,2023-10-26
1210,2023-07-02
1211,2023-06-23
1212,2023-06-23
1213,2024-04-04
1214,2024-11-01
1215,2024-10-09
1216,2024-02-28
1217,2025-06-21
1218,2025-03-21
1219,2025-04-20
1220,2024-05-15
1221,2024-07-07
1222,2023-04-30
1223,2023-07-26
1224,2023-02-07
1225,2023-12-08
1226,2023-10-13
1227,2024-10-09
1228,2025-10-16
1229,2025-01-29
1230,2024-06-22
1231,2024-04-11
1232,2023-12-23
1233,2023-04-03
1234,2025-04-10
1235,2023-03-16
1236,2024-12-06
1237,2023-10-10
1238,2024-06-14
1239,2023-12-20
1240,2024-04-22
1241,2023-06-21
1242,2024-05-23
1243,2023-05-29
1244,2023-08-29
1245,2023-12-27
1246,2024-11-04
1247,2025-09-28
1248,2025-08-16
1249,2023-03-26
1250,2025-07-23
1251,2025-06-10
1252,2025-09-24
1253,2024-08-17
1254,2023-01-12
1255,2024-01-06
1256,2024-10-25
1257,2024-02-19
1258,2023-02-22
1259,2025-07-09
1260,2024-07-31
1261,2024-03-29
1262,2023-11-21
1263,2025-05-25
1264,2023-02-09
1265,2023-07-30
1266,2024-11-22
1267,2024-01-05
1268,2025-03-28
1269,2025-07-26
1270,2024-03-25
1271,2023-08-28
1272,2023-04-19
1273,2024-02-28
1274,2023-02-28
1275,2025-05-12
1276,2024-12-23
1277,2025-03-03
1278,2023-05-08
1279,2025-01-24
1280,2024-01-04
1281,2025-07-06
1282,2025-06-23
1283,2023-09-29
1284,2024-01-13
1285,2023-07-18
1286,2023-04-26
1287,2023-04-20
1288,2023-09-18
1289,2023-10-16
1290,2024-02-14
1291,2023-02-19
1292,2023-10-12
1293,2023-02-28
1294,2024-05-17
1295,2024-03-03
1296,2024-12-26
1297,2025-09-10
1298,2025-07-24
1299,2025-08-11
1300,2023-12-30
1301,2023-05-17
1302,2025-10-11
1303,2024-11-09
1304,2024-10-26
1305,2023-04-29
1306,2024-12-24
1307,2025-03-18
1308,2025-01-29
1309,2023-06-30
1310,2024-11-29
1311,2024-11-19
1312,2024-03-06
1313,2025-03-14
1314,2025-04-02
1315,2024-01-05
1316,2023-05-31
1317,2023-01-20
1318,2025-02-15
1319,2024-09-20
1320,2025-10-01
1321,2024-06-13
1322,2023-10-29
1323,2024-03-11
1324,2024-01-26
1325,2023-09-23
1326,2023-12-24
1327,2025-07-15
1328,2024-07-06
1329,2023-12-23
1330,2023-12-13
1331,2025-05-27
1332,2025-02-28
1333,2024-12-28
1334,2025-09-25
1335,2024-04-04
1336,2024-11-18
1337,2023-10-18
1338,2024-07-06
1339,2024-02-25
1340,2023-12-11
1341,2023-10-26
1342,2024-10-15
1343,2025-09-07
1344,2024-12-27
1345,2024-09-10
1346,2023-03-05
1347,2025-09-20
1348,2023-04-19
1349,2023-09-04
1350,2023-05-24
1351,2023-08-13
1352,2024-10-26
1353,2024-02-18
1354,2024-12-25
1355,2023-12-24
1356,2024-02-11
1357,2024-06-27
1358,2025-04-13
1359,2023-11-13
1360,2024-05-06
1361,2025-10-20
1362,2024-03-22
1363,2023-02-23
1364,2024-10-20
1365,2024-02-29
1366,2023-05-08
1367,2025-10-20
1368,2024-02-21
1369,2024-12-11
1370,2024-08-04
1371,2023-11-08
1372,2023-07-12
1373,2025-02-03
1374,2025-01-09
1375,2024-10-09
1376,2023-12-10
1377,2024-01-29
1378,2023-09-03
1379,2025-01-04
1380,2023-07-09
1381,2024-06-14
1382,2025-05-14
1383,2025-03-13
1384,2024-09-13
1385,2023-03-04
1386,2024-03-20
1387,2025-02-22
1388,2025-04-22
1389,2023-05-30
1390,2024-08-20
1391,2025-03-29
1392,2024-08-06
1393,2024-02-10
1394,2023-06-23
1395,2024-07-22
1396,2024-07-25
1397,2023-08-28
1398,2025-09-02
1399,2025-01-04
1400,2025-01-29
1401,2023-04-18
1402,2023-06-13
1403,2024-03-08
1404,2024-03-08
1405,2025-07-04
1406,2025-03-23
1407,2025-07-04
1408,2023-11-14
1409,2025-07-12
1410,2024-04-29
1411,2024-12-19
1412,2025-09-27
1413,2024-12-03
1414,2024-05-29
1415,2023-03-03
1416,2024-09-19
1417,2023-06-09
1418,2025-07-09
1419,2024-11-10
1420,2023-11-29
1421,2024-10-24
1422,2025-09-03
1423,2024-11-20
1424,2024-12-18
1425,2023-08-23
1426,2024-12-24
1427,2024-04-07
1428,2023-01-28
1429,2023-09-25
1430,2023-03-31
1431,2025-07-18
1432,2023-08-20
1433,2023-05-10
1434,2024-05-19
1435,2024-09-26
1436,2023-12-25
1437,2025-02-15
1438,2024-09-03
1439,2024-08-23
1440,2024-08-16
1441,2025-01-22
1442,2023-02-08
1443,2023-07-04
1444,2024-03-08
1445,2024-12-03
1446,2024-10-26
1447,2025-05-19
1448,2024-02-09
1449,2024-10-24
1450,2024-04-19
1451,2023-07-02
1452,2025-03-25
1453,2024-01-31
1454,2023-05-04
1455,2024-03-08
1456,2024-04-18
1457,2023-10-28
1458,2023-05-16
1459,2025-01-02
1460,2023-07-03
1461,2023-03-27
1462,2023-10-02
1463,2023-03-27
1464,2024-12-14
1465,2025-07-27
1466,2025-01-23
1467,2023-08-27
1468,2024-09-01
1469,2025-04-29
1470,2024-02-29
1471,2023-02-16
1472,2024-08-27
1473,2023-10-05
1474,2025-03-27
1475,2024-08-28
1476,2024-10-03
1477,2025-07-06
1478,2025-08-27
1479,2025-02-05
1480,2024-05-24
1481,2023-04-06
1482,2025-07-11
1483,2025-01-28
1484,2025-06-30
1485,2023-02-17
1486,2025-10-19
1487,2024-06-06
1488,2023-12-30
1489,2023-08-06
1490,2024-12-14
1491,2025-09-19
1492,2025-06-30
1493,2023-03-15
1494,2025-08-09
1495,2023-06-08
1496,2023-01-31
1497,2023-05-22
1498,2024-05-03
1499,2025-01-24
1500,2024-05-16
