id_osoby,imie,nazwisko,plec,login,email,hash_hasla,sol_do_hasla,pytanie_pomocnicze,hash_odpowiedzi,url_profilowe,data_zalozenia_konta,aktywne
1,Andrzej,Gierak,NIEOKRESLONY,andgie24_1,arkadiuszjakobiak@example.org,0ba046da13fc36d9e7dc705f95c23a5bd1fcd9a419142958dc066c15ca10c828,fd5166e6-451b-4cf3-a123-fdf77656af72,Zawartość umożliwiać zadanie słowo pojawiać się.,796eb8e0dfffadbe48c79eefac6893fba0a1a4ab,https://placekitten.com/644/435,2025-03-11 14:14:51,True
2,Ewa,Piekart,NIEOKRESLONY,ewapie45_2,sebastian38@example.net,7c1aa125f7d36cc86d3f44f206e687b1946138c5427a49a568532c4b9a553f09,24933b83-7577-40a9-a491-f0b2ea1fca65,Śmiech czwarty płeć wynik gorączka.,fe58e28c0ed46a917f0ef6a86bb9c8679b470cd3,https://picsum.photos/1010/186,2021-11-17 04:53:55,True
3,Igor,Stein,MEZCZYZNA,igoste27_3,siwczakfryderyk@example.net,a6846dcd1b69e2c2edfc52f126ee093860405b46d5d3178398d1d5d07d75caa4,6c12ace8-ae34-4454-8ac5-b68c28f49481,Wychodzić kłaść przyjaźń ktoś minerał odczuwać przyjęcie.,c8de95ec1d0e71b5c5493f773b72b5c028e1b49f,https://dummyimage.com/696x228,2024-08-23 07:18:49,True
4,Damian,Chalimoniuk,NIEOKRESLONY,damcha79_4,nela28@example.org,6f63aea376ad0e07005cbd968e02ada26e765fd9d2024b48e0b3bfd376f0deac,e037e5ed-b8db-4672-b42d-47cc00d4af59,Pewny pozwalać towarzystwo posiadać dziewiąty strój płacić milion.,1cc03592807b97794c3f4cdbe90c942c50ef57be,https://picsum.photos/663/1000,2021-11-24 02:19:43,True
5,Olgierd,Kubaczyk,NIEOKRESLONY,olgkub64_5,adamkarlowicz@example.net,3755479325ca8b23f756f61fc665f0f148b658052bfbc1b658d8e4995bd77044,4eb93eff-ce88-4b2d-94e8-0839fc3e058b,Znak wrzesień oni lis.,ef7af46fd7b413fca3699a4bb04037cb86096486,https://placekitten.com/262/973,2022-05-08 13:37:30,True
6,Adrian,Amanowicz,MEZCZYZNA,adrama21_6,rozaliatatarczuk@example.net,493dc5cf57cb0d77e538cf514ace4c98914b04dfd2f8ddd7ea7e05a269600049,f6e07cc0-6c52-449f-9b49-bd26df57c59a,Kontakt egzamin srebro odcień broda.,dd6cc7a24900d404df92631ed579422fed9b12f5,https://picsum.photos/507/460,2023-10-27 22:21:13,True
7,Mateusz,Szczypiór,MEZCZYZNA,matszc74_7,matykastanislaw@example.org,6e41117bf8a3c045ffd835cce13193a97b3c74501cbd958c22d89d8abd94c9ee,38602ab6-96a4-42f2-bae8-cc938dcdcd03,Podnieść pożar aby pierwiastek.,4513fb9226d321f4432d99cc35bde8148b2ba8fc,https://placekitten.com/438/270,2025-10-20 16:55:33,True
8,Aurelia,Czak,NIEOKRESLONY,aurcza35_8,gkidon@example.org,e7adbc750b3f5b6f030cb880ba1ac831bc592ef4a3ac16d7d782222486289980,ceb81f9d-7914-4120-88dc-d19f3e351128,Włoski wspaniały zapalenie grupa zawodnik armia.,7437dffec8f313137534280b767002ede4746065,https://picsum.photos/694/223,2022-07-29 18:51:28,False
9,Patryk,Jałowiec,MEZCZYZNA,patjał67_9,marcelina31@example.com,001fe7adcee83bbd9b6b9ba90905417ed6983c6a5434476e88e559f19d5671e3,2ef91276-6c00-4f61-a3e2-fcb472d8567d,Twój tyle późno ja zawsze Australia klasa.,d321eb7d3244763e6b699cef8fc200d823d83c5f,https://dummyimage.com/985x437,2021-06-11 17:02:21,True
10,Karol,Bartłomiejczyk,MEZCZYZNA,karbar30_10,bsuchon@example.net,cb8326831b68a5bb853d359fed7e6194af18e04b5b468a1b82060af10419b73d,43e458fc-63f2-4e24-bc3d-3348008d4127,Jeżeli kierować niewielki Niemcy oraz łódź drzewo.,71bb72ae80588485ecd4c650174893508c43509a,https://placekitten.com/102/976,2025-06-18 16:30:07,False
11,Kornelia,Oszust,KOBIETA,korosz45_11,krzysztofkastelik@example.org,c53a20698a4e006be433b379ce98303f3695e23f82a33b519b900cd66374b049,d9f195d0-1482-4f53-8201-0c62f5f59b22,Zamek tył kapelusz gwiazdozbiór mówić.,05cbfd9128bb40347ce9ef9316de97387792d8ff,https://picsum.photos/647/534,2023-08-14 16:06:49,True
12,Ignacy,Żurawik,MEZCZYZNA,ignżur53_12,roza51@example.org,debacf7e3588ce4a24e9e08b6612653fa246e36653a8e955acfbe80e3a8810df,a53f8a28-abf3-43fc-a181-3d25655238a6,Gniew Polak pięć zewnętrzny służba główny środkowy.,16caccc9933f9b436fbb3c4730608dcfc53ad21d,https://dummyimage.com/500x756,2022-04-15 15:19:23,True
13,Borys,Goska,MEZCZYZNA,borgos58_13,grundbianka@example.com,d3cf70267fa613c4146fe6b3a267e7770b9e639099d83fe8f23a485de5934ba4,9c96e9ec-4d71-4366-b41b-31438b10550c,Pan ważny obszar godzina.,bbea00890d358e6a9f33e4303ddaecde2246060c,https://placekitten.com/557/577,2022-09-26 22:33:06,True
14,Nicole,Pytko,KOBIETA,nicpyt54_14,dorota74@example.org,3f8dbfbc1f21818391262bf490e82e6ee2123f13221133853c9a428a96876cf1,da587e8a-a25d-4b29-afff-cfd2341ef40b,Przestać odcinek ta sieć.,a72058bc04a88a61ffac75a24d27cbe5d471fea2,https://placekitten.com/536/330,2024-09-14 06:30:36,True
15,Jacek,Buchholz,MEZCZYZNA,jacbuc68_15,hajderkrystian@example.net,fe109c28b880d8882f01305865177efe4d7a1395ac72dc305ed538bf3c774870,1ca3c448-0279-46a6-8f97-97b06d7ce3c9,Impreza daleko nawet.,06fd6fd50c5d2ff1dbcb5b1537800655f714d2c1,https://picsum.photos/631/746,2023-12-28 05:03:24,True
16,Sara,Chojak,KOBIETA,sarcho20_16,vschubert@example.org,7fadb145b07e232161b148d093d70c3e63fbb5ba0f8a1e6ce387aa43881be307,5a8aaeca-1a50-4ec3-aabc-25fa3fe12e47,Pytać czekolada Unia Europejska poczta miejsce.,49b48dba9851b6645c8e514ddada39300848682f,https://placekitten.com/680/843,2023-01-21 13:33:26,True
17,Cezary,Sykut,NIEOKRESLONY,cezsyk89_17,suchoranatasza@example.org,bcd99e8253db28314c82737459432def3e5adebe12df5e9e5802479d6d3192a1,61ee411a-1bac-47a7-b386-f7a4c991603f,Piętro zwolennik tkanina matematyka zwłaszcza.,d48c82ece7a067d49835d45ce6c3cafe9b1c5fcf,https://dummyimage.com/395x816,2023-04-26 03:00:58,True
18,Krzysztof,Nijak,NIEOKRESLONY,krznij34_18,islowiak@example.com,02496d7eb07bd96cdc883641057aab7dbc78b6661188e7aecb68b6b2b331b591,8268690b-a438-45b5-99e4-b6714774bc58,Obszar tłumaczyć podobny.,0ea34e9649725a3f994a3172e2f7caa9e622355a,https://picsum.photos/543/78,2024-08-22 16:17:20,True
19,Tymoteusz,Klus,MEZCZYZNA,tymklu94_19,majewiczaurelia@example.org,b81e0342c46b5db95ca2e058e7e9f2b8922c66c6dfd5b661ce98c5c04efe0bde,9b3080d5-6fb7-4271-904d-281fc9535b63,Ta próbować typowy wynosić przyszły.,c7a927ab705cff9275de3deaa4c180c1eb00eba1,https://dummyimage.com/403x745,2021-07-16 22:29:30,True
20,Dagmara,Skierka,KOBIETA,dagski20_20,slonkaradoslaw@example.net,3450d53957e730ea43689408954d603669b5b563e8223521605d849ae378e903,d9178793-a9d3-42e6-905c-c6869f871ce7,Tracić wodny wysiłek przeciw mąż.,b8111be1fe17354d205ba87e108edab2d0db8d37,https://placekitten.com/776/356,2025-10-14 16:25:49,True
21,Krystian,Gołofit,MEZCZYZNA,krygoł58_21,nikodem69@example.net,d894697f1467e5095ea41fe9fdb5ef912ed686ade156a253e107eaf389421899,4dcabfb7-001a-4a8b-956f-03508c459ce2,Wymagać dział Francja polityka muzyk środa.,156c419ea9b761852f4e3e8e4796f664cebba258,https://placekitten.com/173/581,2023-10-18 22:18:53,True
22,Klara,Budych,KOBIETA,klabud91_22,artur32@example.org,817174a919d43996e2fda4bb64d856c50a49312b2df0a3f6bb45cc5f27a9f0e6,ac3c5640-3c20-492f-804a-96c4f3b63fe1,Położenie przemysł mgła.,91a66fd0604907e99e941f6116680d86b80ecc5b,https://placekitten.com/848/398,2024-03-18 12:22:35,True
23,Witold,Holewa,MEZCZYZNA,withol57_23,trokadominik@example.com,3f64c2186355324ffeb921c4f61f2fd7821559762d3990929a3d14f034090658,b00805cc-a7f3-4ae9-a5c7-3c443e75c3b4,Składać Się niechęć lekcja musieć pojazd.,743e60a851bbc39848fa80352d36129a58a23f16,https://dummyimage.com/934x273,2025-06-18 16:55:48,True
24,Konstanty,Gwizdek,MEZCZYZNA,kongwi95_24,uwardziak@example.net,3b9d60fc5d90fcffdaca1ee43060d19c28093065499d1fc60ca01c8a7d735a44,e4347d51-c158-4092-b335-cba3513a7052,Zimno specjalny ciągnąć krzyż podstawa naczynie.,aef4ad3515e8a944a3eab10e9e510f78610a28ad,https://placekitten.com/567/992,2022-12-24 20:19:53,True
25,Jacek,Żach,NIEOKRESLONY,jacżac97_25,jozef58@example.org,b00ddffd5291899cf1ff6798b52972827311b6309f4d29a049805d2024d101ce,3c07c574-4925-4af1-b6aa-e05b13d5f2f7,Pieniądz narodowy posiadać Francja.,a44bd80f8f410df271ece6802212204336d38db3,https://dummyimage.com/677x954,2021-06-22 23:44:05,True
26,Gabriel,Mazepa,NIEOKRESLONY,gabmaz91_26,blasikaurelia@example.com,fe7c0b711a0e91600a3c6353ab2581275d993d9a709955560d62deb7e0c3cafc,c51155ff-e7a3-4e81-a3b4-c08b6b8e869f,O rano Australia półwysep przebywać amerykański postawa.,c4ee7c449080bbb1dfe9d2b2655ee91640d7390a,https://picsum.photos/451/999,2023-04-08 12:23:55,True
27,Justyna,Smykla,NIEOKRESLONY,jussmy41_27,kgadzina@example.com,465c7911f5cf1d09b5a3a9f6fd43ef2deacf0af6ad028e0a0855506eff4aaef2,ab3b4d37-560c-45ee-a38c-254c076e2bba,Analiza rzucać byk łagodny.,2df578f5bc54e9dbd16437683a405ca171a65031,https://picsum.photos/171/877,2024-11-14 23:35:53,True
28,Justyna,Filas,KOBIETA,jusfil58_28,vslyk@example.com,a0e666d741ac9db917350e685efa3f93a829696dc702bdd1339bc88c753b1292,362f5e5c-53cd-4268-a10c-f37342999aa4,Narząd azjatycki piec biały kobieta.,19b90f6d0bafa11ac2f92c2ea87e9f6ca344746a,https://placekitten.com/716/459,2021-07-12 17:25:23,True
29,Maciej,Jakimiak,NIEOKRESLONY,macjak98_29,milewczykmarcin@example.org,af256646956d76fd887feef0c8afe617700c3266a5d5afd1b5c77e1dd3c4a083,33094d35-3f4d-4561-b319-c12507f194f9,Obcy miesiąc minuskuła wymagać.,54772499fd2a1057604cba3bb768e1577d658a23,https://placekitten.com/755/343,2021-12-02 09:03:22,True
30,Miłosz,Witoń,NIEOKRESLONY,miłwit51_30,aurelia66@example.net,be6dbef8d1075e0e1f0cff2c8dd617465ce5eea28d30f1e8d012573dd913c0d2,edcb8cb6-0692-4c63-9424-aed51bac5c15,Dobrze ciąża artysta kwiat handlowy.,8e45687fb1b5c07954f2597f073b4861009dd464,https://dummyimage.com/247x84,2025-06-23 17:13:53,True
31,Bruno,Pinda,MEZCZYZNA,brupin14_31,bartek67@example.org,85894d617467078ac3ef62abe670f501f024c6bf404117e31b0665a03793c3d6,a5c5650c-8186-4576-91a7-26095eddbbbf,Białoruski mózg abugida obrona dlaczego studia.,8192acbacb48b67b6a65fa76fe3df0f361a461c5,https://dummyimage.com/553x990,2024-08-25 19:39:16,True
32,Gaja,Hamerla,KOBIETA,gajham44_32,dawidkosc@example.com,91332ffbc9407c5924bc77b2c02408171268ef00659ddb519f84540eaabaed70,da09dfa0-5282-4d80-84b5-91f797ac6aa8,Prostytutka otwór profesor wyrażać owad.,8d0eb826e726d9e4470a8b979427c68b149bb5fa,https://dummyimage.com/998x434,2023-02-22 05:01:07,True
33,Alan,Marchlewicz,MEZCZYZNA,alamar82_33,dagmara08@example.org,da790e71b72e4d87a4b3b3f47fecd8592726b3b55661c0d917824c662bae2acf,e14eb70d-b380-473a-989d-9d4ae15ca666,Księżyc zazwyczaj wczesny organizm.,f2d8dad05f90c27f94613cc55d216ec6ee4e0dee,https://picsum.photos/1005/917,2021-09-26 15:25:38,True
34,Tymon,Wójcikiewicz,MEZCZYZNA,tymwój93_34,lidia88@example.com,04e20ad4c3958d52640edaa3a07ee5817c877a0a40fd789c4d12a10898c041fb,4e6384bb-3e49-4f43-b118-f68d6786d506,Graniczyć uczyć rano stracić gość łączyć.,0e5d90d352a333c5aa02ffa982e3b13d5efb6820,https://placekitten.com/646/244,2025-07-03 09:46:46,False
35,Elżbieta,Pawlaczek,KOBIETA,elżpaw92_35,uklimko@example.net,705e9f12f3049537298097ca69a3b1301a5a3447acbf8b4a6627f92c3f402807,bd1531c8-3764-4bda-b108-d4482f65fafa,Zwrot analiza wysłać dziadek piłka błąd wierny.,7a1071be5abb57224d6a93e5d32e98e6a7d0355b,https://placekitten.com/93/111,2023-06-07 04:09:12,False
36,Nataniel,Byra,MEZCZYZNA,natbyr43_36,kaszniabartek@example.net,3b988b5fb214caab757d67ef418e65409ca7e8b1a67fc3b704580ab400bf5ffc,7daa39f0-c0b6-4ce2-9e53-790aa34b6cf6,Naprawdę pierś włos robić lotnisko.,046811de2e83059bdc09f01367eceb8c0a893134,https://dummyimage.com/133x820,2021-07-29 16:50:01,True
37,Stefan,Broszkiewicz,MEZCZYZNA,stebro81_37,karol31@example.net,38ec3ad1ab1cb1f916c50d6729be3cd8bd4cad2f85aec088231f181a24f7969c,2631d00b-26d7-44d3-8db9-5301afbb411a,Otwierać wybierać jednak użycie przyjąć dusza.,721f0a4e428a06477696981677c06eb6ec677ead,https://placekitten.com/878/625,2021-06-16 15:57:49,True
38,Oskar,Husak,NIEOKRESLONY,oskhus84_38,szczerbiaktadeusz@example.org,cbc8024b9daa6582c944ae78a61c73f3bcbdcc430e381e78cd523eec3623ecc8,43bfd931-3605-4f54-a021-c0ca3531968d,Raz do przyjąć odległość kuchnia zbyt obrona.,e9dc5e1453f8e49ebc2a9eb04f6d3afcb86b50ce,https://placekitten.com/929/145,2022-12-06 18:12:24,False
39,Błażej,Szlachcic,NIEOKRESLONY,błaszl61_39,kajakazmierczyk@example.net,f724f137bdee1ddf9f87f3712d0f3e2cf648856699a7c4acb3ca7f0e8b8618a1,a9434aa0-96fc-434d-a003-cd28ca8f3653,Rzeczywistość odważny smutek owoc znać.,41f4be62391048fdf7e0acbe43d43a30738cdb1b,https://picsum.photos/591/899,2024-12-06 17:31:12,True
40,Mieszko,Ciuba,MEZCZYZNA,mieciu27_40,fmila@example.net,3c232750efbc145c2973b1edfd75cca6e12afe77e3f5b51807e5b3e95e1d41c2,45b1ed25-f153-4ae8-a70a-cc5cb321bf21,Mądry wizyta sobota.,8020d4998f45a86788903baa742ac11ec217d0e7,https://placekitten.com/468/42,2023-03-28 21:03:54,False
41,Stefan,Tatarek,MEZCZYZNA,stetat16_41,lbatog@example.net,211845d2641ff5c039b4e86576827e41877a7cea67b7c920d7fb1d2222d8c249,7872bdeb-2cd9-4cbb-819a-d58cc35b1c8c,Dziura potrafić szkoła wśród sieć zboże.,c5d7a2922a1eca9997d8c91050862454affc56d5,https://placekitten.com/675/843,2025-02-27 21:42:53,True
42,Julian,Kinal,MEZCZYZNA,julkin90_42,gawliczekdawid@example.com,e57dd5a8a1f972b678cfe63956a31b6e392305fb3ffd241707a892d8defb7e88,c2b01cfd-d045-4d1c-a684-09e3f1f8343e,Afryka tłumaczyć zamek zwykły spadać.,5c657d7885d7dae525c1f4df6914879bc11cb456,https://picsum.photos/946/846,2022-07-17 08:02:05,True
43,Eliza,Nalazek,NIEOKRESLONY,elinal64_43,dwiza@example.org,7819dcbcff381f57fc455d10a0a86cec22685364623ce1140289b60ec77041e0,a01ac992-7f9d-4e64-81a6-423b9f64eeed,Sąsiad pisanie oddział niech położyć.,ade8937868668400b6e1484ecf89bad61bc2ea97,https://dummyimage.com/490x324,2025-08-18 22:24:01,True
44,Kamila,Sankiewicz,KOBIETA,kamsan58_44,zbylutignacy@example.net,7b61be60f86a787c6cdfa4cb3d5172ee58ba2834d842116a5d87ffd88fecd50c,fe049059-3985-4b62-97dc-8eff687213f9,Leczenie grób społeczeństwo herbata.,dc8730c1abd7410bd8cf048923e59176c9546da6,https://dummyimage.com/967x499,2025-08-20 06:10:12,False
45,Tymon,Duczek,NIEOKRESLONY,tymduc42_45,krzysztofmazik@example.com,ae4583464bfa7f5c66672c6dde76658f62dbc8083949fccaa45428b9d9507936,821c1336-9970-4f60-abff-8d1530cbd755,Wniosek wzrost dolny zjawisko pewny Słowacja.,87ca94837774a87cdcc3cbb591dcf34f39347825,https://dummyimage.com/1002x304,2025-07-11 20:20:43,True
46,Karina,Majerczyk,NIEOKRESLONY,karmaj24_46,uwaclaw@example.org,3780ef73b6bc521e6726d4cfe5d4328d9f0b7121330d7da844b18afe167608fe,8b1e3b9d-c34b-4fbb-8d4a-75b8551ac8ea,Siódmy lekarz uciekać roślina chłop.,c300367d195663e1279ca8911e33ce28479559ef,https://placekitten.com/780/790,2022-03-29 02:39:40,True
47,Anastazja,Janowiak,NIEOKRESLONY,anajan53_47,oskar71@example.net,5de549d667e332b6067e4ca967f62b795971721d050d771e88cd407794854e90,9716108e-f721-49bb-8096-27182051acef,Rok niebo po prostu czeski znajdować się zainteresowanie elektryczny.,c923876b15c68a236158bb747f80740870c9ee94,https://dummyimage.com/814x164,2025-06-26 10:37:49,True
48,Ada,Grubba,KOBIETA,adagru65_48,ikretowicz@example.org,c7a886985479b9231dd73d947f3e07f68cde69aa0bf917d154a6d69de779147c,c268283e-e32f-4e63-b7fd-dd71a075e927,Młody biblioteka chęć gorączka królewski płyn występować urzędnik.,5ab3463c71b73cf565230a9b7ab41d9dcfb468db,https://placekitten.com/908/340,2023-06-29 22:40:32,True
49,Ewa,Jankowicz,KOBIETA,ewajan10_49,mariusz62@example.org,b7698b80a2441eb28a1af7f7bff81960ea51deaacfee87c8b881916092166243,4b1a269b-0e5d-4462-8bd0-0ef2530a37df,Miły odczuwać siostra stanowić model potrzeba bydło.,e0784ba4ee11af4abd851b697db53b8951949c35,https://dummyimage.com/293x475,2023-02-08 14:47:23,True
50,Róża,Micał,NIEOKRESLONY,różmic32_50,rpula@example.net,225d37709491902faa9e1502ae00a7bf01c61e42762728477609181b51cce3a4,cdfc6ee0-e61e-4e90-8267-deb3aab612c9,Zły skłonność blady większość.,1c98f60bbf160cd6687beaacc6023f18d8f60df1,https://dummyimage.com/512x935,2022-08-22 11:33:45,True
51,Ernest,Henke,NIEOKRESLONY,ernhen48_51,aurelia44@example.org,94a2466fe57237d20f93a18821bbd5086e4b1145ea3dbb34bf5cbb32e42dce28,61a11729-3cb9-4350-9b4d-a0fe7bb38605,Kawałek widoczny papież chłop kolor otwierać.,7909be101d1d8b4db0c81a36c93e6a6c634f33cc,https://placekitten.com/586/471,2023-12-11 03:49:16,True
52,Kamil,Satora,MEZCZYZNA,kamsat57_52,patrykstein@example.net,10e366d8e76f3c532629cf652eb7ceb9ee234b3ffa936c1b7e4d81216d43314d,ad81f8bd-4029-43ec-9ef2-b93e30ac7d7b,Razem rodowity kino.,e8f2755f32f0692be33ec00cd36643a843dad651,https://dummyimage.com/184x604,2024-06-24 11:01:22,True
53,Tymoteusz,Warwas,NIEOKRESLONY,tymwar77_53,liwia84@example.org,f86874ae8cf713895b96aabadbbe3c39f5860982015dec4526dc64f0dd0d5490,e05fb8bc-8a16-406c-8958-e75e21d53971,Gęś tarcza stowarzyszenie zobaczyć ubogi.,1a787b91651e98fb619d738d63e8a7cc1dc24859,https://picsum.photos/959/154,2022-11-12 11:55:02,True
54,Ewa,Prystupa,NIEOKRESLONY,ewapry51_54,qromanczyk@example.net,9746ed16ac5490bb6999f1b3fe92643e80c830ce9ab6db365e0d60003eaf7904,171e16cc-5da3-4f1b-8eac-0a33cdf974a7,Ochrona w postaci w postaci sędzia.,fb737e0ec1ae47e7d22214170bb1331314ba0e1b,https://placekitten.com/760/221,2022-12-07 23:53:29,False
55,Marek,Kluczek,MEZCZYZNA,marklu24_55,borys17@example.net,1099cd332c6afc09ebff201384be710670bb3f012f560e5cc6b386ae36beb1f4,8fb864e4-f173-4856-a25d-36eb9e9a9f83,Ciecz teren jego rzeka wątpliwość.,1e9a37ebe4093908731d810353cc3776b00e8dbb,https://dummyimage.com/480x277,2024-10-20 22:59:48,True
56,Karina,Bernard,KOBIETA,karber40_56,vlampa@example.net,e6f35b476b353a432b5a7072b20d23e526abb063d1300bbed1f828b17fa10d2f,f22b5b98-b24c-464f-be3e-6e57f30a9e32,Uzyskać śniadanie posiłek różnica.,7c809b0a13986806fdf3a8d80fde26c35fcf7937,https://placekitten.com/572/67,2024-02-05 17:34:59,True
57,Dominik,Panicz,MEZCZYZNA,dompan82_57,oskar58@example.net,e9668a6b178b96ca921f032d0ef3c8a22bbf473b2def9348ab8dda97bad76362,dafec8a9-3c71-40be-b357-956071d79665,Drzewo wojskowy rezultat jadalny anioł ciało.,08d40ddba2af7531728cf1cef22926381289e552,https://dummyimage.com/43x103,2023-01-07 06:40:46,True
58,Wiktor,Wołodźko,MEZCZYZNA,wikwoł72_58,juliannalesner@example.org,04fc32776c2b9c95ef2cfbcc25364e09935a87b6fa72a325d82a812c7dc05ba0,d46ef104-1190-4f50-b488-5a4690882eaf,Utrzymywać jedynie zawód myśl uśmiech blady.,2941931ea5ea10f314b1b6a13fc9958ff512391e,https://placekitten.com/357/225,2021-03-01 15:10:27,True
59,Adrian,Kołaczek,NIEOKRESLONY,adrkoł26_59,kacper24@example.org,1034a5b946fd3e98f4f422e81798d113c9a35328d3bd54ec00aeafb9b941ca7b,3ce915e7-c9d6-463b-8a3c-6f5f5bb5c40c,Widok gałąź lecieć suchy.,d8ae54fbafa07e8d830ac282e2152ed86bfd155d,https://placekitten.com/223/925,2022-10-30 20:48:48,True
60,Aleksander,Białasik,NIEOKRESLONY,alebia70_60,roza00@example.com,af396e86578cd198b53e0e5602bed9e151c21e0fa4ab499c5f3427746002a73c,a8addf36-ddf2-45eb-a8a3-f341c8819065,Sylaba ryba naj- domowy Holandia przeznaczyć.,506881353d385740c14853ad26573038dfef6d48,https://placekitten.com/258/563,2025-12-04 04:49:16,True
61,Liwia,Lisoń,KOBIETA,liwlis77_61,agnieszka89@example.com,4710a1ae2217ac14317a103494825631e0bd1bcdc994d3de3a3121fcdf845092,98eeac2b-fe9f-4caa-a182-f347533f5a72,Pomarańczowy miesiąc tradycja bawić się.,48653f3de1f84c694fb68c68b499b875611dd9e8,https://dummyimage.com/440x880,2022-11-21 10:34:57,False
62,Gabriel,Matraszek,MEZCZYZNA,gabmat79_62,bojczukmarianna@example.com,92294f00663cd5f669b67225688eed2301f4e3e26b0b403f49ab17955e3789fb,6a7e4c36-6613-4e69-b418-8109d3d1bf0f,Warunek posiadać sukienka głowa wracać.,0f8d53db0a810580b4e9b45bf515d94859847e52,https://picsum.photos/197/763,2025-09-05 02:52:32,True
63,Stanisław,Smagała,NIEOKRESLONY,stasma49_63,ryszkiewiczmaks@example.net,be8f11459649b9f84e33688fd59ac4410f7bab1a7a73f0107de07e5cac9933ef,5463adc7-8fca-4b6a-8fc4-2092f4e559e5,Seks kosz rezultat Czechy taniec zdrowy.,84a981f33bce15649869c8f587efd79911b05064,https://picsum.photos/987/459,2023-12-04 07:15:28,False
64,Dagmara,Zmuda,NIEOKRESLONY,dagzmu93_64,mariannaszylar@example.net,a5b379627f42401e4609d52e7e8f7dc68deec79a7e54d674631cfd2999fbe32b,92f837d4-4750-4f1d-833a-1f6c1d691fba,Mięsień samica bez bułgarski nasiono prowincja córka nieszczęście.,898608250e33d7543af2caf98338582bf58b28d7,https://picsum.photos/695/718,2022-06-28 03:26:43,True
65,Marianna,Matejuk,KOBIETA,marmat76_65,oleksiewiczliwia@example.org,3087ec4b3365f9a0321dc673b2acbafb6482636ccb94cb0ccf3bf6e5301613a3,2451e5a4-11d0-49b2-a699-cd99a847bce7,Walczyć wyglądać zabawa 60 słoń gęsty.,199809f33e63a8cae46f644980a1faf2420bff06,https://picsum.photos/107/318,2021-05-15 03:25:36,False
66,Natan,Golon,MEZCZYZNA,natgol41_66,cblazejak@example.com,8601a4a0de46525869466e419e190ba6d4ab47e156d07ca4b0c0f5072ba8a7fb,6c8c3b6a-a974-4079-b16f-da0a45a88829,Polegać uderzenie długość członek małpa.,416bd9ddf769b14f91eefffc0a1d5714199155a2,https://picsum.photos/631/93,2024-04-22 13:50:28,True
67,Radosław,Bakun,MEZCZYZNA,radbak53_67,sebastianmelcer@example.com,018bcc5dc7ab05d7cd20b266a0a9b8f6d1223cb048257533cfe26fc5a7fc7196,f200c261-4d29-41ab-b455-12f701f7c7ec,Rejon dotyczyć śmiech składać się pas.,2be0ad73b75972aba2d4946b2a03eb3ba430ef29,https://picsum.photos/1024/725,2024-04-28 04:38:20,True
68,Maciej,Zaniewicz,NIEOKRESLONY,maczan80_68,aurelia69@example.com,8949cb4e2e1a82059b0458aee1657d00f1bc13317558a3cc42eb381e8b0957b5,13eecdc6-ebd1-4d2c-b5b2-745504cc3ede,Księga stosunek skala dawny minuskuła ssak.,72579a434fbe344a6ae01ee057d0ea135980615e,https://dummyimage.com/741x180,2021-11-05 10:35:39,True
69,Andrzej,Gnyp,NIEOKRESLONY,andgny38_69,tbudzich@example.net,204e6995eaa477fd9ae029cd4d24617388e2a89d7f2141f604c8d9956d1974a7,1422373f-8622-48d1-a683-e10796c044d0,Nauczyciel podłoga pan pieśń milion problem.,d5d3958240a11054b541968e64ac798b2f4c2137,https://picsum.photos/719/302,2021-10-26 22:31:40,True
70,Wojciech,Feliksiak,MEZCZYZNA,wojfel90_70,wojtalikanastazja@example.com,fee6b1bb8ca9040bc872b1bbc225d59cd84c78cf7c875e719630119eda8fe760,2722796e-9a36-41ec-ac6a-6e9a328067a1,Kontynent obowiązek toponim pszczoła Anglia dzielnica tani.,d07b63bf336ee7bcf1f112430ca08e4f3eafc672,https://picsum.photos/309/900,2024-12-07 10:09:25,True
71,Borys,Fitas,MEZCZYZNA,borfit18_71,szalastdorota@example.org,94be146d21a085d0f53a03aa212e78fd75b4511327e980d4dd7a28f9598f8873,97674900-4651-4367-8bdc-43184d85a3d2,Miejski zostać ramię prawie wykonanie.,c72a7907258133fa83a7fb721d5f497bf4cc1388,https://dummyimage.com/184x787,2025-11-18 13:21:48,True
72,Liwia,Kaletka,KOBIETA,liwkal19_72,kazimierztomal@example.com,205ffcc5d6f7d575287535f9a7f77e43c269949d3818cfc09d077d395f13a6fd,7321bf6b-0a80-46ec-a558-2e16bd29ede9,Pieniądz książka powiedzieć Holandia papier gotowy jedyny.,a26802bc9c050f7fea38a5f01e3460fe6d0a78f7,https://dummyimage.com/507x896,2025-05-27 18:15:01,True
73,Angelika,Różak,KOBIETA,angróż95_73,tobiasz65@example.net,e4ff3692dc05bbd683248aeab19542a98666e25949e357cbd963f51d48bcbb6a,eafde7d9-5f73-4a3e-9d28-6aa428a39779,Każdy biblioteka ponad kość wilk ono wszystkie lina.,7f2405a468acd5f5080254595dd4b3688cb70dd9,https://picsum.photos/307/682,2025-11-26 01:04:27,False
74,Kornel,Tylus,MEZCZYZNA,kortyl79_74,mbanachowicz@example.net,737d46751fb2afdf07ffa4df769c84134d0b34150643a0a7eec485b8780b2a2e,f7baf55e-4f6b-48c8-998d-daeceaafe543,Obywatel podróż mistrz biskup.,87f45507b88bdf09a6e9a4882b8836b38b25bfec,https://placekitten.com/191/867,2024-01-09 16:43:30,True
75,Kacper,Godzik,NIEOKRESLONY,kacgod83_75,ada33@example.org,c7b16f40d39913cf6a483c303a686e9fca293c7010bdc19f25f2ed39492b957c,36d55494-f37f-450d-ae25-b5ee4f11d8dc,Okres ziemski gdzie interes.,a3b9d1cdeaafb01073d313ef80fd49c70e0f8a28,https://placekitten.com/77/689,2022-01-22 16:35:29,False
76,Radosław,Klaus,MEZCZYZNA,radkla70_76,monikazdziech@example.com,ed23a1222def685bc720bc7b7b73d899762730e159d35f0e5d951872009c7a34,d4d30795-2e4b-4bc4-a989-0880277d1be9,Wtorek kamień właściciel naturalny zgodny obowiązek.,e3ecd78a820f435e3315a17009e129bb2c4d44f0,https://picsum.photos/633/960,2024-01-28 09:04:34,False
77,Natan,Wojewodzic,MEZCZYZNA,natwoj22_77,fryderyk88@example.com,b5603809ac4ace3f3b04802610ba15964685285c12fafa2b2817d0cd4325e4d8,c4f9eccd-7630-48a7-b0ca-fdd8fc043f08,Piętro kłopot noga może.,9f1fbf49405becaa62c0ab19af2e3a8803e03f46,https://placekitten.com/760/210,2025-05-02 09:51:31,True
78,Marcel,Szyda,NIEOKRESLONY,marszy65_78,jkorab@example.com,3105cfd61517c827a0c8616338e0b820aa5c28cd4576d49ded3d116e20f613a7,45d5a68d-290a-4abb-835b-9fea1578d709,Talerz żółty muzyczny obok.,541cf6cbfe3bd077c3aecdb673fd1228cf2cbf76,https://placekitten.com/109/811,2024-02-16 09:27:23,True
79,Aniela,Chwalisz,KOBIETA,anichw62_79,siejakoskar@example.net,622d8a2dbd0f49787676660bb444214ac39023c2d46e72a0b546d11aced4d3ba,397b5f51-5ffa-46ef-94e4-180cfe9936a3,Umieszczać wojna prawie nasiono figura sklep.,a34290c6e66e536b1d68d2c41d0dcb79ca738bca,https://picsum.photos/918/10,2021-02-08 13:53:57,False
80,Juliusz,Maruszczak,NIEOKRESLONY,julmar16_80,xnalewajko@example.com,ba31b0d9199d302a9e42de5496f5feef86f185feeab266c76f9d0f5e852791d2,f0b2a5d1-8c7e-4f42-a646-eaf9d5c0244d,Wybitny wielki walczyć radio ku.,eb8d5847dd15f6bc3818393c54b9f764164c91f3,https://placekitten.com/1023/33,2025-04-30 18:03:59,True
81,Stefan,Dybiec,MEZCZYZNA,stedyb61_81,jantosmaks@example.org,7c33ef4c5131566ce7ec7fa752d1c9489d07983ac6db3bedaef5b187760ae9b9,6de299a1-4a90-4d0c-a4c1-73b9b7f28572,Sześćdziesiąt dyskusja znak ryzyko pies gałąź wzrost.,dce8c6f51d8dc14fee7aa5d919a9031d7116a00e,https://dummyimage.com/41x799,2021-04-25 19:01:43,True
82,Alex,Piskor,MEZCZYZNA,alepis41_82,maksimowiczkrzysztof@example.com,e64005e32fb3d2922ed0604ba90cde4237fdf965aae2392bba4e7f52ed660538,bf5023f4-40ef-4935-9f90-bed6fb25664d,Dawno jakość Boże Narodzenie przyprawa szczyt.,73eedea80ce2ff0cc68b9d3b7ebdfdf8c7845daf,https://placekitten.com/693/358,2024-11-24 01:39:38,True
83,Nataniel,Kozon,MEZCZYZNA,natkoz78_83,gralroza@example.org,28afac4170ac0237384372d42173340728e7d745702d528c94425362817dcf9c,2285b2ef-cfbe-4fe9-aea9-c542a1b970d0,Dziesięć umieszczać rachunek łóżko jajko.,df5bb9aa05445c4dff645acd76a9a9fb7b475256,https://picsum.photos/969/518,2022-07-28 06:34:17,False
84,Julian,Maksimowicz,MEZCZYZNA,julmak64_84,jeremi15@example.com,b86d7808d191db0e78fd622111866db2ac4a9c92fb1a363c27e4e6fe8dd24f5e,dda4f4a7-0c3c-4284-87e5-3bbbdcb51c53,Miecz Kościół ono trwały moment literatura.,bbf669cbb1a474037d69b60417abb0d6ce614884,https://placekitten.com/546/169,2024-07-22 09:51:20,True
85,Klara,Jambor,KOBIETA,klajam69_85,kazimierz11@example.com,1dd3d32edf2e9514d2213cff40561fe55f2825599f0b1cb8c6fcd4c4aa14a03a,2e326567-d284-454e-bebe-c0db9a3a6103,Gość mąka węgiel opisać taniec.,0983780f390235d4108679e3f3c53b6fe85f4572,https://dummyimage.com/722x890,2021-06-07 17:47:39,True
86,Piotr,Tomaszuk,MEZCZYZNA,piotom66_86,antoniboguta@example.net,213964578ce3f21e4abf28c9bc7ea7166eae6374dc50f4d16ea69646cc7a0580,83599af6-5d01-455f-a7fd-64c4a334058a,Pod głowa płacić 6 narodowy próba.,2e0a2cf5cc65c9c98689627c47a422464521d23e,https://dummyimage.com/921x759,2024-09-20 19:22:44,True
87,Fryderyk,Fiedorczuk,MEZCZYZNA,fryfie93_87,psliz@example.com,9cb7e06e08d720f40eea94773a6fa167534ab6f7844e3e69f8210c5b89f8465c,5df06e8c-878a-4ed9-a33f-fc8292ec89af,Białoruski duży dzisiaj szósty panna.,a95a68c7bd6aeffedba3addbfecc5efc9c399723,https://picsum.photos/533/913,2023-05-17 19:01:18,True
88,Mieszko,Waszczyk,MEZCZYZNA,miewas40_88,terkatymoteusz@example.net,9c22d2fe5aac7ecf50b95ccf5dbc0245eaab626eb93b5266ce139266363d9b58,da52d2ee-22bf-48f5-9f65-2a87333ee344,Gorączka Unia Europejska zgadzać się następować profesor żart.,44b68d18ad1429e799293a17f489f0e54cfc88f4,https://picsum.photos/594/614,2022-06-05 10:01:59,True
89,Julianna,Paprotny,KOBIETA,julpap72_89,sebastianufnal@example.com,17d4430c16931c99484b51b010e60f3f8f5bb4fcf39590d4f568b8800f1c34aa,fc31a597-1f11-4c0f-b967-e60a823dd107,Piłka siódmy ludność.,b31d03a50a923b16c4517b7d79efa4c5f56c8d7f,https://picsum.photos/265/176,2023-07-30 11:15:15,False
90,Konrad,Skrobot,MEZCZYZNA,konskr61_90,kwizner@example.org,6ea4784309b7b6351249c5d668aaf907df5701148d46274543284866515e2ec8,6929de73-8693-4d9d-ba89-cbebb807d78a,Gołąb samica zamieszkiwać wrażenie.,aaf79ef8df2f9927e2599c3ef475989442818d49,https://dummyimage.com/372x264,2025-03-22 21:06:29,True
91,Antoni,Trepczyk,MEZCZYZNA,anttre58_91,miloszkolber@example.net,bf954dce5675cab1d5ad43d476dfca5832255eefbabd2929c768c7788cf4625e,4ddb1b36-272c-4588-84a2-576c1fc905f8,Usta hałas Kościół starać się historyczny.,bcc0d14291956a71357a648fcfde8a0946e41025,https://placekitten.com/562/256,2023-07-10 09:06:20,True
92,Inga,Oleksak,KOBIETA,ingole43_92,alanlatko@example.net,bc4836e5b632b1c4207331dcab386e8f7575df8da8d4a0f1980fae2e8c7c3b33,2b2bb8e9-a417-4093-80a8-a23d17eaec83,Odbywać Się obrót cały zapalenie podczas poruszać produkować elektryczny.,3523200f2bfe0d9824318982cfc208f67349f048,https://dummyimage.com/853x62,2025-08-02 14:04:20,False
93,Marcelina,Monkiewicz,KOBIETA,marmon64_93,dmaciol@example.org,c45b82eef3ae76ae81e8e5907c127c4aaba221983d46c3beff31e961b1cd5a8e,3eb05181-7ba2-4588-8d56-0a3df4e7069a,! ogromny bić poziom.,7ff902645227d26b1f632b35fde058494d77f96c,https://dummyimage.com/653x707,2022-01-21 19:29:51,False
94,Fryderyk,Kościołek,MEZCZYZNA,frykoś34_94,roksanaplaskota@example.com,cc210b7584ed440a512e3b533f6eaab2cfba55967981ab728f834ef985da208c,51b1943c-1b2e-4edb-8fc8-5fc083d5bceb,Społeczny oko drobny otwarty różnica prawy św..,55ec53215cb7b84a858f1ae9b1c0ff9da5a254f1,https://picsum.photos/670/640,2022-04-20 14:17:53,True
95,Witold,Tłuczek,MEZCZYZNA,wittłu17_95,fmatulewicz@example.com,da5cb7fa638b0c3bd2ad86f0d8a93cb9c48eefee10610839c679f46241f0d24d,4efc8248-e10b-4a47-bfae-b7487781321e,Górski 5 płeć trzy połowa Chiny użytkownik.,2cf620360828a0c5390f722dc6deec2c1df2c86d,https://picsum.photos/585/16,2024-08-11 09:10:12,True
96,Łukasz,Morawiak,NIEOKRESLONY,łukmor50_96,czaras@example.com,a5c8eed817c626886208b295a9cff18d910230485071304ceed53420ff7dc3b6,c38c1dec-5da3-4a73-ba3d-f7ff43b47ee5,Otwór powodować wchodzić.,bdcc4f1d2b573f38a36c791edf87e2a8bab4b3d9,https://placekitten.com/922/572,2021-12-15 16:03:30,True
97,Wiktor,Rzucidło,MEZCZYZNA,wikrzu84_97,dagmara52@example.org,241d1f074de8b0344a995a707587cb1912b4f6f0000a3b3c5460e019e3a94db2,fc9e1dcb-cb7e-4268-9f89-ed1264d6dfbf,Społeczeństwo silnik jego dziś rozwój ziemniak ku pojechać.,d20215a693c27ae199f2e2c18ff8b5cc3bd46654,https://picsum.photos/671/652,2024-04-15 09:41:02,False
98,Radosław,Siebert,NIEOKRESLONY,radsie77_98,kchadaj@example.com,3ebcbdab2bcfaed216128fa38c20a94c9d3c59dc25f9059fc65efcfe5e4e09dd,827c9f8c-d40a-45e9-81df-6517561c9210,Pozostać budowa zamykać srebrny płeć muzeum szkoda.,2e3d76bae354b4c003098a7f45699d29227dcbad,https://dummyimage.com/54x971,2025-11-12 19:02:21,True
99,Stefan,Mądrzak,MEZCZYZNA,stemąd75_99,anna-mariagromala@example.net,d7acd03e322504e4dce2970cbf184c7c897035e6c15d99ddcb59c5f1b5bb6079,7afeb114-9561-4813-8d25-9caab8adad87,Urodziny pas zawartość rosnąć budować żelazo prosty rodowity.,09f49fa68343d9eceb81fbe2e82fa8060ad1e48c,https://dummyimage.com/845x417,2025-03-19 15:14:27,True
100,Tobiasz,Dębniak,MEZCZYZNA,tobdęb18_100,buchholzsebastian@example.net,6dab3e991241d38010d0aadde9725be5bc5e02bf723250591d21c6c19b48a9e6,d92f3c1e-df70-4b2a-b8bb-22a5eba742d2,Port rządzić czyli wykorzystywać zamiar.,3cd4b633ae467e6d1023017183226a0fb935cabb,https://placekitten.com/701/725,2023-03-12 21:08:22,True
101,Karina,Mędrala,NIEOKRESLONY,karmęd40_101,artur44@example.net,4d195533c0638f518c92f84f1fdbc54a1e5cd930c5b9b86718afe80a43f2d569,8edec44d-476c-468c-bf1b-e0d0f5141058,Szereg drewniany kolejny sprzedawać głupiec.,9ce2e3f0f9b3533581119909c8083e26c8c4ae4d,https://placekitten.com/589/249,2025-07-26 04:06:51,False
102,Rafał,Szumna,MEZCZYZNA,rafszu82_102,alekstruchan@example.com,6e30894e442db89d45869442259fd20c580e91b08a40bbacec02244fe18dd60e,585abefb-d181-4f77-a500-1423faebcd19,Ucho dusza ludzki klucz.,1c42c13cec4c585af4cbac705dea9a11bf2cac69,https://picsum.photos/555/556,2021-11-15 21:23:27,True
103,Julianna,Gogacz,NIEOKRESLONY,julgog86_103,jerzymyszk@example.org,845ed37baad51af4d0f4c7f16b2d6fd8a543c0408cbe62e9db6009dd34f1190f,e7ba26ac-ab7a-4d1c-8cfe-f6833e11bafe,Tytuł w kształcie pomysł pierwiastek chemiczny wkrótce dar.,7840345e150c201ed7922a400c8b5d2ec05b16a3,https://placekitten.com/974/977,2022-08-23 05:22:54,True
104,Stefan,Pabisiak,NIEOKRESLONY,stepab20_104,klemensanita@example.org,2a5a4315f4003e547678683d7ec5ba33361a66c04d10646e59b930f0da0f40cd,e86e8e63-0f25-477d-a559-90e74910fade,Dzisiejszy Węgry rzeka częściowo umrzeć parlament trzydziesty.,c36da15f3d8b40d68b1fba1c1fa9d3243d45d8d8,https://picsum.photos/813/1014,2023-05-29 21:05:19,False
105,Piotr,Zysk,NIEOKRESLONY,piozys84_105,ryszard78@example.net,c81f67a33a07156305f270481af31dc4fa2bb9e00cb610e84324a0039d24066f,1b780ede-9a4f-4c0c-9165-f2ed4c636e95,Mądry ważny grudzień organizacja kostka cukier wysoko.,742deb727f67095fbfcdead416286bcf6fcbf223,https://placekitten.com/381/28,2023-10-24 21:46:21,True
106,Julianna,Erdmann,KOBIETA,julerd36_106,olgamichalkiewicz@example.com,72bc7ef7e0d1ca4848aa7c7938d1bfb5affe8f2aab04a7b57f6720a8b636206a,317304b5-c1dd-484a-aca5-8d95915a1c30,Rejon zadanie wieś banknot terytorium większy coś.,8850aff20fdec2a2c6db1e8da3dddb2b3545f9cd,https://dummyimage.com/914x546,2023-07-07 15:34:48,True
107,Aleks,Myga,MEZCZYZNA,alemyg43_107,marek01@example.com,80030dd6034bc5f8966ea7d6ecd44bdfa1675cd582642bd371fb7a9140a24728,a757cb10-42f5-45b9-82ed-73ce92a81713,Określony dodawać sukienka mrówka umysł.,a539388ed45f6e511a4697ccb78216ef74c20854,https://placekitten.com/604/752,2022-10-28 16:34:46,False
108,Kamil,Kubina,MEZCZYZNA,kamkub95_108,urszula87@example.net,29c26d99fd0a43653d71a210c71159184168a124ba6e5910c3e413529ebe24ee,bf6b8cdf-7479-4b61-a737-2b527a6a2107,70 kalendarz zawód osobisty japoński.,a5813decba86f09033b9d2296ef0faf723fb46f9,https://placekitten.com/740/159,2021-11-25 03:45:39,True
109,Olga,Pawlonka,KOBIETA,olgpaw50_109,leonskubis@example.net,9624ce8cd173ea85c2e0c39f86b10ebe131b7f40dff138fea6bd29db1c76ca53,33c08bf1-8167-499f-a723-ada38c32bdb2,Różny but z krwi i kości koń szacunek kostka.,ec7199f13edcde03e7939d618ba3a5723d970e22,https://placekitten.com/850/935,2021-06-08 22:01:58,True
110,Konstanty,Obuchowicz,MEZCZYZNA,konobu68_110,tylmanjuliusz@example.org,a32a8e6d386f58e3011f61caafae1939c8630beefd3d7de4db1259382275e4cf,b928e23f-4ee4-434e-8e92-0136ac3a812f,Masło jego palić stolica zająć.,c8daf2ac181018341e730dfdb253f9d0333d19e0,https://picsum.photos/141/966,2023-05-22 11:54:05,True
111,Gabriel,Cader,MEZCZYZNA,gabcad78_111,ymaszczyk@example.com,f25b647dfb163079aa0c25147398529c59834d858e024e5976d1ff760b5fb64a,a43afb7a-c40d-4874-a2ab-7752c4db5a62,Sól plemię godny strój zawodnik wśród.,5d9b600a0e3a41a6ed7ab057e32f9865efc0e5b1,https://placekitten.com/804/260,2022-11-03 09:51:09,True
112,Jakub,Gołota,NIEOKRESLONY,jakgoł43_112,ygryciuk@example.org,a473aa852f4003ef7cbc295f64f5f96878f8807a08eb1aea60ba341ecd867024,76876c62-4c61-445e-ba7e-5d9405d1fb63,Zwolennik region znaleźć cisza epoka.,a88fad41bbd4ac9f97fcd152c51a1c6adc1cca90,https://picsum.photos/858/32,2022-09-12 19:25:34,True
113,Kalina,Wołk,KOBIETA,kalwoł18_113,pronobisaleksander@example.com,0505ee08719c8eb0d9570ea0e466c6477b0361952ab093e2efcb71882e81c387,99086e47-7249-462c-8898-7462980cb95c,Czynność grecki zapalenie stan grudzień księga.,823c95f0757a8147ac6bfc6f7b15a7ff3441e72f,https://picsum.photos/653/656,2023-07-07 02:03:13,True
114,Marianna,Bujas,KOBIETA,marbuj46_114,stanislaw89@example.net,fcbd90627dad9efdaf9ae60885025f880f6e857c19ae21165e3b7978b5900166,4ceda164-69df-44e9-b896-41dd8570b59f,Królowa Warszawa ziarno gołąb.,bd25e5dca9af69a5c5cd29cc727c865d3f256884,https://placekitten.com/780/652,2024-06-27 00:16:53,True
115,Anastazja,Litwiniuk,KOBIETA,analit79_115,ogebura@example.com,6b9a35d99aa838259fb944c5958c3037a9bb573266ea1ced8aeb2644cfd73289,c12169db-2f12-4150-a05f-b1eb4cc57e0d,Rumunia nauczycielka sztuczny zgadzać się.,a4ff4f1ba532042c2689660d1e42ab310e4f77ae,https://picsum.photos/274/795,2023-02-11 18:43:12,True
116,Gabriel,Skierka,NIEOKRESLONY,gabski93_116,tomasz83@example.org,3c5e97f16dee75ae3e67432171724c064c9cbe0738eee0657109e0b86c39bfd6,73253aa3-ec17-4298-943d-f5b3a58e83dd,Wykorzystywać straszny mówić nie- znaczny.,374b21d0f4f04db9e8d54fb4e6990851b899a70a,https://picsum.photos/444/981,2023-10-12 00:29:06,True
117,Emil,Bondyra,NIEOKRESLONY,emibon80_117,prazuchmalwina@example.org,f3e6f94222ab033a326beaa64da4a892cf413d4612ddb22c554a6c6f60c0ac1b,f64ab6ec-30a5-448e-afe9-b3d0363908bf,Plaża zaczynać postać sąd zjawisko 40 szef wy.,71c87b3d36187c67b0519e8c6244973c1c6bba3a,https://picsum.photos/1018/954,2024-12-09 04:36:35,True
118,Alex,Łukowiak,NIEOKRESLONY,alełuk23_118,tymonmarcol@example.com,d84e42e814475e3793eb0d57e8ed2528608c05cdf6fbc11005730357025c33f4,0bb401e7-69f7-43f1-901b-a8515ee68495,Głupiec gwiazdozbiór wąż tydzień kość przestrzeń sprzęt.,d83039ac7b886fb9ea716c8104bbfb84855ffb40,https://dummyimage.com/691x527,2025-02-12 18:19:28,True
119,Dorota,Moroń,KOBIETA,dormor24_119,ingagornisiewicz@example.org,33a3610d2336d3ee40e1a22cbf867fe974aa16107dc4dc1e760f52a91ab01274,2b54ff7a-5a28-47b2-8b83-83f2bb96f602,Pomarańcza bogactwo zatoka zabawka środek zakon często.,7b838f37f58ba0d67be343e840907237f55097ee,https://picsum.photos/281/473,2022-03-25 18:27:12,True
120,Mateusz,Kowaluk,NIEOKRESLONY,matkow80_120,fgalos@example.org,9c04b09919f2beec506139324b1bc52ff5fe1cdc15c3e9788a79f0c2f0c47f95,0f79a8a7-5f8a-44bd-b4bd-0c938177b661,Poniedziałek przyczyna swój.,1f1a6f31e30db0cf3442acc2a26a871ff524a777,https://placekitten.com/587/35,2024-08-10 06:43:54,True
121,Tola,Filus,KOBIETA,tolfil46_121,tadeuszwojtys@example.net,4e469b2cfa52e2286b760e8a97a916704535b881f8363ba759e8f977c65a9e3c,863e1f2a-18a8-46ef-ab05-3fc41b656dab,Piec włoski matematyka długi jednocześnie pomiędzy wydawać.,3ea2dade7914e0c2dfa7282fe7d50393cf10b381,https://placekitten.com/614/165,2021-03-19 23:26:05,True
122,Tomasz,Plebanek,NIEOKRESLONY,tomple53_122,pochronmateusz@example.net,f61c7595cb05b78aa7f240666fbda6a924bb0090317be3c32a9fefc726300ccc,79db7862-8d7d-4772-a08e-2f5c61177270,Ruch spór brzydki barwa.,d3b8537426ba5fa8801ee31dca8a8a7303ad907d,https://picsum.photos/195/87,2022-09-29 09:15:53,True
123,Nicole,Zbróg,NIEOKRESLONY,niczbr91_123,inga90@example.org,7d348b5f7bbe645626a22aa5baa8a7e9fa6f05bf7d1a978d144875ef1e30706e,13087974-ec95-43ac-8beb-7c3445667c48,A zbiór niebo dolny dolny rzadki.,7e79b76b8c5107a85005bb6152723a9696982c54,https://placekitten.com/492/796,2025-07-18 00:07:23,True
124,Kornel,Cylwik,NIEOKRESLONY,korcyl72_124,furgamieszko@example.org,db6c3712daf655cf6e3c1df1e730d6d0febdc6cce4c42e2e4fc33bacdac5b5dd,ca5e151b-23d3-4d4c-bd5f-f093c16f9bcc,7 babka poziom przynieść.,426a38d3622deb9adf4f6a8cc1e5a0d688c5f076,https://picsum.photos/812/668,2023-04-09 17:36:24,True
125,Artur,Eckert,MEZCZYZNA,arteck21_125,ldoroz@example.net,3cd80cd6a9bb6169fcee5be729af18a5415e9504e469074bad025808a04b20f0,f0eebcce-8d93-414a-9b16-71583a67470c,Spodnie znak skład opieka kontakt biały działać 90.,232f3e05d852021c52bc14599c41ac284e28f426,https://dummyimage.com/797x648,2021-11-07 13:52:45,False
126,Klara,Kusa,KOBIETA,klakus15_126,pawel21@example.org,cf6db30687bca020940873f69e515e1f2673658383f402562dc46ec5bb654289,5c238d8d-71da-45b9-8eea-9db8f165d779,Obowiązek przeciw otrzymać bez pięćdziesiąt zawsze.,63271d17a50e7e9ad713f8b3da8d8ef52c31021e,https://picsum.photos/664/788,2023-06-06 06:34:57,True
127,Anastazja,Drewniok,KOBIETA,anadre26_127,anitazastawny@example.org,ecc7a48bbdb2e429a20db272ee15ca36e231844de10dc71b303b9cf316f71b0a,e6b0da0a-b98f-4dbe-95ae-de0fc777a07f,Wiatr bliski list wczoraj mleko wojskowy.,2e3ea4d866a807f84b47490f1bfac7f078939348,https://dummyimage.com/157x739,2023-01-16 15:57:16,True
128,Olgierd,Miozga,MEZCZYZNA,olgmio66_128,iluczkiewicz@example.com,cfa652a4d277a45e12313e8dd964d5752cefe264224c5571c52c35c3b1657b34,320f72c0-9dde-4188-9803-b22e7eece88d,Poruszać szczyt chrześcijański.,7510f6f5930345bd9a5f1200f89a537fb7f42a83,https://dummyimage.com/674x901,2024-08-10 09:56:20,False
129,Gaja,Margol,NIEOKRESLONY,gajmar11_129,malwinabartel@example.org,712d97ebaa41787e4158296eda76d69019dcbc816de8b9e4b65d15dbca916630,f280df1d-9a6c-4db9-9217-1c884ce953a7,Oba kuchnia niebezpieczeństwo żeński jesień rosnąć.,a95a9301c04c0eace7443846b7a4a962a48c9fd4,https://picsum.photos/804/747,2025-09-28 08:36:29,True
130,Oskar,Giel,MEZCZYZNA,oskgie98_130,bialasikmarcelina@example.net,fb95e0de0d5172c158f2f8cb6db4debaf33a63d1a57f9d0d32a9d16f06cb5bd2,ae84b81c-2e0f-45b3-8bae-591eff4cc10f,Obecnie kuchnia głód nastrój klub.,b0d4d8bc8868df19d1d56176ee9846ef2df0f328,https://placekitten.com/1022/285,2023-07-10 09:42:19,True
131,Tadeusz,Szałaj,NIEOKRESLONY,tadsza14_131,cdybka@example.net,a9b99b12626f74858b0ba9fec797b10d8a73b495f49e73a1d333cedf95055733,6c521d13-b719-4b68-a775-ee42a89e22f2,Dość świeży obrót zaraz określać już rezultat.,daee328a794784dfeee9308945df0b3432ca13a7,https://picsum.photos/174/223,2023-12-19 12:14:34,True
132,Leon,Dziewior,NIEOKRESLONY,leodzi80_132,vdyrek@example.com,8ad7aef24ef82f867c11ecbb26d83b7f441be5082d7537ed18df0e70970d1b90,fbcdbf5e-902f-4465-8b57-07209cd8758b,Że zdanie szacunek republika.,4450ddf5213f7fb411bf0d0697c1e3bcaddb0c2d,https://dummyimage.com/452x912,2024-04-09 17:56:38,True
133,Dorota,Buksa,KOBIETA,dorbuk26_133,mieszkorybus@example.com,82d2798511239f4e4ace7ffbc199f32824db737334d65d3c55f5bae76c429dc3,801e8690-b0c0-4fcc-96ad-d4dfadf75924,Poprzez chęć znak wieczorem.,35e05e982f298b09851a45339e94934d918e2dc8,https://dummyimage.com/713x638,2024-10-26 04:55:42,True
134,Julianna,Szczubełek,KOBIETA,julszc56_134,liedtkeaniela@example.com,da3366b57f75e748cf94389bea0925529f67edfb5fa6a1b1d3b3d6cc50f8768d,79e5c9aa-592a-4549-bba1-09d08567c805,Publiczny godność obszar lampa.,e6e33da8ddc74bca4409d5d517a51ed48d733b2d,https://placekitten.com/336/499,2022-06-06 13:02:32,True
135,Liwia,Chmielak,KOBIETA,liwchm36_135,zplocienniczak@example.com,e6f0dd79b3f3710baf6ada8f2f4107cef173cd569b8125aee21b9631c01c3af9,f55dce6d-6d26-4b37-8f52-42d354bbbcf8,Włos tańczyć zimny rodzaj zysk właściwy łagodny Azja.,54c89352a2fe2b1cf4630e8bb8c09d61cc99a931,https://placekitten.com/421/570,2021-06-23 21:57:28,True
136,Aurelia,Grab,NIEOKRESLONY,aurgra23_136,arkadiusz37@example.org,850ec48d87049f9f1eb0ae17ed3b5d59e39eb7134b57ee3ecb929e76bbad6744,2fdc9992-8971-4eea-9f3a-098accac2fb5,Uderzyć obchodzić pojawić się dopływ powód.,2d12bcaf9aefdaa2a260e7ffd85b1fc6d4c174bb,https://dummyimage.com/233x712,2024-11-03 01:25:34,True
137,Tymoteusz,Ciaś,NIEOKRESLONY,tymcia62_137,kudralukasz@example.com,2c152ba0fbbfdb1f3539261bc891c77c13735165d13b068ff021644c30b0abb4,4c255823-ccf4-4fb0-b4bb-a73fac7051d1,Ubranie teren odcień niektóry.,598724eaf5a6c57f141aedf25cfb5b56ca687973,https://dummyimage.com/282x785,2022-07-11 15:39:58,True
138,Andrzej,Wyrwich,MEZCZYZNA,andwyr30_138,dagmarakumorek@example.com,b9d8d03cad1aa950a5a8edb836880e9a16e47abf8ee1dab9ced8f53c39b02e1d,a52fc3ec-eb4e-4281-b184-d1fc8991b01a,Własny energia muzyczny mężczyzna czekać.,f2088152eacfc7cf7077d3cf9962c5284ea76fdd,https://dummyimage.com/279x399,2025-09-21 07:27:41,True
139,Eliza,Bisaga,KOBIETA,elibis13_139,cpuch@example.com,a7661ae3c8a4de8726bc50ecca563c32804ffcaf0cb2792feffcd565714284cd,7de1bf5d-af48-47f0-a8bd-075b7eb6581e,Ruch tylko strefa plan.,33e4e398875b284ead932a5d709c34e65d0ccfb2,https://dummyimage.com/591x344,2025-10-03 22:49:18,True
140,Anastazja,Salach,NIEOKRESLONY,anasal52_140,inga58@example.org,a198a5b39e03951e8e416c8a47ac4cca56fdfc323a8780e7d45ee2fd13a89274,1d3ca5a4-929d-4377-9cfb-655f82c42e48,Bitwa alkoholowy choroba pokarm operacja złoto.,c5f607e937f6be1330b1c6f23bdcd73a5e4f68af,https://dummyimage.com/921x538,2021-09-07 18:47:22,False
141,Monika,Jaracz,NIEOKRESLONY,monjar41_141,nikodemteter@example.net,bb1f42c64875bf30f56309006ebfb7a87a369442612813b88a181d6152cc19ab,cfd7f3b9-c68f-4ba5-9e0d-02b5fe7402cd,Klient koncert no europejski klasztor pojedynczy gardło Rumunia.,88576bf356990096708ea625757d675f26f60e35,https://dummyimage.com/575x344,2023-06-08 17:17:28,True
142,Tymon,Dorobek,MEZCZYZNA,tymdor99_142,rduchklara@example.org,ad8a7ed9bd5aaa4f6164de6f56d83c9b389835a0389c590b8aec90ff1d0be119,83b0b35c-dba6-4df8-b3d0-4ffb44709848,Trudność one poeta może 90.,69cf58d971428c2180e53e14c215e74dccc73184,https://picsum.photos/804/1002,2025-11-09 12:50:05,True
143,Krystyna,Rembisz,KOBIETA,kryrem14_143,zyburatomasz@example.com,3621822ee2d07609b4ff833702f5f61d57d369035ba5118872a9f845fb5ccdfe,73b5bad5-600b-4b35-aa0a-a7d5a0b85755,Turcja w formie medycyna artykuł seksualny dość bar.,8cf8cf5012c249b212ec1872c6c55ef8710558c2,https://placekitten.com/190/938,2023-12-29 11:53:21,False
144,Filip,Czulak,MEZCZYZNA,filczu35_144,nlawniczek@example.com,d0bad5fcc6b3439cc5798da0362929309c115db76823ece1fe02db4292f77eeb,f7d7465d-37c3-43c9-a5d0-b51788d00abd,Stały chłopak maj dźwięk w ciągu.,9ef6af2eb4f5ec982aedc25f3c0d8c1407fe1bd7,https://picsum.photos/99/94,2024-11-08 09:46:00,False
145,Ewa,Lato,KOBIETA,ewalat49_145,bdzienis@example.org,9b5837c13e4cd9bcc87e747a36d670080420e9bdea4fc3ed7cc2b76e90eeda50,70f81dba-2871-4b9b-9b8f-0e32edef5003,Hodować wszystek tablica wzdłuż.,06163b43c189e62a5aeda0d2948f40d5c73348c0,https://picsum.photos/738/512,2024-02-09 19:32:51,True
146,Józef,Kosman,MEZCZYZNA,józkos13_146,jerzy61@example.net,0e472997a9849700f51bd4550b5d4cdf1faab01b6488604733de651296438fd3,a0279a18-6576-4410-8d41-ee472a5fda18,Być krzew zajmować się również.,e997328f2257092635345feed0271996f01cf065,https://placekitten.com/19/16,2023-11-13 23:36:43,True
147,Gaja,Przewoźny,KOBIETA,gajprz52_147,malwinamatyka@example.org,96ad6fe2b64f90f7dbbd423cc5ab8a645ff45d8cb728a75ce3486ced242f7923,b1ac040d-6c1c-4405-9c3f-42e0fcf7b842,Wszystko poznać powiedzieć środowisko większość narodowy.,73ec50d31eb2ee384a230bf80100d42749708690,https://picsum.photos/272/292,2025-06-16 18:25:51,True
148,Ryszard,Wicha,MEZCZYZNA,ryswic45_148,bruno26@example.net,890d40f869c5e6e139f9e520e7d2e823b174496337feec171ff11ce00175e07e,70aa5b0d-2a03-4ad4-a667-b9829c3de1b0,Pasek siebie pokój futro komputerowy otwarty.,206a1b16161c186fc7243a6ac08879f5dfd26a8d,https://picsum.photos/644/286,2023-04-21 01:04:18,True
149,Karol,Krekora,NIEOKRESLONY,karkre75_149,szymon43@example.net,92827e64ff41420b3ee4709793d2211b32274b79a38745e04ec934dfccac8048,b89f3a92-999a-4d86-99db-13028dab66d3,Dokładnie postawa poprzez my paliwo wisieć cienki brat.,7ee27bd10df49c08d83905fe6db0370e38cd1d2f,https://dummyimage.com/145x24,2023-08-21 18:46:41,False
150,Adrian,Piskor,NIEOKRESLONY,adrpis78_150,inga27@example.org,c4cb19e49f4dff4117ab1725b961d690da508c851f00eb941bda0bb2bdeceb41,6bbdb66f-9181-4091-96c6-f45cdc5e4e78,Umieć jak uwaga.,30140f76587949d6d8921ba33170f2da5b277d6f,https://placekitten.com/815/586,2025-03-17 05:47:07,True
151,Ernest,Dubis,MEZCZYZNA,erndub24_151,konstantydamps@example.com,88e28bd269b34739f04d6568b9eccf18196c16a3b56490741ddb645ede7ec464,1519fd38-66fb-471d-b3a9-dcaa6c6f6d2e,Róg okno intensywny przyszłość.,ecf1b7a22990fb7e6e9c93bf4f03f09d0fcdadb2,https://placekitten.com/135/635,2024-08-31 18:11:24,True
152,Dariusz,Łaszczyk,MEZCZYZNA,darłas84_152,dfulara@example.net,4a3401bac695e3ca26c76dc1c213aa9ff1fa1d945fec4f664e6ecd31de0e808a,16120aa6-3e96-49ba-8ed2-ec9d3d175712,Stary sądzić mieć na imię składać się miasto pierwiastek chemiczny ktoś wiosna.,17f9264d2cd2a9c16506513fc38def8a220ce1c6,https://dummyimage.com/530x341,2022-01-09 21:29:55,True
153,Mariusz,Panasewicz,MEZCZYZNA,marpan23_153,mirosantoni@example.com,111b505d79399fcb111e478540a195d61123d52ab702abc4feb340ac0b4a450a,e2ec13f4-bba1-4ed9-84cd-bfdddf9b141e,Aż stolica tłum składnik okres ochrona.,08c4ba6e25abeb80d833b5560f1ee401f9fa7b6f,https://dummyimage.com/1023x341,2022-04-14 06:44:56,False
154,Agnieszka,Nijak,KOBIETA,agnnij50_154,szajnaapolonia@example.org,8e35cf17108f1b554a183ba74abbe14230435771ea835c2aca1fe5bc97187c1a,ac93281a-92eb-4ab0-a4ee-c67c1a57f9e4,Wysyłać osoba gatunek.,9495a4ecd82421b46bd939dc530ed937370e69a7,https://picsum.photos/307/366,2025-08-25 05:27:10,False
155,Sandra,Dzierwa,NIEOKRESLONY,sandzi75_155,jeremi19@example.com,abc26cae0b7a16748c270ecb6ee64f7f41056a47c608ba16e6f833a10c02da39,ea75752d-6a8f-4acb-bf8e-2d0d52619dec,Czuć korzystać żołnierz cierpienie.,f8ae0ed7683973f6e283dc53300223f748025038,https://dummyimage.com/821x141,2023-05-07 15:11:32,True
156,Janina,Tryc,KOBIETA,jantry83_156,xlorenz@example.org,905a2dd5fc39fd0ebd5c9bd3aa0c8c75e91307e54e12bdb7a3a231f846c8bf4f,8d9765c7-161d-4c87-93c9-fe594f89e3b2,Dym trzydzieści przejść uniwersytet sierpień.,16efb324024be94798a266e670552b7d42f248f2,https://picsum.photos/400/502,2020-12-31 08:26:08,True
157,Anastazja,Buśko,KOBIETA,anabuś15_157,grzeniajakub@example.net,cf21bf74ea37bb5dd24f3237f29147f9439cb0df5b03bafba257ed2462b4541a,a2cd1590-58af-493c-8aa2-b4c93ba5bd76,Lampa zniszczyć mieszkać płyta ubranie pamięć.,d80b8b27918c349ca3a6558e5f833d2c9a44daf4,https://picsum.photos/291/573,2021-04-26 22:18:27,False
158,Oliwier,Bieniak,MEZCZYZNA,olibie76_158,roza19@example.org,c3779d88e25bd92b5c24b677eb2f60e10d989bfbb94c01e1a7c8a719eb989d96,b36ab3ed-69be-473a-850e-f0add872f72e,Wykonywać doskonały znajdować się miód metal lustro męski.,32544b55a9748adfa7cdb7360ec35cffed65b1c6,https://placekitten.com/645/804,2023-09-21 03:56:49,True
159,Natasza,Pezda,KOBIETA,natpez65_159,lukaszzabierek@example.net,39cc7ec01dc330bde602e297a87dd155c6a5071dfdd2703393c165ef448323ad,f18cccdc-131e-4723-bbcd-f203459ee674,Region pisać źle zazwyczaj.,d3f6425ce46def57ac6da7110b32f607a24f35c3,https://dummyimage.com/425x925,2024-11-20 02:29:34,True
160,Błażej,Sorbian,NIEOKRESLONY,błasor52_160,maciej35@example.org,4892501193b25552ef6d974167a1fbebec490e628052bd60aef8ae85cee55769,cebeabaa-2859-4b34-9725-d2c71eb2a7b8,Budzić rezultat zaczynać trzy.,e9a3655c3db1129a099ea3cfad2c821f9e4073c1,https://dummyimage.com/356x63,2024-10-16 11:25:46,True
161,Dagmara,Kozok,NIEOKRESLONY,dagkoz25_161,grebowiecsebastian@example.org,e0c53634c6a6e24c9ee912c9f376ca2f7db6773bd66d99ed286cc9caf736165c,7648776e-183f-4a70-bff6-579e8cd4b90a,Książka treść chory.,a96abb9692210da54373c6ca846323db4bca0019,https://placekitten.com/820/762,2021-08-29 15:18:01,True
162,Janina,Kabza,NIEOKRESLONY,jankab49_162,kijankakonrad@example.net,69842effc49306086b4621aa9341f3b081dc31a3dd4ff6e6476a7c5f8535bc25,13325c31-d010-418a-aadc-9960424211e2,Świadczyć ciało pacjent kostka cel łaciński.,69b920c9def54c9d15badcb3c3bda81e6f24057c,https://dummyimage.com/887x808,2021-03-13 03:13:32,False
163,Ada,Olszowa,KOBIETA,adaols61_163,jacekkorkosz@example.com,f5b38b32ddfee95842a09b3de9c555cd2348831d3fb4fce224b64fa9b1098582,36f7a26c-5a9c-4679-ac3d-17e26d39da75,Pod m.in. starożytny zobaczyć.,25312dd57093d56210760b897406e460a0ebfb41,https://picsum.photos/981/124,2023-04-29 18:28:34,True
164,Ernest,Pusz,NIEOKRESLONY,ernpus26_164,ingajoniak@example.org,7d8ecfb95bd84760219a8741b406324951b83a29aaeb8ab3a8a21a3d574d7ec0,e2789642-a484-4035-b30f-aaa36b52f93c,Zamiast czekać literacki szanowny archipelag drużyna.,2237731e62cbf5e6ead6e8166a5e095d9da81355,https://dummyimage.com/368x53,2022-10-23 00:11:45,True
165,Ewa,Szumna,KOBIETA,ewaszu95_165,wwosko@example.net,56666cce41e370a6d4b2682efac0e9a69da860088cdfa0faca2511460c66646f,0effd5bd-47eb-440d-874e-48ffcf89569d,Trwały pokój znów alkohol czwartek.,ae1abd45db8f49da726d619f7afa4aa7e6476683,https://placekitten.com/114/449,2024-04-01 07:44:57,False
166,Maks,Orawiec,NIEOKRESLONY,makora32_166,tolajedruszczak@example.net,b19ec69166bc79880a8d0ddcc00c526863d05b526c5670a517572bef21c1dac3,2d14e9f4-2c78-444f-9860-65a2fdd5b0f8,Gęś jako żelazo minuskuła jajo Polak.,923c16b4fc8873773d699ea859360cfabe5d35c5,https://picsum.photos/1008/632,2025-02-12 06:27:25,True
167,Blanka,Woszczyna,KOBIETA,blawos80_167,darazmalwina@example.org,546c3c98d10a4677e921564e4b1072a1241eb1f19dfbe93d0989667972380d3b,3803dcee-9a06-4295-bb8d-34470e61065f,Tytoń dziesięć wartość stacja wyrok procent.,590355cd5a1685be16957c4089830f4e594852bf,https://placekitten.com/44/302,2022-02-24 15:15:17,True
168,Janina,Bereda,KOBIETA,janber46_168,szyjkaewa@example.net,26e8f354f2fd8fc2af4ab90fc63dddc0cc7ae66bbec43d713d7502626d3dbb56,5d696bc8-dc54-459b-86bb-42c7d8b2f8b6,Wyrażać zapach wyłącznie zegar.,85fc1f53c9eec01106e805193e262f15971ac7a3,https://picsum.photos/997/649,2025-09-22 12:55:55,True
169,Sylwia,Soczówka,KOBIETA,sylsoc84_169,juliannamarko@example.org,f8c9e7bad57bdd9901126a0d31a6f38533963f0b0dcca94802029de8620b5679,5b58eb49-c978-4b52-9d1c-0838edc8cca8,Potrawa wolno jej gospodarka poruszać poruszać.,6afd69a928d78f097c965c81781e7b5489a2fd44,https://placekitten.com/66/372,2023-08-27 04:50:21,True
170,Tola,Dębniak,KOBIETA,toldęb66_170,vpacholek@example.net,03972c7d107bab7845481b044ce156c62803d2b51785f8dfa00eb830ffbba906,1aa6f7cb-90c7-46ac-a3bf-e403388c9751,Pierwiastek głupota południowy uzyskać.,52e4ad1b562cb92a86a23bf960ff97e46d1a0dc9,https://picsum.photos/687/914,2023-03-15 12:32:22,False
171,Nikodem,Breguła,NIEOKRESLONY,nikbre37_171,majczynajakub@example.org,6c56e1acad4d32287f8ed67756c3611e59e20239c676e04357bd4a347a886db8,41b455b8-59b9-422c-915a-ffacb173fcdf,Obecnie płynąć początek komórka deska taniec.,374ab9905ae2f7455ca931e29afec55101127f33,https://picsum.photos/981/461,2024-10-13 15:17:44,False
172,Wojciech,Welenc,NIEOKRESLONY,wojwel31_172,robert11@example.com,a0eec71fe24b6f4d06ba8ed115aa5ba0f7728df4e47446828b9064ef8bc32a6e,0523d4fd-4b7f-4183-888d-bd82d883e3f8,Mrówka pole znajdować się tył.,f615c2ae6ecc7d47c9309607c407457b4dde20e3,https://placekitten.com/692/988,2021-03-17 19:53:14,True
173,Sonia,Supernak,KOBIETA,sonsup75_173,mikolajsmetek@example.com,7cc4cf8c8b078fb214e73f60468df67e3753d2b707d43fc39b7ebfba712acf8a,6f27c1b9-e3c6-4edb-9b79-2afa2a3d418d,Oczekiwać ten sam Japonia kolumna popularny.,12e669d8d27fa3f80db0d5c199dffc6259c808d0,https://picsum.photos/609/486,2021-05-14 17:57:13,True
174,Konrad,Sot,MEZCZYZNA,konsot40_174,cisjakub@example.com,788c04c7c6d04fcfbe0aac9dbfeafe3ee1ec7e5c53415194f2c2c300105b6f27,2751ab86-7dae-4949-9700-b4618cb6b0ba,Palec jeżeli prasa ich.,f3647f4f8f63c535b6e642ffb237c10a13f95e17,https://picsum.photos/349/597,2024-12-21 20:51:13,True
175,Adam,Indyk,MEZCZYZNA,adaind35_175,tomasz86@example.org,414db5f8e461ad6ef8dee0bd18733e5a22018d27cf98d22e23d1b048f654c6d0,7d3572cc-788f-40cd-a5c0-6b93c8edabdd,Rachunek gazeta gaz prawda wymagać również.,452a614e8fb4bbe7752ac311a057a703da5eaf07,https://placekitten.com/126/309,2021-10-07 23:32:13,True
176,Maciej,Druszcz,MEZCZYZNA,macdru15_176,biankasurdyk@example.com,67fddc5150dbb5c326bb7a804584bea462bf1bf82f58f80dcde9e8bec28fe670,69fb0763-8a9c-46f7-8ee4-e5125802b640,Określać zakładać łąka przemysł deska suchy długi.,aea23709973783caa84ff2ddde4176621b6494de,https://picsum.photos/71/301,2024-10-06 15:41:46,True
177,Justyna,Komuda,KOBIETA,juskom88_177,maciejsypek@example.org,b74d9b6e98b700620b1a940fef65522873bc0d5ae12271971f103b603c426dde,31567f2a-cef7-4829-b63e-6ef4f8dfcc3a,Powinien aktor morze policjant czynić zniszczyć.,5551adfeaedfbed70d51db46e76447869c44aaab,https://placekitten.com/178/794,2024-04-29 01:48:09,True
178,Liwia,Grygorowicz,KOBIETA,liwgry63_178,bryczekjulianna@example.net,fb6579fc2bf023f9e406e46d37991a5a256b4216861bc5e2f19fcd30531f528c,7549c9f9-850a-48d4-86b5-18dedb4bb8eb,Herb Europa krok daleko wkrótce pokój.,28080ce31a26775b3332cd7885063942ffc3b4dd,https://placekitten.com/206/585,2023-11-14 21:36:39,True
179,Klara,Czerwionka,NIEOKRESLONY,klacze99_179,lgradziel@example.com,0a749184b4a43bbe8f4e5a291a15acb478fdfec79dcebfcc759cf4d33e7f9a02,92701d60-7c4f-48e4-a7a0-2a3d620f230b,Wykonać przedsiębiorstwo władca życie przeprowadzać barwa.,15d8e71ac1ae9040568a47fbc9f6da84e259dfb0,https://dummyimage.com/973x550,2021-02-12 09:32:25,False
180,Lidia,Karol,KOBIETA,lidkar61_180,sszarzec@example.net,2fc7c189844b620bd06a06c49287e6be9721dcedc08481cc7352ba80c27e12c2,47c4cc51-4f9a-4f98-8d95-0273cb2cc805,Praktyka utwór publiczny krzyż.,349e5f29921787a5d54f9c40d0d80f9a4b61661c,https://placekitten.com/657/551,2024-06-28 09:41:37,True
181,Emil,Bona,MEZCZYZNA,emibon93_181,fbejger@example.net,3b8bc4c6e0f0bc16e4dabd9afd4032c0b31d5dd79a764b38c46bc15bdf9db921,361db014-7114-46de-b01c-8db316db80db,Spadek międzynarodowy lecz zima pióro tam.,8b1df2a5d2efcdf794933bd0be4aae9527743e56,https://picsum.photos/59/355,2022-08-27 04:08:23,True
182,Antoni,Chodak,MEZCZYZNA,antcho64_182,konrad45@example.com,e59cc7c65ef55f1037d8066a252a3ea5e72b8dabef39488aebd55af794f85027,eb04159c-0cf1-43f9-b4d9-d1f508775804,Moneta sukienka pomysł gmina drewniany gaz białoruski.,00ea6fcee6c98a409ae1d9547b5c7fbf9048ceb0,https://picsum.photos/716/705,2023-02-23 03:56:54,True
183,Mariusz,Zaguła,MEZCZYZNA,marzag99_183,kzieja@example.net,af80aeccdf71e773de8eda10f4b93cb6e5dc1cc4b316cf53ae5ad53bd6091cf6,0706fec2-48fa-4e98-9723-ecdbb0588256,Centralny rzeczywistość sport bliski ten sam.,3e34d590bad1ef6379bacb27ed9ae2efe658f720,https://picsum.photos/18/970,2022-06-02 15:38:36,False
184,Radosław,Krata,MEZCZYZNA,radkra81_184,jacek66@example.com,2c2254fae149851c31b67d1631912c665d8a8b003b1633d8d9c37bef0c211474,9bbc6cbc-409c-48f2-b948-fe22022aadda,Wszystkie 40 oglądać anioł moneta choroba róg.,486abfc95c328f3085bb7f06ba32faac0527c88f,https://dummyimage.com/766x578,2021-11-12 09:43:28,True
185,Tadeusz,Morys,MEZCZYZNA,tadmor68_185,jacek44@example.org,866604548e3da4872a1525201169d1df3b516e3ec31c3809b56eca4f5650f52b,a3fe0479-46c7-4b36-bd05-39635616af7e,Szósty organizm drugi centralny.,57f431da40c504eafe994518eb41968d4df415d8,https://placekitten.com/827/654,2022-02-19 06:46:00,True
186,Anita,Ziemkiewicz,KOBIETA,anizie95_186,sandra66@example.net,8c454c70a5b9263cf1c04627d62ce0a43c5af48be9e73550bdba8e4f9527dc62,4bacbedf-ff5a-429e-bf53-d344a7c854e4,Z Krwi I Kości nasienie czwartek.,dd3e14cd2a4e70ba16c521a56ec9ba35a8410dd2,https://placekitten.com/455/974,2023-12-30 08:21:00,True
187,Eliza,Morka,KOBIETA,elimor88_187,gustawkarys@example.com,99a142b6040878c5295adf644c64f857aca765b6fd05f57e0fae1606719714fa,a8596f8c-d734-48fe-ab84-3ef3d86d655d,Oddawać szkoda r. archipelag.,4b493a173fd54c9465a94e321475a9c49e14d93d,https://picsum.photos/687/182,2023-12-20 08:43:01,False
188,Artur,Taranek,NIEOKRESLONY,arttar67_188,mariusz49@example.com,3009838ba25de7c335b0c3784472007062a1bf2783d740b43c099af1246915ce,c9c04b7d-6ba4-470b-8e9d-23e9df162ec3,Dziewczynka surowy poeta płeć tarcza owoc mądry.,c3f9300b70469a09535ef98a12399346eba87ce1,https://dummyimage.com/781x611,2021-05-28 12:01:09,True
189,Krystian,Pusz,NIEOKRESLONY,krypus70_189,uwiduch@example.net,76af304f5bd9f1b0f71d518050a2f31ca6ff95e63238586fec359c70ab22740b,68c0cbef-57b9-46b0-b346-a332fe0a824e,Podłoga kąt biblioteka uważać.,f809055f7ca32338cb47dabdd10ee70899e707f5,https://dummyimage.com/9x925,2022-09-23 01:32:51,False
190,Elżbieta,Mszyca,KOBIETA,elżmsz41_190,wopalach@example.org,776892a1a6fb228fb6b3a8b2be49f13e9ff8c0ab89f42405a680d6f9577eafe4,288f3435-c3b5-44db-9387-03c92b29bf36,Sprzedaż urzędnik wąski narodowość.,2470447410829478d8ef568b5cb8249f9da3bc91,https://placekitten.com/77/408,2024-02-13 17:19:25,True
191,Bartek,Franiak,NIEOKRESLONY,barfra72_191,kacperberendt@example.org,d67dde9e3ca3e4a3a0e049c48b5e53ab7ef5db6d087b74eadff0d2d5ae0dd4b3,87f1d48c-d54e-4948-81c0-c5e3527c8f50,Studia również medycyna policja zwykle dzięki smak należeć.,a18d2798907e153e10eaaa957756fef066643239,https://placekitten.com/595/933,2025-05-16 00:22:56,True
192,Rozalia,Koziarz,KOBIETA,rozkoz66_192,cypriankolsut@example.com,d9a65c23ae713143ac6297e24c32d2b961c004d4b99d8fad258736fa1af1e95c,afd0d2f7-e352-4444-af04-af36567c5d44,Kot byk chrześcijaństwo kobieta uczeń.,f2d6909309b99ca13949d270cb0ea213b4d2b7f2,https://placekitten.com/432/44,2025-03-28 09:04:19,True
193,Alan,Baranowicz,NIEOKRESLONY,alabar46_193,strugjuliusz@example.net,c60155b68446416ee3008e70b0a0a9036f8c9968a4109748a815801ca7d9e6e1,cac8d87e-a689-407f-b60b-4f875dd8effc,Trzy nasienie jeżeli zawodnik mój opisać możliwy pas.,6f6764e2169505974bbb08b3836964f0a07ad5df,https://picsum.photos/971/313,2021-01-09 10:39:51,True
194,Roksana,Browarczyk,KOBIETA,rokbro52_194,sebastian61@example.net,cd6cfa46ec5deef6bd5d10ede68bc87e9185d4c9d84990ab9e5fd3ffd1b1d96c,8532fc74-a998-4bdf-99d9-d0b5a962d996,Jeść urządzenie dać brzeg ich uczucie dziewięćdziesiąt powinien.,5788828e56aa10e3adfef3494a4fb5c5b42641e1,https://picsum.photos/604/328,2025-08-10 13:03:19,True
195,Sonia,Drygała,NIEOKRESLONY,sondry20_195,jakubfikus@example.net,7b2e252e6d48d1e626f8da35f96dfd177372581c6d8a55df747d942ec2f50fd2,54a27051-7b0c-4ad9-aee1-3caeb02e21aa,Byk potrzebny szary głos.,8f6632a9e7361c3a433cd9e1146ae9f52ab88017,https://dummyimage.com/153x207,2022-11-29 17:25:36,True
196,Olaf,Szczesiak,MEZCZYZNA,olaszc39_196,maciejcichos@example.com,2de8270e96412c1447a8c2a3ac0293efe5ba6dbd9e00b2bec6211e100b04a25a,198d13a4-0cd2-4e43-b6da-e194439db29d,Ryż słodki dzisiejszy Rosja studiować gatunek.,b3790a4351ec49db858a33d91b138e51cace38dd,https://dummyimage.com/349x673,2024-09-01 11:13:35,False
197,Cezary,Ludwin,NIEOKRESLONY,cezlud29_197,grzegorz16@example.com,441e40a7b891163e2baca7bbd13315bed0a8e7c7bfe89c669ddfe7599e634961,d0a17fe8-5f64-4a53-97cb-a85dbbaa574f,Aż głęboki późny krzesło ciecz finansowy las.,1dc93a787efb81477a674ecdce92652cdec9f0a3,https://picsum.photos/120/326,2024-06-26 02:08:28,True
198,Gustaw,Łokaj,MEZCZYZNA,gusłok63_198,fryderykcitko@example.com,7f28e302a2d65fc70b76dacbde04bd822c5a78c937972bd6ce5e2bfaa16422ed,702b7014-adab-4c2f-91a6-46dacd613988,Sposób książę babka okoliczność dźwięk wyścig brat przyczyna.,f5482b7c1525fd6e93c37f51a09e03f657f4c16c,https://picsum.photos/535/643,2025-05-30 02:07:34,False
199,Janina,Bender,KOBIETA,janben79_199,eliza89@example.org,038548696aa586b874a9ebdf4a15881d8891f25af81d4e4115fd5fdf08c0436b,39571344-90a4-4421-b949-3906939f44eb,Godny prawy usta temu pozbawić zabawka.,9fc886cd6db9cbfea3d6fe707c1cb8d984671499,https://placekitten.com/111/23,2022-04-13 02:13:11,False
200,Eliza,Tokaj,KOBIETA,elitok17_200,igorkarpiak@example.com,3f30988e0cf0dc053bbbee4b2acd27009eca9fe9d35d19a73c7ff06a0c30e570,de9205ea-7eef-49ab-9a14-3a47782351d9,5 tłumaczyć musieć piwo przepis wąski.,cb0b42d3b1807c9f25a2300027e305ab9d84c01f,https://placekitten.com/940/909,2024-10-03 17:31:08,True
