id_wypozyczenia,id_osoby,id_ksiazki,data_wypozyczenia,planowana_data_zwrotu
1,43,473,2024-11-04,2024-12-04
2,166,475,2024-02-25,2024-03-26
3,150,798,2024-08-02,2024-09-01
4,83,424,2025-08-24,2025-09-23
5,117,904,2025-01-23,2025-02-22
6,30,94,2025-04-19,2025-05-19
7,182,537,2024-02-07,2024-03-08
8,98,564,2024-01-01,2024-01-31
9,86,935,2025-03-05,2025-04-04
10,38,890,2025-03-18,2025-04-17
11,80,316,2025-11-14,2025-12-14
12,161,296,2025-11-26,2025-12-26
13,34,921,2024-09-01,2024-10-01
14,160,4,2025-11-24,2025-12-24
15,118,13,2025-04-26,2025-05-26
16,56,244,2024-12-17,2025-01-16
17,21,453,2025-01-13,2025-02-12
18,141,251,2025-08-29,2025-09-28
19,38,190,2024-02-05,2024-03-06
20,9,875,2025-02-20,2025-03-22
21,23,943,2024-06-18,2024-07-18
22,73,689,2024-05-18,2024-06-17
23,149,768,2025-01-18,2025-02-17
24,197,96,2025-04-20,2025-05-20
25,110,777,2025-07-25,2025-08-24
26,121,300,2023-12-25,2024-01-24
27,106,540,2024-12-27,2025-01-26
28,147,112,2023-12-22,2024-01-21
29,177,742,2024-05-31,2024-06-30
30,82,624,2025-04-16,2025-05-16
31,145,630,2024-06-14,2024-07-14
32,47,828,2025-07-15,2025-08-14
33,31,2,2024-03-11,2024-04-10
34,158,819,2024-09-09,2024-10-09
35,12,424,2024-10-13,2024-11-12
36,52,656,2025-07-27,2025-08-26
37,130,308,2024-10-31,2024-11-30
38,86,703,2024-12-21,2025-01-20
39,85,199,2023-12-19,2024-01-18
40,10,817,2024-09-01,2024-10-01
41,138,914,2024-05-10,2024-06-09
42,134,856,2025-09-12,2025-10-12
43,148,214,2024-06-22,2024-07-22
44,39,993,2025-04-28,2025-05-28
45,97,348,2025-09-20,2025-10-20
46,153,192,2025-05-15,2025-06-14
47,9,727,2024-01-12,2024-02-11
48,61,509,2025-01-29,2025-02-28
49,78,538,2025-08-09,2025-09-08
50,24,936,2024-08-23,2024-09-22
51,124,819,2024-02-17,2024-03-18
52,88,195,2025-03-21,2025-04-20
53,197,147,2025-01-31,2025-03-02
54,10,742,2024-05-15,2024-06-14
55,12,319,2025-02-06,2025-03-08
56,12,479,2025-05-20,2025-06-19
57,195,592,2024-10-06,2024-11-05
58,74,198,2024-01-25,2024-02-24
59,39,280,2024-10-15,2024-11-14
60,160,16,2025-02-25,2025-03-27
61,139,212,2024-10-19,2024-11-18
62,181,966,2025-05-30,2025-06-29
63,80,73,2024-05-02,2024-06-01
64,8,134,2024-08-07,2024-09-06
65,14,393,2025-04-05,2025-05-05
66,92,632,2025-02-09,2025-03-11
67,194,998,2025-03-26,2025-04-25
68,179,833,2024-09-20,2024-10-20
69,60,482,2024-10-30,2024-11-29
70,158,882,2025-07-09,2025-08-08
71,171,717,2025-02-28,2025-03-30
72,8,500,2024-02-17,2024-03-18
73,123,360,2024-01-30,2024-02-29
74,197,290,2024-01-14,2024-02-13
75,183,416,2025-09-26,2025-10-26
76,119,546,2024-05-11,2024-06-10
77,41,562,2023-12-22,2024-01-21
78,17,394,2025-02-05,2025-03-07
79,88,581,2025-09-18,2025-10-18
80,183,758,2025-11-18,2025-12-18
81,152,118,2025-03-13,2025-04-12
82,79,181,2024-11-18,2024-12-18
83,154,72,2025-10-21,2025-11-20
84,166,507,2024-09-15,2024-10-15
85,36,223,2025-01-25,2025-02-24
86,39,677,2024-10-06,2024-11-05
87,53,201,2024-05-25,2024-06-24
88,112,941,2025-02-15,2025-03-17
89,131,627,2025-06-02,2025-07-02
90,76,873,2025-05-04,2025-06-03
91,144,721,2025-07-27,2025-08-26
92,8,887,2024-01-03,2024-02-02
93,98,729,2025-12-06,2026-01-05
94,112,391,2024-06-30,2024-07-30
95,49,143,2024-01-23,2024-02-22
96,74,158,2025-08-29,2025-09-28
97,33,687,2024-07-29,2024-08-28
98,5,664,2025-08-01,2025-08-31
99,36,87,2024-07-07,2024-08-06
100,47,639,2024-02-26,2024-03-27
101,58,364,2025-12-04,2026-01-03
102,2,620,2024-10-09,2024-11-08
103,140,421,2024-02-08,2024-03-09
104,146,39,2024-10-14,2024-11-13
105,177,985,2024-10-22,2024-11-21
106,21,530,2025-04-19,2025-05-19
107,162,484,2025-04-24,2025-05-24
108,14,628,2025-05-19,2025-06-18
109,132,465,2024-02-26,2024-03-27
110,76,362,2024-05-16,2024-06-15
111,153,712,2025-08-24,2025-09-23
112,122,645,2023-12-15,2024-01-14
113,189,829,2024-10-15,2024-11-14
114,130,130,2024-05-16,2024-06-15
115,158,136,2024-08-22,2024-09-21
116,29,760,2024-07-19,2024-08-18
117,45,379,2025-01-23,2025-02-22
118,136,186,2024-09-08,2024-10-08
119,40,610,2024-05-10,2024-06-09
120,170,244,2025-03-01,2025-03-31
121,188,592,2025-12-07,2026-01-06
122,165,56,2024-11-01,2024-12-01
123,119,172,2024-02-18,2024-03-19
124,175,389,2025-04-14,2025-05-14
125,112,544,2025-08-31,2025-09-30
126,81,695,2025-07-18,2025-08-17
127,11,700,2025-08-10,2025-09-09
128,167,626,2025-09-26,2025-10-26
129,26,822,2025-12-06,2026-01-05
130,150,671,2023-12-22,2024-01-21
131,87,533,2024-07-25,2024-08-24
132,3,689,2025-08-13,2025-09-12
133,26,422,2025-01-15,2025-02-14
134,186,225,2025-08-14,2025-09-13
135,24,635,2023-12-27,2024-01-26
136,31,726,2025-01-15,2025-02-14
137,196,673,2025-02-20,2025-03-22
138,48,713,2025-11-24,2025-12-24
139,120,302,2023-12-16,2024-01-15
140,117,655,2024-08-12,2024-09-11
141,42,264,2025-09-28,2025-10-28
142,86,398,2025-05-02,2025-06-01
143,68,265,2024-12-17,2025-01-16
144,52,504,2025-11-06,2025-12-06
145,139,148,2024-07-02,2024-08-01
146,67,733,2025-10-17,2025-11-16
147,147,73,2025-05-23,2025-06-22
148,128,919,2025-03-08,2025-04-07
149,100,681,2025-01-21,2025-02-20
150,1,589,2025-06-15,2025-07-15
151,104,447,2025-06-16,2025-07-16
152,99,4,2024-12-22,2025-01-21
153,200,838,2024-09-17,2024-10-17
154,78,699,2025-01-26,2025-02-25
155,88,548,2025-06-14,2025-07-14
156,142,181,2024-06-25,2024-07-25
157,100,713,2025-08-10,2025-09-09
158,162,87,2025-06-24,2025-07-24
159,7,198,2025-10-02,2025-11-01
160,17,399,2024-01-22,2024-02-21
161,116,547,2024-04-21,2024-05-21
162,10,17,2024-08-01,2024-08-31
163,55,122,2025-07-27,2025-08-26
164,149,759,2025-03-14,2025-04-13
165,189,38,2024-06-18,2024-07-18
166,159,929,2025-01-04,2025-02-03
167,162,177,2024-12-03,2025-01-02
168,44,626,2024-02-02,2024-03-03
169,28,838,2025-09-14,2025-10-14
170,52,824,2024-05-27,2024-06-26
171,176,124,2025-02-02,2025-03-04
172,55,330,2025-03-22,2025-04-21
173,31,65,2025-03-21,2025-04-20
174,95,714,2025-07-23,2025-08-22
175,26,137,2024-03-31,2024-04-30
176,125,17,2024-12-02,2025-01-01
177,23,184,2025-02-25,2025-03-27
178,198,711,2025-05-29,2025-06-28
179,37,212,2024-06-07,2024-07-07
180,45,245,2024-08-31,2024-09-30
181,47,611,2025-05-15,2025-06-14
182,108,357,2024-07-17,2024-08-16
183,25,543,2025-07-21,2025-08-20
184,161,789,2025-10-12,2025-11-11
185,39,116,2025-09-15,2025-10-15
186,172,164,2024-07-03,2024-08-02
187,94,661,2025-05-28,2025-06-27
188,195,632,2024-07-07,2024-08-06
189,14,759,2024-08-29,2024-09-28
190,132,497,2025-08-14,2025-09-13
191,51,430,2025-11-23,2025-12-23
192,200,236,2025-02-04,2025-03-06
193,106,756,2025-11-14,2025-12-14
194,57,913,2025-07-15,2025-08-14
195,112,912,2025-10-24,2025-11-23
196,96,397,2025-08-07,2025-09-06
197,70,999,2025-04-04,2025-05-04
198,178,33,2023-12-30,2024-01-29
199,120,873,2024-09-02,2024-10-02
200,88,779,2025-10-09,2025-11-08
201,142,592,2025-07-04,2025-08-03
202,134,422,2024-11-16,2024-12-16
203,4,286,2025-11-15,2025-12-15
204,64,754,2025-09-03,2025-10-03
205,147,936,2024-05-17,2024-06-16
206,188,482,2025-05-01,2025-05-31
207,136,436,2024-01-29,2024-02-28
208,62,508,2024-03-18,2024-04-17
209,56,973,2025-03-15,2025-04-14
210,123,17,2025-07-14,2025-08-13
211,118,721,2025-03-22,2025-04-21
212,198,475,2024-08-18,2024-09-17
213,95,809,2024-03-23,2024-04-22
214,177,395,2024-10-14,2024-11-13
215,110,304,2024-02-08,2024-03-09
216,86,636,2025-07-29,2025-08-28
217,173,528,2024-07-14,2024-08-13
218,99,114,2025-06-08,2025-07-08
219,45,376,2024-09-11,2024-10-11
220,86,142,2025-08-19,2025-09-18
221,123,665,2025-05-23,2025-06-22
222,91,329,2024-11-22,2024-12-22
223,17,56,2025-04-22,2025-05-22
224,182,482,2025-01-17,2025-02-16
225,95,636,2024-04-22,2024-05-22
226,118,914,2025-09-16,2025-10-16
227,20,982,2024-07-28,2024-08-27
228,39,509,2024-09-22,2024-10-22
229,175,427,2025-07-03,2025-08-02
230,89,486,2025-04-22,2025-05-22
231,17,194,2024-10-19,2024-11-18
232,149,422,2024-11-06,2024-12-06
233,171,608,2024-06-06,2024-07-06
234,146,312,2024-11-13,2024-12-13
235,67,809,2024-05-26,2024-06-25
236,91,152,2024-01-17,2024-02-16
237,42,634,2024-09-15,2024-10-15
238,182,860,2024-03-07,2024-04-06
239,30,244,2024-03-28,2024-04-27
240,95,267,2025-01-16,2025-02-15
241,38,353,2025-11-23,2025-12-23
242,139,460,2024-02-15,2024-03-16
243,78,547,2024-10-26,2024-11-25
244,128,415,2024-05-12,2024-06-11
245,190,5,2025-09-17,2025-10-17
246,75,486,2024-11-16,2024-12-16
247,147,773,2025-04-04,2025-05-04
248,29,706,2025-03-10,2025-04-09
249,174,143,2024-11-14,2024-12-14
250,57,633,2024-06-06,2024-07-06
251,15,335,2025-10-25,2025-11-24
252,6,201,2024-02-19,2024-03-20
253,132,1000,2024-12-04,2025-01-03
254,171,931,2024-06-17,2024-07-17
255,110,734,2024-05-13,2024-06-12
256,90,354,2025-07-20,2025-08-19
257,114,746,2025-11-30,2025-12-30
258,114,823,2024-05-14,2024-06-13
259,151,143,2025-10-19,2025-11-18
260,78,213,2025-02-19,2025-03-21
261,152,956,2025-09-20,2025-10-20
262,105,7,2024-09-10,2024-10-10
263,119,570,2024-10-14,2024-11-13
264,98,191,2025-02-12,2025-03-14
265,150,855,2025-04-14,2025-05-14
266,1,28,2024-06-23,2024-07-23
267,171,670,2024-10-13,2024-11-12
268,177,929,2025-02-27,2025-03-29
269,196,123,2025-07-27,2025-08-26
270,191,614,2025-04-17,2025-05-17
271,176,644,2024-08-27,2024-09-26
272,188,525,2024-11-23,2024-12-23
273,15,596,2024-01-12,2024-02-11
274,14,168,2025-07-02,2025-08-01
275,75,297,2025-06-30,2025-07-30
276,50,527,2025-04-16,2025-05-16
277,83,557,2025-11-10,2025-12-10
278,179,702,2024-01-27,2024-02-26
279,149,548,2025-08-19,2025-09-18
280,36,14,2024-03-10,2024-04-09
281,42,349,2024-08-23,2024-09-22
282,57,516,2025-05-20,2025-06-19
283,20,472,2024-01-07,2024-02-06
284,5,946,2025-09-25,2025-10-25
285,114,837,2025-06-12,2025-07-12
286,78,727,2024-06-17,2024-07-17
287,178,132,2024-07-09,2024-08-08
288,34,215,2024-05-18,2024-06-17
289,177,436,2024-03-14,2024-04-13
290,5,80,2025-10-01,2025-10-31
291,28,202,2024-11-09,2024-12-09
292,65,122,2024-04-09,2024-05-09
293,32,802,2025-03-29,2025-04-28
294,90,687,2024-04-27,2024-05-27
295,192,867,2024-05-16,2024-06-15
296,129,165,2025-06-28,2025-07-28
297,149,102,2024-08-18,2024-09-17
298,73,988,2024-10-21,2024-11-20
299,55,947,2024-05-03,2024-06-02
300,151,715,2024-03-17,2024-04-16
301,91,855,2025-10-04,2025-11-03
302,55,435,2024-06-14,2024-07-14
303,120,127,2024-07-02,2024-08-01
304,196,508,2025-09-05,2025-10-05
305,127,336,2024-05-11,2024-06-10
306,114,704,2024-06-15,2024-07-15
307,18,194,2024-09-24,2024-10-24
308,4,184,2024-11-23,2024-12-23
309,173,504,2024-02-18,2024-03-19
310,102,147,2025-08-04,2025-09-03
311,94,67,2025-08-21,2025-09-20
312,52,347,2024-04-24,2024-05-24
313,109,859,2023-12-25,2024-01-24
314,122,365,2025-11-02,2025-12-02
315,197,151,2024-08-18,2024-09-17
316,126,257,2024-12-24,2025-01-23
317,189,102,2024-08-09,2024-09-08
318,174,511,2025-04-04,2025-05-04
319,78,157,2024-03-21,2024-04-20
320,20,779,2025-09-09,2025-10-09
321,76,207,2024-02-03,2024-03-04
322,139,829,2024-05-30,2024-06-29
323,31,902,2025-04-22,2025-05-22
324,10,471,2025-01-30,2025-03-01
325,111,504,2024-11-06,2024-12-06
326,29,783,2023-12-14,2024-01-13
327,41,576,2024-10-02,2024-11-01
328,97,606,2025-01-06,2025-02-05
329,8,63,2024-05-05,2024-06-04
330,94,858,2025-01-27,2025-02-26
331,25,390,2025-03-31,2025-04-30
332,170,58,2024-11-26,2024-12-26
333,177,933,2025-07-29,2025-08-28
334,6,174,2024-03-24,2024-04-23
335,169,472,2025-08-15,2025-09-14
336,179,21,2025-05-13,2025-06-12
337,97,325,2025-05-10,2025-06-09
338,177,103,2025-01-12,2025-02-11
339,158,171,2024-11-25,2024-12-25
340,20,651,2024-01-07,2024-02-06
341,13,272,2024-03-31,2024-04-30
342,191,640,2024-06-25,2024-07-25
343,149,735,2024-09-24,2024-10-24
344,136,581,2024-10-19,2024-11-18
345,78,668,2024-08-08,2024-09-07
346,107,205,2025-08-23,2025-09-22
347,5,903,2025-05-29,2025-06-28
348,170,219,2024-08-22,2024-09-21
349,120,761,2025-10-26,2025-11-25
350,52,535,2025-07-27,2025-08-26
351,39,247,2024-06-10,2024-07-10
352,82,421,2025-11-03,2025-12-03
353,53,650,2024-03-13,2024-04-12
354,176,263,2025-05-20,2025-06-19
355,50,154,2025-09-26,2025-10-26
356,144,498,2024-01-20,2024-02-19
357,166,433,2024-12-11,2025-01-10
358,8,140,2024-10-16,2024-11-15
359,11,660,2025-04-21,2025-05-21
360,6,498,2025-03-10,2025-04-09
361,155,322,2025-06-09,2025-07-09
362,105,923,2024-01-24,2024-02-23
363,186,966,2024-12-17,2025-01-16
364,171,535,2024-01-04,2024-02-03
365,24,906,2023-12-23,2024-01-22
366,81,792,2025-07-28,2025-08-27
367,109,958,2025-05-18,2025-06-17
368,55,180,2025-03-04,2025-04-03
369,105,451,2024-10-06,2024-11-05
370,96,547,2024-01-12,2024-02-11
371,140,325,2025-02-10,2025-03-12
372,38,901,2025-03-02,2025-04-01
373,166,22,2024-11-15,2024-12-15
374,9,621,2024-12-07,2025-01-06
375,142,260,2024-08-05,2024-09-04
376,61,548,2024-07-04,2024-08-03
377,66,950,2024-06-06,2024-07-06
378,42,216,2025-04-25,2025-05-25
379,9,809,2025-11-18,2025-12-18
380,21,888,2024-08-19,2024-09-18
381,86,949,2025-08-31,2025-09-30
382,67,716,2025-03-11,2025-04-10
383,178,465,2025-07-31,2025-08-30
384,165,657,2024-06-04,2024-07-04
385,52,411,2024-07-14,2024-08-13
386,64,162,2024-09-19,2024-10-19
387,82,812,2025-05-04,2025-06-03
388,176,178,2025-12-05,2026-01-04
389,73,819,2024-12-29,2025-01-28
390,97,403,2025-11-25,2025-12-25
391,6,971,2024-02-05,2024-03-06
392,119,998,2024-10-22,2024-11-21
393,159,411,2025-06-08,2025-07-08
394,95,982,2025-05-17,2025-06-16
395,135,736,2024-03-09,2024-04-08
396,183,230,2025-12-11,2026-01-10
397,69,969,2025-10-10,2025-11-09
398,53,442,2024-09-18,2024-10-18
399,47,429,2025-10-24,2025-11-23
400,75,30,2025-04-30,2025-05-30
401,159,242,2025-04-24,2025-05-24
402,3,88,2025-09-23,2025-10-23
403,55,704,2024-11-06,2024-12-06
404,25,75,2024-05-20,2024-06-19
405,61,341,2024-06-20,2024-07-20
406,130,260,2024-10-09,2024-11-08
407,144,136,2023-12-26,2024-01-25
408,127,516,2024-10-24,2024-11-23
409,182,325,2025-05-22,2025-06-21
410,30,267,2024-02-13,2024-03-14
411,72,512,2023-12-25,2024-01-24
412,195,628,2025-07-17,2025-08-16
413,43,915,2025-06-05,2025-07-05
414,49,55,2025-05-17,2025-06-16
415,67,482,2024-02-11,2024-03-12
416,127,917,2025-09-27,2025-10-27
417,29,505,2024-06-17,2024-07-17
418,24,358,2025-05-27,2025-06-26
419,131,768,2024-04-17,2024-05-17
420,197,539,2024-05-25,2024-06-24
421,128,787,2024-02-04,2024-03-05
422,175,698,2024-04-29,2024-05-29
423,8,158,2024-05-07,2024-06-06
424,69,644,2023-12-28,2024-01-27
425,12,338,2024-06-06,2024-07-06
426,13,217,2025-11-02,2025-12-02
427,19,762,2024-10-17,2024-11-16
428,66,409,2025-01-01,2025-01-31
429,54,22,2024-04-14,2024-05-14
430,193,663,2024-11-08,2024-12-08
431,31,158,2025-01-06,2025-02-05
432,176,926,2024-07-19,2024-08-18
433,52,525,2024-11-18,2024-12-18
434,154,577,2024-06-06,2024-07-06
435,48,629,2024-01-11,2024-02-10
436,88,526,2025-02-05,2025-03-07
437,58,693,2024-02-17,2024-03-18
438,162,540,2024-10-26,2024-11-25
439,120,298,2025-03-18,2025-04-17
440,33,153,2024-01-14,2024-02-13
441,146,303,2024-05-13,2024-06-12
442,12,940,2024-09-03,2024-10-03
443,119,97,2024-01-03,2024-02-02
444,150,261,2024-05-21,2024-06-20
445,170,759,2025-06-27,2025-07-27
446,22,47,2025-07-14,2025-08-13
447,186,602,2024-07-10,2024-08-09
448,48,350,2024-03-20,2024-04-19
449,155,765,2024-01-15,2024-02-14
450,5,548,2024-10-18,2024-11-17
451,44,14,2024-04-03,2024-05-03
452,159,311,2025-01-09,2025-02-08
453,78,824,2025-06-22,2025-07-22
454,49,15,2025-03-30,2025-04-29
455,49,713,2024-09-03,2024-10-03
456,62,666,2025-07-01,2025-07-31
457,198,309,2025-01-24,2025-02-23
458,43,120,2025-07-13,2025-08-12
459,6,483,2023-12-19,2024-01-18
460,146,302,2024-07-12,2024-08-11
461,27,9,2024-03-27,2024-04-26
462,127,869,2024-07-25,2024-08-24
463,103,500,2025-11-04,2025-12-04
464,16,732,2025-02-14,2025-03-16
465,166,275,2024-08-24,2024-09-23
466,166,638,2025-09-04,2025-10-04
467,74,166,2025-11-18,2025-12-18
468,113,353,2024-02-27,2024-03-28
469,76,135,2025-04-13,2025-05-13
470,121,816,2024-02-09,2024-03-10
471,177,290,2025-05-07,2025-06-06
472,52,178,2024-11-10,2024-12-10
473,127,966,2025-01-23,2025-02-22
474,67,368,2025-06-23,2025-07-23
475,129,179,2025-02-17,2025-03-19
476,111,346,2025-07-04,2025-08-03
477,67,499,2024-06-02,2024-07-02
478,91,804,2025-03-10,2025-04-09
479,177,874,2024-04-14,2024-05-14
480,113,949,2024-02-06,2024-03-07
481,157,801,2025-09-03,2025-10-03
482,27,520,2024-01-31,2024-03-01
483,53,892,2025-10-23,2025-11-22
484,75,746,2024-08-10,2024-09-09
485,166,158,2025-08-16,2025-09-15
486,52,869,2024-06-20,2024-07-20
487,122,855,2025-04-17,2025-05-17
488,96,273,2024-09-30,2024-10-30
489,193,156,2024-12-31,2025-01-30
490,110,822,2025-02-11,2025-03-13
491,8,967,2024-09-06,2024-10-06
492,87,87,2025-01-25,2025-02-24
493,101,63,2024-11-27,2024-12-27
494,183,647,2024-06-10,2024-07-10
495,175,412,2024-05-10,2024-06-09
496,89,932,2025-08-26,2025-09-25
497,165,457,2025-07-11,2025-08-10
498,167,909,2025-05-24,2025-06-23
499,138,38,2024-07-04,2024-08-03
500,24,219,2024-10-07,2024-11-06
501,8,24,2024-10-01,2024-10-31
502,199,853,2025-12-08,2026-01-07
503,109,744,2025-11-30,2025-12-30
504,96,62,2024-12-21,2025-01-20
505,194,49,2024-11-09,2024-12-09
506,77,460,2025-12-05,2026-01-04
507,61,348,2025-07-05,2025-08-04
508,73,307,2024-10-17,2024-11-16
509,189,533,2025-01-27,2025-02-26
510,26,466,2024-03-21,2024-04-20
511,16,95,2025-04-03,2025-05-03
512,55,488,2024-05-21,2024-06-20
513,68,893,2024-01-23,2024-02-22
514,126,706,2024-01-01,2024-01-31
515,33,518,2025-07-08,2025-08-07
516,55,712,2024-12-25,2025-01-24
517,41,765,2024-05-22,2024-06-21
518,31,113,2024-12-12,2025-01-11
519,96,121,2023-12-23,2024-01-22
520,8,498,2024-06-15,2024-07-15
521,151,803,2025-11-10,2025-12-10
522,73,911,2025-01-07,2025-02-06
523,141,126,2024-11-28,2024-12-28
524,147,493,2025-08-20,2025-09-19
525,185,487,2024-12-30,2025-01-29
526,36,781,2024-07-24,2024-08-23
527,187,153,2025-09-30,2025-10-30
528,102,239,2024-11-12,2024-12-12
529,172,982,2025-10-01,2025-10-31
530,43,887,2024-07-08,2024-08-07
531,144,660,2024-06-09,2024-07-09
532,122,769,2025-01-09,2025-02-08
533,169,124,2025-05-10,2025-06-09
534,53,806,2024-09-02,2024-10-02
535,137,827,2023-12-25,2024-01-24
536,6,883,2025-01-22,2025-02-21
537,136,881,2025-01-17,2025-02-16
538,139,102,2025-10-04,2025-11-03
539,66,188,2024-04-20,2024-05-20
540,105,315,2024-09-26,2024-10-26
541,84,630,2025-05-17,2025-06-16
542,26,400,2024-11-26,2024-12-26
543,31,385,2024-01-05,2024-02-04
544,193,521,2024-07-18,2024-08-17
545,16,276,2024-07-05,2024-08-04
546,8,496,2025-11-10,2025-12-10
547,151,568,2025-07-05,2025-08-04
548,105,582,2025-07-21,2025-08-20
549,139,383,2024-08-30,2024-09-29
550,63,801,2025-08-09,2025-09-08
551,119,2,2024-09-07,2024-10-07
552,75,636,2024-06-26,2024-07-26
553,16,1,2024-04-17,2024-05-17
554,175,860,2025-02-17,2025-03-19
555,42,47,2024-06-20,2024-07-20
556,102,92,2024-09-22,2024-10-22
557,111,900,2025-04-17,2025-05-17
558,67,651,2025-01-12,2025-02-11
559,116,725,2025-02-03,2025-03-05
560,118,216,2024-12-18,2025-01-17
561,5,337,2025-04-13,2025-05-13
562,1,662,2024-06-26,2024-07-26
563,3,924,2024-04-23,2024-05-23
564,21,552,2024-02-25,2024-03-26
565,172,914,2024-01-17,2024-02-16
566,97,362,2025-03-07,2025-04-06
567,197,860,2024-07-06,2024-08-05
568,119,128,2024-06-10,2024-07-10
569,191,227,2025-10-08,2025-11-07
570,158,93,2025-02-06,2025-03-08
571,93,506,2024-01-16,2024-02-15
572,164,201,2024-09-07,2024-10-07
573,142,175,2025-08-06,2025-09-05
574,33,603,2024-07-17,2024-08-16
575,146,266,2025-05-28,2025-06-27
576,174,869,2025-08-13,2025-09-12
577,110,3,2024-11-29,2024-12-29
578,105,443,2025-09-26,2025-10-26
579,133,371,2025-08-25,2025-09-24
580,108,285,2025-03-14,2025-04-13
581,86,200,2025-04-29,2025-05-29
582,109,707,2025-06-29,2025-07-29
583,64,940,2024-07-04,2024-08-03
584,161,642,2025-07-12,2025-08-11
585,161,607,2025-01-12,2025-02-11
586,122,111,2025-03-14,2025-04-13
587,61,533,2025-01-12,2025-02-11
588,115,641,2024-06-09,2024-07-09
589,16,998,2023-12-17,2024-01-16
590,33,802,2025-10-23,2025-11-22
591,157,309,2024-03-14,2024-04-13
592,174,105,2025-01-19,2025-02-18
593,98,302,2025-07-25,2025-08-24
594,154,886,2025-09-16,2025-10-16
595,119,394,2024-11-06,2024-12-06
596,173,667,2025-09-11,2025-10-11
597,27,111,2024-01-19,2024-02-18
598,147,927,2025-11-18,2025-12-18
599,66,522,2025-01-31,2025-03-02
600,36,249,2024-01-03,2024-02-02
601,80,131,2025-08-02,2025-09-01
602,139,598,2025-06-19,2025-07-19
603,80,481,2024-12-10,2025-01-09
604,151,531,2024-09-22,2024-10-22
605,61,59,2025-08-17,2025-09-16
606,51,353,2025-06-19,2025-07-19
607,52,656,2025-12-11,2026-01-10
608,171,194,2024-05-31,2024-06-30
609,149,873,2025-03-01,2025-03-31
610,42,337,2024-06-07,2024-07-07
611,1,225,2025-05-07,2025-06-06
612,55,639,2025-06-10,2025-07-10
613,103,211,2025-06-28,2025-07-28
614,3,372,2025-03-14,2025-04-13
615,30,569,2025-02-13,2025-03-15
616,8,45,2025-10-18,2025-11-17
617,68,907,2024-09-17,2024-10-17
618,6,201,2025-07-29,2025-08-28
619,174,852,2024-09-29,2024-10-29
620,54,959,2024-11-26,2024-12-26
621,44,677,2025-07-26,2025-08-25
622,37,122,2025-07-26,2025-08-25
623,49,814,2024-11-05,2024-12-05
624,110,614,2025-08-11,2025-09-10
625,12,251,2023-12-19,2024-01-18
626,39,809,2024-01-03,2024-02-02
627,72,645,2025-10-11,2025-11-10
628,21,745,2025-07-22,2025-08-21
629,100,521,2025-06-11,2025-07-11
630,119,532,2024-06-25,2024-07-25
631,127,733,2024-05-01,2024-05-31
632,57,213,2024-12-18,2025-01-17
633,79,224,2024-01-12,2024-02-11
634,141,261,2025-03-14,2025-04-13
635,133,456,2025-01-15,2025-02-14
636,160,525,2024-06-15,2024-07-15
637,95,419,2025-03-24,2025-04-23
638,46,26,2024-10-26,2024-11-25
639,22,924,2025-07-16,2025-08-15
640,59,949,2024-08-28,2024-09-27
641,10,369,2024-07-25,2024-08-24
642,78,257,2025-07-06,2025-08-05
643,155,723,2025-09-14,2025-10-14
644,193,876,2025-10-06,2025-11-05
645,77,789,2025-01-23,2025-02-22
646,149,842,2025-10-23,2025-11-22
647,168,484,2025-04-13,2025-05-13
648,59,234,2025-03-10,2025-04-09
649,151,529,2025-11-02,2025-12-02
650,22,349,2025-11-30,2025-12-30
651,49,867,2024-08-01,2024-08-31
652,116,450,2025-04-16,2025-05-16
653,36,384,2024-05-13,2024-06-12
654,189,313,2025-05-24,2025-06-23
655,108,231,2025-07-17,2025-08-16
656,151,334,2024-05-28,2024-06-27
657,85,158,2025-08-10,2025-09-09
658,101,210,2025-07-27,2025-08-26
659,85,112,2025-01-14,2025-02-13
660,27,176,2025-04-26,2025-05-26
661,48,28,2023-12-18,2024-01-17
662,75,239,2025-11-21,2025-12-21
663,95,59,2025-07-02,2025-08-01
664,106,335,2024-09-22,2024-10-22
665,138,133,2024-05-28,2024-06-27
666,53,979,2025-12-03,2026-01-02
667,80,211,2025-11-08,2025-12-08
668,148,619,2024-10-26,2024-11-25
669,52,283,2024-06-08,2024-07-08
670,17,457,2024-06-24,2024-07-24
671,146,933,2024-11-20,2024-12-20
672,24,755,2025-08-16,2025-09-15
673,157,401,2025-11-22,2025-12-22
674,46,256,2025-04-14,2025-05-14
675,169,394,2024-02-12,2024-03-13
676,12,716,2025-12-08,2026-01-07
677,71,162,2025-05-30,2025-06-29
678,186,715,2024-10-08,2024-11-07
679,142,781,2024-12-31,2025-01-30
680,197,517,2025-01-05,2025-02-04
681,54,259,2024-01-12,2024-02-11
682,178,655,2024-06-29,2024-07-29
683,103,764,2025-08-09,2025-09-08
684,30,257,2025-09-05,2025-10-05
685,172,335,2025-08-06,2025-09-05
686,141,85,2025-12-06,2026-01-05
687,113,973,2024-11-21,2024-12-21
688,5,175,2025-05-01,2025-05-31
689,190,548,2025-05-11,2025-06-10
690,196,688,2025-08-27,2025-09-26
691,46,367,2025-02-14,2025-03-16
692,173,915,2024-01-29,2024-02-28
693,177,400,2024-09-05,2024-10-05
694,2,613,2025-04-14,2025-05-14
695,62,384,2025-05-27,2025-06-26
696,8,432,2025-08-26,2025-09-25
697,50,346,2025-06-09,2025-07-09
698,25,226,2024-08-09,2024-09-08
699,107,46,2024-06-23,2024-07-23
700,161,576,2024-09-07,2024-10-07
701,60,124,2025-08-14,2025-09-13
702,103,16,2024-03-23,2024-04-22
703,55,399,2025-03-11,2025-04-10
704,72,674,2024-04-23,2024-05-23
705,56,907,2024-09-25,2024-10-25
706,138,730,2025-01-15,2025-02-14
707,25,983,2024-05-05,2024-06-04
708,45,341,2024-07-02,2024-08-01
709,86,70,2025-03-07,2025-04-06
710,164,524,2024-03-04,2024-04-03
711,158,22,2024-07-22,2024-08-21
712,61,317,2025-02-08,2025-03-10
713,36,62,2023-12-17,2024-01-16
714,53,385,2025-02-18,2025-03-20
715,72,138,2024-11-24,2024-12-24
716,74,664,2024-06-30,2024-07-30
717,53,249,2024-08-21,2024-09-20
718,98,623,2025-02-28,2025-03-30
719,126,67,2024-04-24,2024-05-24
720,53,961,2024-02-25,2024-03-26
721,21,520,2025-04-30,2025-05-30
722,51,739,2025-01-08,2025-02-07
723,148,293,2025-03-01,2025-03-31
724,124,884,2024-05-17,2024-06-16
725,121,172,2024-02-26,2024-03-27
726,124,840,2025-08-05,2025-09-04
727,77,778,2025-06-17,2025-07-17
728,187,567,2024-01-12,2024-02-11
729,73,465,2024-09-06,2024-10-06
730,35,342,2025-01-20,2025-02-19
731,4,5,2025-11-01,2025-12-01
732,107,415,2024-12-19,2025-01-18
733,79,502,2024-10-09,2024-11-08
734,10,907,2025-07-29,2025-08-28
735,99,128,2025-01-19,2025-02-18
736,196,199,2024-10-17,2024-11-16
737,177,651,2025-08-30,2025-09-29
738,99,667,2025-03-23,2025-04-22
739,9,490,2025-06-30,2025-07-30
740,155,268,2024-06-28,2024-07-28
741,155,254,2025-08-26,2025-09-25
742,198,120,2024-10-02,2024-11-01
743,151,724,2024-02-01,2024-03-02
744,133,83,2025-02-11,2025-03-13
745,178,259,2025-12-06,2026-01-05
746,137,513,2024-07-16,2024-08-15
747,187,771,2025-09-29,2025-10-29
748,147,652,2024-02-14,2024-03-15
749,54,767,2024-10-05,2024-11-04
750,126,173,2024-08-18,2024-09-17
751,179,793,2025-07-03,2025-08-02
752,46,175,2025-01-02,2025-02-01
753,47,499,2024-01-29,2024-02-28
754,146,462,2024-07-01,2024-07-31
755,47,768,2024-03-01,2024-03-31
756,161,452,2025-05-09,2025-06-08
757,163,890,2025-01-02,2025-02-01
758,71,128,2025-11-10,2025-12-10
759,61,600,2025-02-12,2025-03-14
760,69,63,2025-05-20,2025-06-19
761,150,682,2024-11-27,2024-12-27
762,55,100,2025-07-26,2025-08-25
763,155,385,2024-08-10,2024-09-09
764,194,485,2025-08-02,2025-09-01
765,88,699,2025-05-16,2025-06-15
766,62,837,2025-06-21,2025-07-21
767,15,626,2024-03-13,2024-04-12
768,85,895,2024-01-04,2024-02-03
769,179,468,2024-08-22,2024-09-21
770,32,617,2024-10-18,2024-11-17
771,159,463,2024-10-26,2024-11-25
772,49,677,2024-05-10,2024-06-09
773,93,649,2025-10-25,2025-11-24
774,156,240,2024-03-21,2024-04-20
775,122,439,2024-10-26,2024-11-25
776,180,878,2025-11-13,2025-12-13
777,76,395,2024-04-28,2024-05-28
778,128,131,2025-09-27,2025-10-27
779,115,918,2024-07-14,2024-08-13
780,170,494,2024-11-04,2024-12-04
781,169,772,2024-05-29,2024-06-28
782,184,446,2025-12-05,2026-01-04
783,84,952,2025-11-28,2025-12-28
784,72,785,2024-01-06,2024-02-05
785,35,682,2024-04-30,2024-05-30
786,178,815,2025-12-10,2026-01-09
787,58,893,2025-07-30,2025-08-29
788,184,387,2024-09-01,2024-10-01
789,60,828,2025-11-16,2025-12-16
790,75,119,2025-07-19,2025-08-18
791,190,349,2025-07-04,2025-08-03
792,81,131,2025-05-25,2025-06-24
793,189,591,2025-04-20,2025-05-20
794,138,605,2024-12-29,2025-01-28
795,94,790,2025-02-05,2025-03-07
796,102,110,2025-07-06,2025-08-05
797,76,149,2024-10-29,2024-11-28
798,73,616,2024-08-30,2024-09-29
799,129,317,2025-09-30,2025-10-30
800,71,127,2024-06-10,2024-07-10
801,147,724,2024-08-28,2024-09-27
802,181,299,2024-12-19,2025-01-18
803,86,61,2025-02-12,2025-03-14
804,189,718,2024-10-05,2024-11-04
805,101,745,2024-11-01,2024-12-01
806,101,562,2024-10-11,2024-11-10
807,101,776,2024-12-03,2025-01-02
808,50,714,2025-11-11,2025-12-11
809,25,404,2024-05-26,2024-06-25
810,168,469,2024-11-07,2024-12-07
811,179,453,2025-09-23,2025-10-23
812,56,215,2025-08-08,2025-09-07
813,148,744,2024-01-03,2024-02-02
814,110,974,2024-05-30,2024-06-29
815,15,949,2025-11-26,2025-12-26
816,122,998,2024-04-03,2024-05-03
817,132,121,2025-10-14,2025-11-13
818,185,643,2024-02-25,2024-03-26
819,62,122,2024-03-07,2024-04-06
820,178,795,2025-04-21,2025-05-21
821,169,687,2025-05-20,2025-06-19
822,168,648,2025-06-21,2025-07-21
823,30,123,2024-04-19,2024-05-19
824,147,601,2024-07-14,2024-08-13
825,71,492,2024-08-18,2024-09-17
826,152,814,2025-02-20,2025-03-22
827,33,586,2024-11-09,2024-12-09
828,138,731,2024-02-13,2024-03-14
829,138,570,2024-09-15,2024-10-15
830,150,532,2025-10-25,2025-11-24
831,169,989,2024-07-12,2024-08-11
832,115,569,2024-12-21,2025-01-20
833,33,41,2025-03-31,2025-04-30
834,66,576,2025-03-05,2025-04-04
835,32,87,2025-01-09,2025-02-08
836,169,968,2025-10-08,2025-11-07
837,137,675,2025-10-31,2025-11-30
838,91,536,2024-07-31,2024-08-30
839,12,679,2025-11-09,2025-12-09
840,56,877,2024-07-05,2024-08-04
841,142,617,2025-05-30,2025-06-29
842,160,747,2025-06-16,2025-07-16
843,167,391,2024-02-28,2024-03-29
844,66,968,2025-02-07,2025-03-09
845,162,73,2025-05-22,2025-06-21
846,169,578,2024-09-07,2024-10-07
847,40,842,2024-02-01,2024-03-02
848,155,27,2025-03-20,2025-04-19
849,141,701,2025-03-17,2025-04-16
850,86,932,2024-10-26,2024-11-25
851,58,890,2025-01-13,2025-02-12
852,57,387,2024-05-18,2024-06-17
853,32,802,2025-05-31,2025-06-30
854,136,98,2024-04-13,2024-05-13
855,26,623,2024-12-19,2025-01-18
856,193,326,2025-07-10,2025-08-09
857,33,607,2024-11-01,2024-12-01
858,97,147,2024-03-30,2024-04-29
859,200,725,2025-08-16,2025-09-15
860,113,188,2025-09-16,2025-10-16
861,120,818,2025-11-24,2025-12-24
862,110,283,2025-10-20,2025-11-19
863,23,651,2025-09-18,2025-10-18
864,21,650,2025-01-29,2025-02-28
865,15,590,2025-03-13,2025-04-12
866,109,986,2025-04-15,2025-05-15
867,132,510,2024-01-26,2024-02-25
868,158,15,2025-01-12,2025-02-11
869,137,720,2024-04-01,2024-05-01
870,44,988,2025-11-22,2025-12-22
871,94,77,2024-05-30,2024-06-29
872,127,433,2024-12-22,2025-01-21
873,174,936,2024-03-06,2024-04-05
874,124,307,2024-01-02,2024-02-01
875,79,223,2024-09-27,2024-10-27
876,159,914,2025-03-16,2025-04-15
877,2,365,2024-11-01,2024-12-01
878,2,110,2023-12-21,2024-01-20
879,3,364,2024-04-17,2024-05-17
880,132,542,2024-05-13,2024-06-12
881,40,8,2024-06-04,2024-07-04
882,96,405,2025-05-31,2025-06-30
883,113,112,2025-03-27,2025-04-26
884,192,363,2025-01-11,2025-02-10
885,73,195,2023-12-28,2024-01-27
886,9,923,2024-07-13,2024-08-12
887,108,122,2024-11-22,2024-12-22
888,196,770,2025-06-14,2025-07-14
889,28,113,2024-06-19,2024-07-19
890,89,160,2024-04-08,2024-05-08
891,88,695,2025-11-28,2025-12-28
892,153,1000,2024-12-27,2025-01-26
893,125,289,2025-08-14,2025-09-13
894,131,747,2024-05-02,2024-06-01
895,64,718,2024-03-21,2024-04-20
896,27,724,2024-07-11,2024-08-10
897,152,876,2024-05-07,2024-06-06
898,31,235,2025-06-07,2025-07-07
899,50,281,2025-11-17,2025-12-17
900,158,19,2025-07-21,2025-08-20
901,135,418,2024-12-26,2025-01-25
902,110,345,2025-11-28,2025-12-28
903,131,63,2024-08-13,2024-09-12
904,29,312,2025-02-03,2025-03-05
905,82,253,2025-07-11,2025-08-10
906,170,54,2025-06-18,2025-07-18
907,156,287,2025-06-22,2025-07-22
908,86,373,2024-02-26,2024-03-27
909,4,686,2024-02-29,2024-03-30
910,190,370,2024-11-07,2024-12-07
911,71,666,2024-03-25,2024-04-24
912,162,134,2024-09-04,2024-10-04
913,151,43,2025-03-01,2025-03-31
914,168,906,2024-10-10,2024-11-09
915,140,77,2025-11-25,2025-12-25
916,186,309,2025-07-12,2025-08-11
917,33,45,2025-04-02,2025-05-02
918,94,917,2025-09-24,2025-10-24
919,124,70,2025-07-12,2025-08-11
920,71,614,2025-09-29,2025-10-29
921,12,297,2024-11-22,2024-12-22
922,178,63,2024-01-31,2024-03-01
923,137,702,2025-01-06,2025-02-05
924,113,170,2024-09-23,2024-10-23
925,70,622,2024-02-05,2024-03-06
926,147,164,2024-03-13,2024-04-12
927,182,516,2024-07-07,2024-08-06
928,182,304,2025-05-15,2025-06-14
929,58,176,2025-11-15,2025-12-15
930,75,244,2024-11-19,2024-12-19
931,72,965,2024-11-19,2024-12-19
932,54,844,2024-12-07,2025-01-06
933,89,665,2025-09-20,2025-10-20
934,181,970,2024-03-13,2024-04-12
935,157,920,2024-10-05,2024-11-04
936,3,641,2024-05-17,2024-06-16
937,5,263,2024-03-11,2024-04-10
938,168,969,2025-05-29,2025-06-28
939,84,226,2024-08-13,2024-09-12
940,60,457,2025-04-03,2025-05-03
941,123,924,2024-05-14,2024-06-13
942,46,836,2025-01-21,2025-02-20
943,80,22,2024-01-20,2024-02-19
944,37,72,2025-03-17,2025-04-16
945,186,103,2025-08-20,2025-09-19
946,99,387,2024-10-19,2024-11-18
947,64,136,2024-03-31,2024-04-30
948,3,812,2025-04-30,2025-05-30
949,139,109,2025-07-05,2025-08-04
950,123,143,2025-11-12,2025-12-12
951,42,836,2024-12-07,2025-01-06
952,140,58,2025-01-12,2025-02-11
953,12,845,2025-07-17,2025-08-16
954,1,146,2024-10-13,2024-11-12
955,110,233,2025-10-26,2025-11-25
956,176,944,2025-08-09,2025-09-08
957,29,174,2024-03-07,2024-04-06
958,86,631,2024-02-22,2024-03-23
959,12,918,2025-01-17,2025-02-16
960,47,615,2025-07-14,2025-08-13
961,171,915,2025-03-01,2025-03-31
962,27,897,2024-02-01,2024-03-02
963,183,831,2025-02-23,2025-03-25
964,168,797,2024-04-18,2024-05-18
965,115,400,2025-02-18,2025-03-20
966,148,116,2024-06-08,2024-07-08
967,83,93,2025-05-28,2025-06-27
968,197,187,2025-06-19,2025-07-19
969,178,493,2024-07-17,2024-08-16
970,163,617,2025-08-03,2025-09-02
971,141,429,2025-08-01,2025-08-31
972,22,394,2025-06-17,2025-07-17
973,93,241,2025-05-26,2025-06-25
974,122,572,2024-07-07,2024-08-06
975,29,944,2024-01-09,2024-02-08
976,118,302,2025-09-22,2025-10-22
977,58,216,2024-03-22,2024-04-21
978,179,121,2024-11-13,2024-12-13
979,14,381,2025-04-23,2025-05-23
980,153,858,2025-06-18,2025-07-18
981,94,151,2025-09-09,2025-10-09
982,107,583,2024-01-16,2024-02-15
983,136,767,2025-05-14,2025-06-13
984,87,740,2025-01-13,2025-02-12
985,40,114,2025-10-31,2025-11-30
986,42,516,2025-11-12,2025-12-12
987,109,853,2024-06-03,2024-07-03
988,59,727,2024-08-26,2024-09-25
989,24,279,2025-05-09,2025-06-08
990,55,761,2025-02-15,2025-03-17
991,101,225,2025-11-08,2025-12-08
992,81,489,2025-07-03,2025-08-02
993,96,56,2025-02-05,2025-03-07
994,20,107,2025-07-14,2025-08-13
995,73,246,2025-02-24,2025-03-26
996,55,67,2024-12-07,2025-01-06
997,52,565,2024-07-18,2024-08-17
998,69,247,2025-04-17,2025-05-17
999,13,47,2025-04-22,2025-05-22
1000,73,770,2024-05-25,2024-06-24
1001,50,513,2024-09-28,2024-10-28
1002,173,720,2025-04-26,2025-05-26
1003,151,25,2024-08-05,2024-09-04
1004,39,166,2024-01-28,2024-02-27
1005,161,907,2025-10-03,2025-11-02
1006,175,827,2025-12-01,2025-12-31
1007,42,736,2025-12-03,2026-01-02
1008,34,459,2025-08-03,2025-09-02
1009,183,913,2025-01-10,2025-02-09
1010,156,626,2025-08-20,2025-09-19
1011,161,581,2024-08-12,2024-09-11
1012,4,100,2025-08-05,2025-09-04
1013,25,511,2025-12-05,2026-01-04
1014,44,322,2025-02-10,2025-03-12
1015,72,70,2024-07-24,2024-08-23
1016,182,184,2024-04-13,2024-05-13
1017,114,782,2025-09-30,2025-10-30
1018,32,963,2023-12-13,2024-01-12
1019,11,500,2024-07-31,2024-08-30
1020,159,878,2025-03-30,2025-04-29
1021,94,452,2025-07-25,2025-08-24
1022,175,86,2024-09-18,2024-10-18
1023,165,636,2025-04-13,2025-05-13
1024,27,159,2024-06-24,2024-07-24
1025,103,584,2025-11-28,2025-12-28
1026,119,398,2025-04-04,2025-05-04
1027,137,658,2024-04-29,2024-05-29
1028,188,185,2025-01-06,2025-02-05
1029,85,412,2024-12-31,2025-01-30
1030,190,720,2024-10-09,2024-11-08
1031,40,559,2025-11-30,2025-12-30
1032,164,150,2024-12-09,2025-01-08
1033,93,64,2025-05-15,2025-06-14
1034,6,217,2024-08-31,2024-09-30
1035,109,701,2024-11-12,2024-12-12
1036,18,146,2024-11-26,2024-12-26
1037,183,306,2024-08-13,2024-09-12
1038,14,189,2024-06-05,2024-07-05
1039,51,169,2025-07-16,2025-08-15
1040,177,549,2025-01-19,2025-02-18
1041,178,935,2024-10-25,2024-11-24
1042,186,80,2024-10-24,2024-11-23
1043,188,681,2025-02-19,2025-03-21
1044,118,155,2025-01-16,2025-02-15
1045,173,812,2024-02-09,2024-03-10
1046,33,966,2024-08-10,2024-09-09
1047,191,224,2024-09-03,2024-10-03
1048,179,431,2025-04-26,2025-05-26
1049,97,616,2024-05-25,2024-06-24
1050,94,380,2025-07-20,2025-08-19
1051,117,665,2025-03-15,2025-04-14
1052,196,536,2025-09-13,2025-10-13
1053,46,383,2024-03-22,2024-04-21
1054,112,556,2025-05-17,2025-06-16
1055,159,719,2024-08-06,2024-09-05
1056,27,826,2025-09-06,2025-10-06
1057,106,632,2024-02-17,2024-03-18
1058,149,516,2025-10-11,2025-11-10
1059,58,217,2025-08-21,2025-09-20
1060,121,201,2024-05-15,2024-06-14
1061,119,360,2025-07-11,2025-08-10
1062,96,963,2025-10-31,2025-11-30
1063,169,901,2024-05-17,2024-06-16
1064,107,5,2024-12-25,2025-01-24
1065,96,158,2024-05-18,2024-06-17
1066,147,175,2024-05-06,2024-06-05
1067,143,248,2025-08-26,2025-09-25
1068,158,198,2024-04-24,2024-05-24
1069,163,132,2024-10-14,2024-11-13
1070,82,926,2025-05-06,2025-06-05
1071,33,728,2024-08-03,2024-09-02
1072,142,858,2025-09-24,2025-10-24
1073,7,96,2024-01-21,2024-02-20
1074,182,633,2025-01-19,2025-02-18
1075,98,586,2024-02-25,2024-03-26
1076,162,650,2025-03-22,2025-04-21
1077,50,305,2025-04-18,2025-05-18
1078,14,676,2024-07-31,2024-08-30
1079,6,643,2024-08-09,2024-09-08
1080,153,471,2024-07-21,2024-08-20
1081,68,290,2025-02-20,2025-03-22
1082,127,80,2025-02-27,2025-03-29
1083,126,104,2024-01-27,2024-02-26
1084,161,983,2025-07-30,2025-08-29
1085,81,912,2024-04-03,2024-05-03
1086,3,306,2023-12-30,2024-01-29
1087,88,1000,2025-01-19,2025-02-18
1088,158,496,2024-07-29,2024-08-28
1089,134,163,2024-03-30,2024-04-29
1090,156,198,2025-08-21,2025-09-20
1091,132,531,2024-12-09,2025-01-08
1092,56,921,2024-06-10,2024-07-10
1093,22,226,2024-09-14,2024-10-14
1094,71,275,2025-03-30,2025-04-29
1095,182,357,2025-03-07,2025-04-06
1096,132,447,2024-03-06,2024-04-05
1097,176,203,2025-02-28,2025-03-30
1098,150,106,2024-03-20,2024-04-19
1099,53,814,2024-02-22,2024-03-23
1100,111,500,2024-08-13,2024-09-12
1101,28,638,2024-12-16,2025-01-15
1102,162,383,2025-05-14,2025-06-13
1103,131,982,2025-01-08,2025-02-07
1104,8,408,2024-11-08,2024-12-08
1105,48,810,2025-09-06,2025-10-06
1106,169,221,2025-11-30,2025-12-30
1107,38,381,2024-06-29,2024-07-29
1108,82,10,2025-06-11,2025-07-11
1109,146,477,2024-07-13,2024-08-12
1110,155,291,2025-06-16,2025-07-16
1111,156,734,2025-01-27,2025-02-26
1112,194,699,2025-09-14,2025-10-14
1113,13,202,2025-07-17,2025-08-16
1114,31,432,2024-04-16,2024-05-16
1115,84,616,2025-02-22,2025-03-24
1116,165,19,2024-11-12,2024-12-12
1117,34,292,2024-02-11,2024-03-12
1118,166,346,2025-08-29,2025-09-28
1119,78,741,2024-04-20,2024-05-20
1120,143,82,2023-12-22,2024-01-21
1121,179,306,2025-08-16,2025-09-15
1122,165,506,2024-08-11,2024-09-10
1123,96,125,2024-04-05,2024-05-05
1124,58,30,2025-05-19,2025-06-18
1125,27,143,2025-10-29,2025-11-28
1126,177,883,2025-01-11,2025-02-10
1127,186,196,2024-11-23,2024-12-23
1128,12,266,2024-01-02,2024-02-01
1129,177,338,2024-01-08,2024-02-07
1130,44,716,2024-03-14,2024-04-13
1131,82,130,2025-03-02,2025-04-01
1132,32,685,2024-01-18,2024-02-17
1133,72,1000,2024-09-29,2024-10-29
1134,68,95,2024-04-12,2024-05-12
1135,63,572,2024-07-21,2024-08-20
1136,127,77,2024-11-07,2024-12-07
1137,56,687,2025-07-19,2025-08-18
1138,88,108,2024-09-26,2024-10-26
1139,117,726,2024-04-08,2024-05-08
1140,94,225,2025-11-13,2025-12-13
1141,116,999,2024-02-01,2024-03-02
1142,18,193,2025-04-13,2025-05-13
1143,79,703,2025-05-11,2025-06-10
1144,166,592,2025-08-13,2025-09-12
1145,5,247,2024-03-19,2024-04-18
1146,170,488,2025-10-19,2025-11-18
1147,141,950,2024-04-07,2024-05-07
1148,129,407,2024-09-11,2024-10-11
1149,95,280,2024-10-22,2024-11-21
1150,76,199,2024-04-09,2024-05-09
1151,111,532,2024-06-25,2024-07-25
1152,64,662,2024-07-24,2024-08-23
1153,30,225,2024-05-30,2024-06-29
1154,69,590,2024-12-04,2025-01-03
1155,159,232,2024-10-29,2024-11-28
1156,57,104,2025-08-24,2025-09-23
1157,44,211,2024-04-09,2024-05-09
1158,1,752,2025-09-23,2025-10-23
1159,177,874,2025-03-29,2025-04-28
1160,86,192,2024-04-11,2024-05-11
1161,4,986,2025-06-25,2025-07-25
1162,68,182,2025-11-24,2025-12-24
1163,195,696,2024-01-10,2024-02-09
1164,1,598,2024-11-05,2024-12-05
1165,5,47,2024-11-01,2024-12-01
1166,38,774,2025-11-28,2025-12-28
1167,189,312,2024-09-09,2024-10-09
1168,125,680,2024-07-01,2024-07-31
1169,182,309,2024-09-22,2024-10-22
1170,176,277,2025-11-23,2025-12-23
1171,57,421,2024-10-29,2024-11-28
1172,128,366,2025-10-26,2025-11-25
1173,191,212,2025-04-24,2025-05-24
1174,161,899,2025-12-03,2026-01-02
1175,135,982,2025-04-20,2025-05-20
1176,151,401,2024-11-02,2024-12-02
1177,149,43,2025-08-11,2025-09-10
1178,117,815,2024-12-31,2025-01-30
1179,3,113,2024-01-23,2024-02-22
1180,39,698,2025-11-27,2025-12-27
1181,143,639,2024-05-07,2024-06-06
1182,76,67,2024-11-18,2024-12-18
1183,73,223,2024-01-18,2024-02-17
1184,126,55,2024-11-17,2024-12-17
1185,65,52,2024-01-17,2024-02-16
1186,70,731,2024-02-02,2024-03-03
1187,21,600,2025-09-13,2025-10-13
1188,91,485,2024-01-20,2024-02-19
1189,26,409,2025-02-23,2025-03-25
1190,112,578,2025-11-14,2025-12-14
1191,149,824,2025-11-21,2025-12-21
1192,52,787,2025-11-26,2025-12-26
1193,107,139,2024-09-28,2024-10-28
1194,146,305,2025-06-20,2025-07-20
1195,112,802,2025-10-25,2025-11-24
1196,176,516,2024-09-20,2024-10-20
1197,108,478,2024-12-21,2025-01-20
1198,8,473,2025-08-06,2025-09-05
1199,197,981,2024-09-11,2024-10-11
1200,63,806,2024-06-10,2024-07-10
1201,194,55,2025-11-16,2025-12-16
1202,104,129,2025-01-09,2025-02-08
1203,15,87,2025-10-26,2025-11-25
1204,25,609,2025-01-25,2025-02-24
1205,16,886,2025-06-28,2025-07-28
1206,37,529,2024-03-21,2024-04-20
1207,173,917,2024-09-03,2024-10-03
1208,161,309,2025-08-05,2025-09-04
1209,125,825,2025-06-08,2025-07-08
1210,40,1,2024-11-28,2024-12-28
1211,25,533,2025-02-15,2025-03-17
1212,7,486,2024-06-27,2024-07-27
1213,32,949,2025-05-29,2025-06-28
1214,140,862,2024-05-20,2024-06-19
1215,38,443,2024-12-02,2025-01-01
1216,131,175,2024-02-22,2024-03-23
1217,75,492,2024-03-01,2024-03-31
1218,151,983,2024-12-15,2025-01-14
1219,179,396,2025-04-27,2025-05-27
1220,8,152,2025-08-01,2025-08-31
1221,100,578,2024-02-05,2024-03-06
1222,91,44,2025-09-26,2025-10-26
1223,186,480,2025-05-20,2025-06-19
1224,92,163,2025-05-30,2025-06-29
1225,181,925,2025-10-22,2025-11-21
1226,39,672,2025-02-16,2025-03-18
1227,36,733,2024-09-09,2024-10-09
1228,166,70,2025-10-05,2025-11-04
1229,179,133,2025-12-05,2026-01-04
1230,149,603,2025-06-05,2025-07-05
1231,8,47,2025-04-24,2025-05-24
1232,25,238,2024-10-20,2024-11-19
1233,60,779,2025-04-05,2025-05-05
1234,188,828,2024-03-04,2024-04-03
1235,45,922,2025-05-29,2025-06-28
1236,157,64,2024-01-29,2024-02-28
1237,192,868,2025-06-21,2025-07-21
1238,45,946,2025-06-23,2025-07-23
1239,164,137,2024-12-13,2025-01-12
1240,113,503,2025-09-26,2025-10-26
1241,136,445,2025-09-09,2025-10-09
1242,172,645,2025-02-08,2025-03-10
1243,36,830,2024-02-13,2024-03-14
1244,48,349,2025-01-04,2025-02-03
1245,54,853,2025-02-19,2025-03-21
1246,144,634,2024-12-25,2025-01-24
1247,161,438,2025-08-25,2025-09-24
1248,21,583,2024-08-23,2024-09-22
1249,128,121,2025-11-22,2025-12-22
1250,139,616,2025-08-22,2025-09-21
1251,181,400,2025-01-07,2025-02-06
1252,137,77,2025-07-25,2025-08-24
1253,15,634,2024-02-18,2024-03-19
1254,121,597,2024-09-16,2024-10-16
1255,108,347,2025-02-11,2025-03-13
1256,141,210,2025-03-14,2025-04-13
1257,19,506,2025-08-15,2025-09-14
1258,107,73,2024-03-14,2024-04-13
1259,34,970,2025-01-25,2025-02-24
1260,10,107,2025-04-15,2025-05-15
1261,78,490,2025-11-12,2025-12-12
1262,15,954,2024-11-09,2024-12-09
1263,176,699,2024-03-29,2024-04-28
1264,197,397,2024-06-12,2024-07-12
1265,180,441,2025-03-23,2025-04-22
1266,113,119,2024-05-19,2024-06-18
1267,88,199,2024-12-08,2025-01-07
1268,60,244,2025-01-17,2025-02-16
1269,106,233,2024-07-06,2024-08-05
1270,185,895,2024-01-25,2024-02-24
1271,15,79,2025-01-06,2025-02-05
1272,90,322,2025-04-28,2025-05-28
1273,102,621,2024-12-05,2025-01-04
1274,20,673,2024-02-02,2024-03-03
1275,189,723,2025-03-02,2025-04-01
1276,78,731,2024-09-20,2024-10-20
1277,69,540,2024-12-16,2025-01-15
1278,106,355,2024-02-11,2024-03-12
1279,53,81,2024-09-04,2024-10-04
1280,142,760,2025-10-08,2025-11-07
1281,179,241,2024-10-19,2024-11-18
1282,128,22,2025-09-16,2025-10-16
1283,22,308,2025-10-24,2025-11-23
1284,98,20,2024-04-27,2024-05-27
1285,53,230,2025-07-25,2025-08-24
1286,79,677,2024-03-03,2024-04-02
1287,156,932,2023-12-19,2024-01-18
1288,8,776,2024-01-19,2024-02-18
1289,187,802,2025-09-15,2025-10-15
1290,100,567,2023-12-26,2024-01-25
1291,174,955,2024-06-29,2024-07-29
1292,185,587,2025-11-13,2025-12-13
1293,98,167,2024-12-24,2025-01-23
1294,175,288,2025-06-13,2025-07-13
1295,64,88,2025-08-12,2025-09-11
1296,158,40,2024-02-04,2024-03-05
1297,79,128,2025-08-15,2025-09-14
1298,119,455,2025-02-27,2025-03-29
1299,10,478,2025-07-20,2025-08-19
1300,164,492,2024-07-25,2024-08-24
1301,21,594,2024-01-15,2024-02-14
1302,47,452,2024-11-13,2024-12-13
1303,127,890,2025-05-04,2025-06-03
1304,159,893,2024-08-23,2024-09-22
1305,176,189,2025-11-07,2025-12-07
1306,184,567,2024-11-12,2024-12-12
1307,174,17,2025-01-15,2025-02-14
1308,61,615,2024-08-31,2024-09-30
1309,114,520,2025-08-27,2025-09-26
1310,53,243,2025-03-15,2025-04-14
1311,110,658,2024-01-11,2024-02-10
1312,84,26,2025-09-01,2025-10-01
1313,167,919,2024-01-24,2024-02-23
1314,12,378,2024-05-10,2024-06-09
1315,152,934,2025-11-11,2025-12-11
1316,81,217,2024-11-21,2024-12-21
1317,150,388,2025-11-26,2025-12-26
1318,39,744,2023-12-15,2024-01-14
1319,58,982,2025-11-01,2025-12-01
1320,136,868,2025-02-05,2025-03-07
1321,69,325,2025-12-06,2026-01-05
1322,76,590,2024-10-31,2024-11-30
1323,117,237,2025-12-09,2026-01-08
1324,30,767,2025-10-22,2025-11-21
1325,91,82,2024-01-30,2024-02-29
1326,93,937,2025-11-30,2025-12-30
1327,59,620,2024-08-03,2024-09-02
1328,138,948,2024-11-04,2024-12-04
1329,74,815,2025-09-29,2025-10-29
1330,105,84,2024-05-19,2024-06-18
1331,127,590,2025-03-13,2025-04-12
1332,117,898,2024-02-14,2024-03-15
1333,68,429,2024-01-23,2024-02-22
1334,9,130,2024-03-31,2024-04-30
1335,43,707,2025-08-17,2025-09-16
1336,132,136,2025-10-10,2025-11-09
1337,103,131,2024-12-03,2025-01-02
1338,87,345,2025-04-17,2025-05-17
1339,190,76,2024-07-27,2024-08-26
1340,112,759,2024-04-24,2024-05-24
1341,197,742,2024-05-28,2024-06-27
1342,2,918,2024-12-11,2025-01-10
1343,113,329,2025-08-21,2025-09-20
1344,77,238,2025-01-08,2025-02-07
1345,133,578,2024-05-11,2024-06-10
1346,99,331,2024-11-22,2024-12-22
1347,189,834,2025-04-29,2025-05-29
1348,72,532,2024-11-05,2024-12-05
1349,73,356,2024-03-28,2024-04-27
1350,58,450,2025-11-11,2025-12-11
1351,67,962,2024-06-13,2024-07-13
1352,28,772,2024-03-07,2024-04-06
1353,53,99,2025-06-26,2025-07-26
1354,11,613,2025-10-16,2025-11-15
1355,138,553,2025-11-08,2025-12-08
1356,7,501,2024-07-12,2024-08-11
1357,33,534,2024-12-12,2025-01-11
1358,111,456,2023-12-15,2024-01-14
1359,36,886,2024-02-22,2024-03-23
1360,172,750,2024-04-03,2024-05-03
1361,20,745,2024-10-13,2024-11-12
1362,162,465,2025-05-27,2025-06-26
1363,10,914,2023-12-26,2024-01-25
1364,143,862,2025-07-14,2025-08-13
1365,36,252,2024-09-24,2024-10-24
1366,121,272,2025-10-28,2025-11-27
1367,34,290,2024-10-23,2024-11-22
1368,133,974,2025-11-13,2025-12-13
1369,18,445,2025-06-12,2025-07-12
1370,108,40,2025-06-09,2025-07-09
1371,90,654,2025-11-15,2025-12-15
1372,169,544,2024-04-12,2024-05-12
1373,77,899,2025-04-10,2025-05-10
1374,162,816,2024-03-21,2024-04-20
1375,57,99,2024-10-20,2024-11-19
1376,115,993,2024-10-08,2024-11-07
1377,119,181,2025-03-12,2025-04-11
1378,30,677,2024-04-16,2024-05-16
1379,126,861,2025-11-06,2025-12-06
1380,69,298,2024-06-10,2024-07-10
1381,198,576,2024-10-08,2024-11-07
1382,114,401,2024-03-25,2024-04-24
1383,187,498,2024-01-21,2024-02-20
1384,105,459,2024-02-23,2024-03-24
1385,53,549,2024-06-09,2024-07-09
1386,158,971,2024-07-23,2024-08-22
1387,139,620,2024-03-31,2024-04-30
1388,200,93,2025-10-16,2025-11-15
1389,54,532,2024-02-29,2024-03-30
1390,184,881,2024-06-24,2024-07-24
1391,106,340,2025-06-19,2025-07-19
1392,6,37,2025-01-10,2025-02-09
1393,125,811,2025-09-08,2025-10-08
1394,162,236,2025-01-03,2025-02-02
1395,32,768,2024-11-15,2024-12-15
1396,190,838,2024-06-07,2024-07-07
1397,130,76,2024-01-05,2024-02-04
1398,191,16,2024-04-04,2024-05-04
1399,151,754,2025-06-11,2025-07-11
1400,132,436,2025-03-16,2025-04-15
1401,26,208,2025-01-04,2025-02-03
1402,110,299,2024-10-13,2024-11-12
1403,180,292,2024-03-23,2024-04-22
1404,187,509,2025-01-05,2025-02-04
1405,148,230,2024-03-06,2024-04-05
1406,198,407,2024-02-13,2024-03-14
1407,80,659,2025-02-12,2025-03-14
1408,44,575,2023-12-26,2024-01-25
1409,104,145,2024-05-17,2024-06-16
1410,127,786,2024-03-14,2024-04-13
1411,83,38,2025-03-13,2025-04-12
1412,177,275,2024-10-10,2024-11-09
1413,167,321,2025-05-29,2025-06-28
1414,27,944,2025-01-19,2025-02-18
1415,33,385,2025-02-06,2025-03-08
1416,192,533,2024-08-24,2024-09-23
1417,109,40,2024-05-09,2024-06-08
1418,141,767,2024-09-20,2024-10-20
1419,31,304,2025-03-14,2025-04-13
1420,96,630,2024-02-03,2024-03-04
1421,75,145,2024-05-09,2024-06-08
1422,119,484,2025-07-09,2025-08-08
1423,184,537,2024-09-08,2024-10-08
1424,107,326,2025-11-30,2025-12-30
1425,18,482,2025-01-07,2025-02-06
1426,80,6,2024-05-05,2024-06-04
1427,25,339,2025-05-18,2025-06-17
1428,163,359,2024-11-08,2024-12-08
1429,50,951,2024-06-23,2024-07-23
1430,160,377,2025-01-01,2025-01-31
1431,40,607,2025-11-16,2025-12-16
1432,72,222,2025-10-30,2025-11-29
1433,134,817,2025-07-04,2025-08-03
1434,198,590,2024-07-18,2024-08-17
1435,44,215,2024-11-23,2024-12-23
1436,158,952,2025-01-23,2025-02-22
1437,1,487,2025-11-24,2025-12-24
1438,14,80,2025-01-21,2025-02-20
1439,121,681,2025-10-11,2025-11-10
1440,101,574,2025-06-08,2025-07-08
1441,134,320,2025-01-26,2025-02-25
1442,155,905,2025-11-11,2025-12-11
1443,163,969,2024-03-31,2024-04-30
1444,114,574,2024-07-29,2024-08-28
1445,112,572,2024-08-25,2024-09-24
1446,120,876,2025-05-27,2025-06-26
1447,144,632,2025-04-06,2025-05-06
1448,192,184,2025-11-05,2025-12-05
1449,114,201,2024-03-18,2024-04-17
1450,25,337,2025-03-28,2025-04-27
1451,166,35,2025-01-19,2025-02-18
1452,181,713,2025-01-02,2025-02-01
1453,184,884,2025-01-29,2025-02-28
1454,122,178,2024-03-08,2024-04-07
1455,8,379,2025-06-26,2025-07-26
1456,34,892,2024-05-28,2024-06-27
1457,164,455,2024-05-25,2024-06-24
1458,50,874,2025-02-25,2025-03-27
1459,173,858,2024-03-14,2024-04-13
1460,4,529,2025-08-15,2025-09-14
1461,50,67,2024-12-28,2025-01-27
1462,45,86,2024-04-05,2024-05-05
1463,163,178,2024-05-13,2024-06-12
1464,144,281,2025-07-25,2025-08-24
1465,119,580,2024-03-22,2024-04-21
1466,187,187,2025-02-14,2025-03-16
1467,3,808,2025-01-18,2025-02-17
1468,186,899,2024-04-12,2024-05-12
1469,14,318,2025-04-24,2025-05-24
1470,145,144,2025-07-26,2025-08-25
1471,52,905,2024-06-04,2024-07-04
1472,24,271,2025-04-05,2025-05-05
1473,165,791,2024-05-02,2024-06-01
1474,150,973,2025-06-10,2025-07-10
1475,166,356,2025-06-07,2025-07-07
1476,180,351,2025-09-26,2025-10-26
1477,191,565,2024-12-01,2024-12-31
1478,198,526,2024-08-16,2024-09-15
1479,30,33,2024-08-06,2024-09-05
1480,120,144,2024-02-22,2024-03-23
1481,180,331,2025-08-06,2025-09-05
1482,122,432,2024-05-18,2024-06-17
1483,92,936,2025-10-27,2025-11-26
1484,158,450,2025-01-26,2025-02-25
1485,63,485,2024-12-13,2025-01-12
1486,103,695,2024-01-19,2024-02-18
1487,199,437,2024-09-26,2024-10-26
1488,132,168,2025-11-27,2025-12-27
1489,153,908,2024-08-15,2024-09-14
1490,135,966,2024-07-21,2024-08-20
1491,86,680,2025-08-29,2025-09-28
1492,24,994,2024-07-17,2024-08-16
1493,102,470,2024-01-02,2024-02-01
1494,38,675,2025-08-22,2025-09-21
1495,48,83,2025-11-30,2025-12-30
1496,112,209,2024-08-28,2024-09-27
1497,123,6,2025-05-30,2025-06-29
1498,141,483,2024-07-30,2024-08-29
1499,97,685,2024-12-23,2025-01-22
1500,33,397,2024-08-19,2024-09-18
1501,198,410,2024-09-10,2024-10-10
1502,19,547,2024-05-09,2024-06-08
1503,156,907,2024-05-02,2024-06-01
1504,129,349,2024-07-28,2024-08-27
1505,59,662,2024-03-08,2024-04-07
1506,112,310,2025-11-26,2025-12-26
1507,168,394,2024-05-16,2024-06-15
1508,80,292,2024-11-03,2024-12-03
1509,108,268,2025-09-20,2025-10-20
1510,22,826,2025-04-06,2025-05-06
1511,4,823,2024-01-12,2024-02-11
1512,130,589,2025-09-03,2025-10-03
1513,172,670,2024-12-16,2025-01-15
1514,67,436,2024-01-07,2024-02-06
1515,116,619,2025-08-21,2025-09-20
1516,137,865,2025-10-02,2025-11-01
1517,46,115,2024-04-13,2024-05-13
1518,195,545,2025-06-27,2025-07-27
1519,87,8,2025-04-23,2025-05-23
1520,158,528,2024-07-31,2024-08-30
1521,73,476,2025-03-09,2025-04-08
1522,13,376,2025-04-02,2025-05-02
1523,87,436,2024-03-12,2024-04-11
1524,76,184,2024-07-14,2024-08-13
1525,84,458,2025-05-19,2025-06-18
1526,29,611,2024-03-02,2024-04-01
1527,190,545,2023-12-22,2024-01-21
1528,187,130,2025-05-31,2025-06-30
1529,118,354,2024-12-11,2025-01-10
1530,84,79,2025-10-14,2025-11-13
1531,186,624,2024-02-26,2024-03-27
1532,132,392,2024-12-12,2025-01-11
1533,87,81,2025-09-07,2025-10-07
1534,6,411,2025-02-12,2025-03-14
1535,111,857,2024-12-02,2025-01-01
1536,50,813,2025-01-14,2025-02-13
1537,147,384,2025-02-23,2025-03-25
1538,177,765,2024-11-03,2024-12-03
1539,47,932,2024-12-31,2025-01-30
1540,5,213,2025-07-17,2025-08-16
1541,119,274,2024-09-13,2024-10-13
1542,58,227,2025-07-08,2025-08-07
1543,74,627,2024-05-18,2024-06-17
1544,153,651,2025-05-30,2025-06-29
1545,88,352,2024-10-04,2024-11-03
1546,191,474,2025-11-22,2025-12-22
1547,137,216,2023-12-20,2024-01-19
1548,9,413,2023-12-12,2024-01-11
1549,89,575,2024-07-13,2024-08-12
1550,193,299,2025-09-19,2025-10-19
1551,160,160,2025-08-05,2025-09-04
1552,196,426,2024-08-11,2024-09-10
1553,138,385,2025-07-17,2025-08-16
1554,56,406,2024-08-04,2024-09-03
1555,75,585,2024-09-02,2024-10-02
1556,200,786,2025-01-02,2025-02-01
1557,141,411,2025-03-27,2025-04-26
1558,154,923,2024-07-18,2024-08-17
1559,176,681,2024-03-29,2024-04-28
1560,163,781,2024-12-31,2025-01-30
1561,104,880,2025-10-11,2025-11-10
1562,46,161,2024-09-24,2024-10-24
1563,86,546,2024-06-08,2024-07-08
1564,149,393,2024-12-08,2025-01-07
1565,8,652,2024-05-26,2024-06-25
1566,159,625,2024-11-29,2024-12-29
1567,147,614,2024-05-21,2024-06-20
1568,157,333,2024-04-19,2024-05-19
1569,95,975,2025-11-12,2025-12-12
1570,168,616,2024-10-15,2024-11-14
1571,95,469,2025-10-01,2025-10-31
1572,183,960,2025-11-17,2025-12-17
1573,76,136,2025-05-29,2025-06-28
1574,148,212,2025-03-03,2025-04-02
1575,46,816,2025-10-21,2025-11-20
1576,165,513,2024-09-05,2024-10-05
1577,119,251,2024-05-16,2024-06-15
1578,192,8,2024-11-26,2024-12-26
1579,99,883,2024-04-04,2024-05-04
1580,199,733,2024-06-27,2024-07-27
1581,186,493,2024-08-10,2024-09-09
1582,103,373,2024-07-12,2024-08-11
1583,32,807,2025-02-26,2025-03-28
1584,44,740,2024-12-16,2025-01-15
1585,63,935,2025-06-26,2025-07-26
1586,165,338,2024-03-14,2024-04-13
1587,67,776,2024-04-17,2024-05-17
1588,116,807,2025-11-23,2025-12-23
1589,71,582,2024-04-13,2024-05-13
1590,74,535,2024-09-30,2024-10-30
1591,184,315,2025-11-16,2025-12-16
1592,79,650,2025-03-15,2025-04-14
1593,178,762,2024-08-12,2024-09-11
1594,164,264,2025-12-08,2026-01-07
1595,55,872,2024-02-07,2024-03-08
1596,4,599,2024-07-24,2024-08-23
1597,44,634,2025-04-29,2025-05-29
1598,40,660,2025-10-31,2025-11-30
1599,125,388,2025-04-20,2025-05-20
1600,98,496,2025-11-07,2025-12-07
1601,58,351,2024-06-17,2024-07-17
1602,200,624,2024-10-30,2024-11-29
1603,51,666,2025-03-20,2025-04-19
1604,52,760,2024-04-16,2024-05-16
1605,161,409,2025-11-29,2025-12-29
1606,18,520,2025-10-22,2025-11-21
1607,146,458,2024-01-17,2024-02-16
1608,167,707,2024-01-27,2024-02-26
1609,156,42,2025-03-06,2025-04-05
1610,17,751,2024-02-25,2024-03-26
1611,78,536,2025-08-06,2025-09-05
1612,26,476,2024-04-01,2024-05-01
1613,163,809,2024-09-05,2024-10-05
1614,122,86,2025-06-22,2025-07-22
1615,146,308,2025-08-29,2025-09-28
1616,165,797,2025-01-12,2025-02-11
1617,194,258,2024-09-27,2024-10-27
1618,130,337,2024-06-12,2024-07-12
1619,137,889,2025-10-13,2025-11-12
1620,194,115,2024-08-10,2024-09-09
1621,131,915,2025-07-12,2025-08-11
1622,17,184,2025-12-07,2026-01-06
1623,78,690,2024-01-20,2024-02-19
1624,176,654,2024-03-25,2024-04-24
1625,60,782,2025-03-23,2025-04-22
1626,136,785,2024-12-22,2025-01-21
1627,173,585,2025-11-19,2025-12-19
1628,50,161,2023-12-25,2024-01-24
1629,170,625,2025-01-09,2025-02-08
1630,186,799,2025-11-27,2025-12-27
1631,68,235,2025-03-03,2025-04-02
1632,79,149,2024-09-12,2024-10-12
1633,109,316,2024-06-12,2024-07-12
1634,104,781,2025-01-09,2025-02-08
1635,117,999,2025-08-12,2025-09-11
1636,181,839,2025-06-12,2025-07-12
1637,96,853,2025-03-29,2025-04-28
1638,144,572,2024-12-12,2025-01-11
1639,71,877,2023-12-29,2024-01-28
1640,123,741,2025-12-10,2026-01-09
1641,12,975,2024-11-14,2024-12-14
1642,156,287,2025-05-10,2025-06-09
1643,15,104,2024-07-01,2024-07-31
1644,73,946,2024-01-08,2024-02-07
1645,192,902,2024-02-09,2024-03-10
1646,39,895,2024-05-19,2024-06-18
1647,63,449,2025-10-11,2025-11-10
1648,6,707,2024-12-30,2025-01-29
1649,93,981,2024-07-08,2024-08-07
1650,120,329,2025-02-14,2025-03-16
1651,181,694,2025-03-02,2025-04-01
1652,165,123,2024-10-11,2024-11-10
1653,136,852,2025-09-19,2025-10-19
1654,112,580,2025-01-03,2025-02-02
1655,130,983,2025-02-16,2025-03-18
1656,86,589,2025-09-01,2025-10-01
1657,143,998,2024-03-22,2024-04-21
1658,120,588,2024-11-09,2024-12-09
1659,71,838,2025-09-22,2025-10-22
1660,47,75,2024-06-02,2024-07-02
1661,6,911,2025-11-14,2025-12-14
1662,76,589,2024-12-27,2025-01-26
1663,58,9,2024-10-02,2024-11-01
1664,58,266,2025-03-28,2025-04-27
1665,171,670,2024-03-19,2024-04-18
1666,198,194,2024-07-03,2024-08-02
1667,137,27,2024-10-16,2024-11-15
1668,90,554,2024-02-04,2024-03-05
1669,81,336,2023-12-17,2024-01-16
1670,42,311,2024-08-25,2024-09-24
1671,91,791,2025-06-23,2025-07-23
1672,114,27,2025-11-22,2025-12-22
1673,115,51,2025-02-28,2025-03-30
1674,32,605,2025-04-14,2025-05-14
1675,54,775,2025-03-22,2025-04-21
1676,49,426,2025-04-27,2025-05-27
1677,130,819,2024-06-18,2024-07-18
1678,2,17,2024-03-08,2024-04-07
1679,93,364,2025-02-08,2025-03-10
1680,167,969,2025-11-16,2025-12-16
1681,180,235,2023-12-30,2024-01-29
1682,71,17,2024-07-28,2024-08-27
1683,64,868,2025-05-13,2025-06-12
1684,133,132,2024-08-01,2024-08-31
1685,153,63,2025-08-06,2025-09-05
1686,107,633,2024-12-22,2025-01-21
1687,133,959,2025-03-29,2025-04-28
1688,172,760,2024-07-20,2024-08-19
1689,42,806,2024-01-01,2024-01-31
1690,96,641,2024-08-22,2024-09-21
1691,7,803,2024-01-10,2024-02-09
1692,105,936,2025-08-22,2025-09-21
1693,4,103,2025-07-08,2025-08-07
1694,29,68,2025-05-30,2025-06-29
1695,107,476,2024-08-23,2024-09-22
1696,155,878,2025-08-12,2025-09-11
1697,122,319,2024-03-01,2024-03-31
1698,139,673,2024-08-27,2024-09-26
1699,192,505,2025-03-10,2025-04-09
1700,132,225,2024-07-11,2024-08-10
1701,169,231,2025-03-26,2025-04-25
1702,104,735,2023-12-22,2024-01-21
1703,65,232,2024-10-25,2024-11-24
1704,119,728,2025-07-25,2025-08-24
1705,109,336,2024-01-28,2024-02-27
1706,189,594,2024-06-17,2024-07-17
1707,99,766,2025-12-06,2026-01-05
1708,47,203,2024-08-24,2024-09-23
1709,102,166,2024-11-02,2024-12-02
1710,89,879,2025-04-17,2025-05-17
1711,117,220,2025-08-11,2025-09-10
1712,72,763,2024-04-15,2024-05-15
1713,48,914,2024-12-04,2025-01-03
1714,25,680,2023-12-20,2024-01-19
1715,94,801,2025-11-03,2025-12-03
1716,140,988,2024-10-06,2024-11-05
1717,141,124,2024-02-08,2024-03-09
1718,89,895,2023-12-26,2024-01-25
1719,131,408,2025-05-05,2025-06-04
1720,188,204,2024-09-18,2024-10-18
1721,137,820,2024-01-12,2024-02-11
1722,26,163,2024-01-26,2024-02-25
1723,157,554,2025-08-01,2025-08-31
1724,103,983,2025-03-21,2025-04-20
1725,83,480,2024-02-27,2024-03-28
1726,182,258,2024-12-23,2025-01-22
1727,194,61,2025-08-29,2025-09-28
1728,42,493,2024-03-02,2024-04-01
1729,41,806,2025-12-08,2026-01-07
1730,152,401,2025-04-06,2025-05-06
1731,71,232,2025-04-13,2025-05-13
1732,114,211,2024-09-19,2024-10-19
1733,31,653,2024-06-19,2024-07-19
1734,170,238,2024-11-18,2024-12-18
1735,19,158,2024-04-06,2024-05-06
1736,11,973,2025-02-16,2025-03-18
1737,150,437,2025-10-30,2025-11-29
1738,134,231,2024-02-24,2024-03-25
1739,171,891,2024-12-04,2025-01-03
1740,164,59,2024-12-21,2025-01-20
1741,65,927,2025-07-13,2025-08-12
1742,22,366,2024-07-02,2024-08-01
1743,127,600,2023-12-16,2024-01-15
1744,182,800,2025-02-17,2025-03-19
1745,155,44,2025-04-03,2025-05-03
1746,196,121,2025-02-17,2025-03-19
1747,191,736,2025-01-22,2025-02-21
1748,134,588,2024-08-10,2024-09-09
1749,146,222,2024-12-13,2025-01-12
1750,106,300,2025-03-04,2025-04-03
1751,175,368,2024-11-19,2024-12-19
1752,13,803,2024-09-19,2024-10-19
1753,143,215,2025-05-05,2025-06-04
1754,90,772,2024-05-25,2024-06-24
1755,91,342,2024-02-08,2024-03-09
1756,79,849,2025-08-11,2025-09-10
1757,160,321,2025-05-23,2025-06-22
1758,182,272,2025-06-22,2025-07-22
1759,41,773,2024-03-12,2024-04-11
1760,5,331,2024-09-18,2024-10-18
1761,144,775,2025-07-07,2025-08-06
1762,24,96,2025-10-09,2025-11-08
1763,184,150,2024-07-24,2024-08-23
1764,99,944,2024-08-18,2024-09-17
1765,58,332,2025-07-15,2025-08-14
1766,141,252,2024-01-31,2024-03-01
1767,178,230,2024-11-03,2024-12-03
1768,58,252,2024-07-31,2024-08-30
1769,76,13,2024-05-26,2024-06-25
1770,157,879,2025-07-13,2025-08-12
1771,48,423,2024-06-18,2024-07-18
1772,67,765,2025-05-30,2025-06-29
1773,94,380,2025-04-23,2025-05-23
1774,178,79,2025-03-14,2025-04-13
1775,130,99,2025-01-25,2025-02-24
1776,155,827,2024-03-22,2024-04-21
1777,148,276,2025-01-18,2025-02-17
1778,112,606,2025-01-30,2025-03-01
1779,144,23,2024-06-11,2024-07-11
1780,181,489,2024-10-06,2024-11-05
1781,185,978,2025-09-28,2025-10-28
1782,181,442,2025-08-16,2025-09-15
1783,56,406,2025-09-20,2025-10-20
1784,146,239,2024-12-04,2025-01-03
1785,139,785,2023-12-13,2024-01-12
1786,81,601,2024-01-12,2024-02-11
1787,31,602,2025-03-16,2025-04-15
1788,17,629,2024-11-29,2024-12-29
1789,154,255,2024-06-25,2024-07-25
1790,127,665,2025-10-01,2025-10-31
1791,104,969,2024-03-02,2024-04-01
1792,179,391,2025-10-02,2025-11-01
1793,80,99,2025-09-06,2025-10-06
1794,24,512,2025-02-13,2025-03-15
1795,166,360,2025-02-10,2025-03-12
1796,66,537,2024-10-29,2024-11-28
1797,96,700,2025-02-12,2025-03-14
1798,136,987,2025-08-13,2025-09-12
1799,146,29,2024-03-27,2024-04-26
1800,163,194,2025-07-31,2025-08-30
1801,175,100,2025-02-13,2025-03-15
1802,113,913,2025-05-29,2025-06-28
1803,114,834,2025-10-31,2025-11-30
1804,138,958,2025-06-16,2025-07-16
1805,75,958,2025-11-30,2025-12-30
1806,47,700,2024-12-27,2025-01-26
1807,26,922,2025-07-01,2025-07-31
1808,117,961,2024-09-11,2024-10-11
1809,30,967,2024-12-26,2025-01-25
1810,64,347,2025-12-01,2025-12-31
1811,62,145,2024-02-24,2024-03-25
1812,49,503,2025-03-12,2025-04-11
1813,16,367,2025-05-18,2025-06-17
1814,168,680,2025-02-05,2025-03-07
1815,83,290,2025-02-08,2025-03-10
1816,161,967,2024-12-03,2025-01-02
1817,7,503,2025-09-11,2025-10-11
1818,128,314,2024-05-05,2024-06-04
1819,74,790,2025-04-17,2025-05-17
1820,23,193,2025-08-04,2025-09-03
1821,13,757,2025-05-27,2025-06-26
1822,78,990,2024-05-10,2024-06-09
1823,131,757,2024-01-21,2024-02-20
1824,55,933,2025-05-28,2025-06-27
1825,183,75,2024-11-17,2024-12-17
1826,98,945,2024-09-02,2024-10-02
1827,62,5,2025-06-03,2025-07-03
1828,59,400,2025-11-29,2025-12-29
1829,103,940,2024-09-06,2024-10-06
1830,64,614,2025-09-16,2025-10-16
1831,168,210,2024-12-13,2025-01-12
1832,106,426,2025-09-16,2025-10-16
1833,154,260,2025-02-10,2025-03-12
1834,197,713,2024-10-23,2024-11-22
1835,30,653,2025-09-14,2025-10-14
1836,138,188,2025-04-30,2025-05-30
1837,138,292,2024-02-23,2024-03-24
1838,31,780,2024-10-02,2024-11-01
1839,33,206,2024-08-14,2024-09-13
1840,123,481,2025-10-10,2025-11-09
1841,22,189,2025-02-14,2025-03-16
1842,158,447,2024-06-25,2024-07-25
1843,197,612,2024-02-28,2024-03-29
1844,82,743,2025-07-11,2025-08-10
1845,40,972,2025-08-24,2025-09-23
1846,52,474,2024-05-12,2024-06-11
1847,98,401,2025-09-21,2025-10-21
1848,161,189,2023-12-17,2024-01-16
1849,113,893,2024-01-10,2024-02-09
1850,141,147,2025-07-03,2025-08-02
1851,29,59,2025-09-30,2025-10-30
1852,83,742,2025-04-06,2025-05-06
1853,27,924,2024-05-18,2024-06-17
1854,1,391,2025-12-05,2026-01-04
1855,197,397,2024-04-15,2024-05-15
1856,140,578,2024-04-17,2024-05-17
1857,176,290,2023-12-29,2024-01-28
1858,65,628,2024-10-24,2024-11-23
1859,40,942,2024-07-26,2024-08-25
1860,164,294,2024-10-19,2024-11-18
1861,190,377,2024-04-28,2024-05-28
1862,118,44,2023-12-28,2024-01-27
1863,161,129,2024-11-02,2024-12-02
1864,188,472,2025-04-30,2025-05-30
1865,84,346,2024-11-08,2024-12-08
1866,136,741,2024-12-25,2025-01-24
1867,187,971,2024-04-23,2024-05-23
1868,196,562,2025-04-03,2025-05-03
1869,37,403,2025-01-04,2025-02-03
1870,199,927,2024-06-15,2024-07-15
1871,87,223,2024-10-30,2024-11-29
1872,99,676,2025-08-09,2025-09-08
1873,178,25,2024-02-16,2024-03-17
1874,175,764,2025-03-16,2025-04-15
1875,103,657,2025-04-12,2025-05-12
1876,82,422,2024-08-05,2024-09-04
1877,157,324,2025-06-18,2025-07-18
1878,17,806,2024-02-14,2024-03-15
1879,14,943,2025-06-26,2025-07-26
1880,92,321,2025-10-10,2025-11-09
1881,55,981,2024-01-03,2024-02-02
1882,160,372,2024-05-01,2024-05-31
1883,181,347,2025-10-08,2025-11-07
1884,39,923,2025-01-06,2025-02-05
1885,159,546,2025-06-09,2025-07-09
1886,64,707,2025-05-13,2025-06-12
1887,38,680,2025-06-06,2025-07-06
1888,11,774,2025-11-28,2025-12-28
1889,98,485,2024-04-28,2024-05-28
1890,113,954,2025-03-19,2025-04-18
1891,126,994,2024-10-20,2024-11-19
1892,95,88,2024-05-16,2024-06-15
1893,77,640,2025-06-24,2025-07-24
1894,172,114,2025-07-17,2025-08-16
1895,22,729,2025-01-12,2025-02-11
1896,152,637,2025-05-28,2025-06-27
1897,65,374,2023-12-15,2024-01-14
1898,43,327,2024-04-27,2024-05-27
1899,111,460,2024-11-14,2024-12-14
1900,142,341,2024-08-10,2024-09-09
1901,98,310,2025-07-22,2025-08-21
1902,178,37,2025-03-19,2025-04-18
1903,132,376,2025-10-19,2025-11-18
1904,88,725,2025-05-03,2025-06-02
1905,73,501,2025-07-06,2025-08-05
1906,131,883,2024-04-09,2024-05-09
1907,33,831,2025-09-19,2025-10-19
1908,20,249,2025-10-24,2025-11-23
1909,147,158,2025-07-29,2025-08-28
1910,186,10,2025-02-18,2025-03-20
1911,150,160,2024-01-23,2024-02-22
1912,171,805,2024-06-08,2024-07-08
1913,181,58,2024-02-08,2024-03-09
1914,184,94,2024-09-06,2024-10-06
1915,111,4,2024-03-04,2024-04-03
1916,21,735,2025-04-13,2025-05-13
1917,51,838,2025-11-02,2025-12-02
1918,188,295,2024-04-15,2024-05-15
1919,130,190,2024-04-22,2024-05-22
1920,139,148,2025-07-11,2025-08-10
1921,48,193,2024-11-10,2024-12-10
1922,163,405,2024-08-13,2024-09-12
1923,110,224,2025-04-24,2025-05-24
1924,175,671,2025-08-11,2025-09-10
1925,17,64,2025-01-23,2025-02-22
1926,173,82,2024-02-16,2024-03-17
1927,173,763,2025-06-08,2025-07-08
1928,68,583,2025-08-11,2025-09-10
1929,123,761,2024-11-19,2024-12-19
1930,191,560,2024-12-05,2025-01-04
1931,91,708,2024-04-25,2024-05-25
1932,119,475,2025-03-07,2025-04-06
1933,193,756,2025-04-26,2025-05-26
1934,36,895,2025-04-27,2025-05-27
1935,4,375,2024-05-03,2024-06-02
1936,48,608,2024-09-05,2024-10-05
1937,121,401,2024-12-09,2025-01-08
1938,101,510,2025-01-27,2025-02-26
1939,125,195,2024-05-13,2024-06-12
1940,41,971,2024-11-05,2024-12-05
1941,28,985,2024-06-11,2024-07-11
1942,61,145,2024-10-29,2024-11-28
1943,4,503,2025-01-27,2025-02-26
1944,41,647,2024-03-04,2024-04-03
1945,34,614,2024-03-20,2024-04-19
1946,145,379,2024-06-02,2024-07-02
1947,5,65,2023-12-25,2024-01-24
1948,84,968,2024-08-20,2024-09-19
1949,72,806,2025-05-31,2025-06-30
1950,33,924,2024-05-31,2024-06-30
1951,162,801,2024-04-05,2024-05-05
1952,145,501,2025-09-26,2025-10-26
1953,131,321,2024-08-22,2024-09-21
1954,136,84,2024-03-28,2024-04-27
1955,100,461,2024-11-06,2024-12-06
1956,200,373,2024-01-19,2024-02-18
1957,92,336,2024-01-12,2024-02-11
1958,82,980,2024-02-03,2024-03-04
1959,153,981,2025-04-18,2025-05-18
1960,130,537,2024-02-19,2024-03-20
1961,3,718,2025-02-03,2025-03-05
1962,8,26,2025-04-21,2025-05-21
1963,120,378,2024-03-04,2024-04-03
1964,161,458,2025-11-01,2025-12-01
1965,114,609,2024-05-04,2024-06-03
1966,71,960,2025-11-24,2025-12-24
1967,51,283,2025-11-11,2025-12-11
1968,42,292,2024-06-19,2024-07-19
1969,84,54,2025-11-23,2025-12-23
1970,37,378,2023-12-25,2024-01-24
1971,112,644,2024-12-19,2025-01-18
1972,195,628,2024-05-25,2024-06-24
1973,131,905,2025-01-22,2025-02-21
1974,18,66,2025-01-24,2025-02-23
1975,42,536,2025-12-10,2026-01-09
1976,93,773,2025-09-12,2025-10-12
1977,21,347,2025-12-05,2026-01-04
1978,193,352,2025-02-20,2025-03-22
1979,102,658,2025-05-05,2025-06-04
1980,41,460,2024-01-28,2024-02-27
1981,15,246,2025-12-06,2026-01-05
1982,179,659,2025-09-12,2025-10-12
1983,57,44,2024-02-09,2024-03-10
1984,36,978,2025-04-14,2025-05-14
1985,131,20,2024-03-31,2024-04-30
1986,18,564,2024-04-19,2024-05-19
1987,150,236,2024-02-18,2024-03-19
1988,43,522,2024-03-27,2024-04-26
1989,2,550,2024-07-04,2024-08-03
1990,96,570,2025-04-11,2025-05-11
1991,52,855,2024-05-14,2024-06-13
1992,67,335,2025-07-13,2025-08-12
1993,115,30,2025-08-05,2025-09-04
1994,29,190,2025-07-22,2025-08-21
1995,195,205,2025-05-25,2025-06-24
1996,152,908,2025-08-18,2025-09-17
1997,161,664,2025-09-04,2025-10-04
1998,7,524,2024-10-29,2024-11-28
1999,128,212,2024-09-09,2024-10-09
2000,155,401,2024-03-20,2024-04-19
