id_wypozyczenia,data_zwrotu
1,2025-01-02
2,2024-05-01
3,2024-10-05
4,2025-09-24
5,2025-03-04
6,2025-06-18
7,2024-04-17
8,2024-01-31
9,2025-05-06
10,2025-05-22
12,2025-12-11
15,2025-06-16
16,2025-02-05
17,2025-02-02
18,2025-10-28
19,2024-03-18
20,2025-05-04
21,2024-08-03
22,2024-07-21
23,2025-02-09
24,2025-06-02
25,2025-08-18
26,2024-02-27
27,2025-03-01
28,2024-02-20
29,2024-08-09
30,2025-06-11
31,2024-08-19
32,2025-08-18
33,2024-05-10
35,2024-12-07
36,2025-09-01
37,2025-01-08
38,2025-02-25
39,2024-02-20
40,2024-10-21
41,2024-06-28
42,2025-11-17
43,2024-09-01
44,2025-05-19
45,2025-12-02
46,2025-07-24
47,2024-02-06
48,2025-04-12
49,2025-09-21
50,2024-09-13
51,2024-03-17
52,2025-05-26
53,2025-04-13
54,2024-07-19
55,2025-04-05
56,2025-07-28
57,2024-11-08
58,2024-03-05
59,2024-11-11
60,2025-03-23
61,2024-11-28
62,2025-07-25
63,2024-06-12
64,2024-10-09
65,2025-05-20
66,2025-04-22
67,2025-05-21
68,2024-11-08
69,2024-11-28
70,2025-08-21
71,2025-05-14
72,2024-03-15
73,2024-02-29
74,2024-03-10
75,2025-11-05
76,2024-06-26
78,2025-04-18
79,2025-10-23
81,2025-04-22
83,2025-12-11
84,2024-10-10
85,2025-04-03
86,2024-11-13
87,2024-07-04
88,2025-03-29
89,2025-06-30
90,2025-06-28
91,2025-09-07
92,2024-03-07
94,2024-08-31
95,2024-04-05
97,2024-08-22
98,2025-09-21
99,2024-08-22
100,2024-04-13
101,2025-12-11
102,2024-12-22
103,2024-03-01
104,2024-11-26
105,2024-12-27
106,2025-06-17
107,2025-06-25
108,2025-07-12
109,2024-04-22
110,2024-06-07
111,2025-10-29
112,2024-02-09
113,2024-11-22
114,2024-07-25
115,2024-11-04
116,2024-09-14
117,2025-03-28
118,2024-10-19
119,2024-07-17
120,2025-04-30
122,2025-01-12
123,2024-03-28
124,2025-06-03
125,2025-11-10
127,2025-10-03
128,2025-11-06
130,2024-02-29
131,2024-08-25
132,2025-09-02
133,2025-03-19
134,2025-09-15
135,2024-02-23
136,2025-03-14
137,2025-04-17
139,2024-01-09
140,2024-09-18
141,2025-11-04
143,2025-01-10
144,2025-12-07
145,2024-08-04
146,2025-11-10
147,2025-07-31
148,2025-05-07
149,2025-03-26
150,2025-08-23
151,2025-08-24
153,2024-11-12
154,2025-03-27
155,2025-08-02
156,2024-08-08
157,2025-10-09
158,2025-07-26
159,2025-11-28
160,2024-03-23
162,2024-09-11
163,2025-09-27
164,2025-04-07
165,2024-08-18
166,2025-03-09
167,2025-01-11
168,2024-02-26
169,2025-11-11
170,2024-08-06
171,2025-03-02
172,2025-05-18
173,2025-05-28
174,2025-09-09
175,2024-05-30
176,2024-12-22
177,2025-04-23
178,2025-06-26
179,2024-07-30
180,2024-09-22
181,2025-07-13
182,2024-08-21
183,2025-10-04
184,2025-11-18
185,2025-11-04
186,2024-07-26
187,2025-07-14
188,2024-08-02
189,2024-09-29
190,2025-09-18
192,2025-03-10
193,2025-12-11
194,2025-09-10
195,2025-12-11
196,2025-10-12
197,2025-05-02
198,2024-02-05
199,2024-10-02
200,2025-11-16
201,2025-07-29
202,2024-12-19
204,2025-10-20
205,2024-07-02
206,2025-05-23
207,2024-04-09
208,2024-05-25
209,2025-04-22
210,2025-08-13
211,2025-05-28
212,2024-10-22
213,2024-05-27
214,2024-11-05
215,2024-04-12
216,2025-08-21
217,2024-08-06
218,2025-08-06
219,2024-11-15
220,2025-09-15
221,2025-07-30
222,2025-01-13
223,2025-06-09
224,2025-03-30
225,2024-06-25
226,2025-10-31
227,2024-09-03
228,2024-11-14
229,2025-07-31
230,2025-06-28
231,2024-12-29
232,2025-01-06
233,2024-08-18
234,2025-01-22
235,2024-07-08
236,2024-02-16
237,2024-10-23
238,2024-05-08
239,2024-05-07
240,2025-03-12
243,2024-11-16
244,2024-06-30
245,2025-11-08
247,2025-06-14
248,2025-04-01
249,2024-12-23
250,2024-07-01
251,2025-11-26
252,2024-05-03
253,2025-01-24
254,2024-07-16
255,2024-06-25
256,2025-09-06
258,2024-07-24
259,2025-11-17
260,2025-05-05
261,2025-10-15
262,2024-10-17
263,2024-12-21
264,2025-04-04
265,2025-06-08
266,2024-08-01
267,2024-11-28
268,2025-03-20
269,2025-08-20
270,2025-06-06
271,2024-10-30
272,2025-02-05
273,2024-03-01
274,2025-08-17
275,2025-07-24
276,2025-05-17
277,2025-12-11
278,2024-02-22
279,2025-09-17
280,2024-04-22
281,2024-09-21
282,2025-07-29
283,2024-02-04
284,2025-11-03
285,2025-08-09
286,2024-08-28
287,2024-08-12
289,2024-04-10
290,2025-12-08
291,2025-01-10
292,2024-05-18
293,2025-05-01
294,2024-05-26
295,2024-07-12
296,2025-08-26
297,2024-10-10
298,2024-12-28
299,2024-07-16
300,2024-05-19
302,2024-07-30
303,2024-07-30
304,2025-10-13
305,2024-06-18
306,2024-07-31
307,2024-12-04
309,2024-04-06
310,2025-09-30
312,2024-06-08
313,2024-01-31
314,2025-12-11
315,2024-09-14
316,2025-02-22
317,2024-09-02
318,2025-05-05
319,2024-04-16
320,2025-11-01
321,2024-03-25
322,2024-08-06
323,2025-06-01
324,2025-03-26
325,2025-01-10
326,2024-02-03
327,2024-11-16
328,2025-02-17
329,2024-06-02
330,2025-04-04
331,2025-05-12
332,2024-12-31
333,2025-09-06
334,2024-04-15
335,2025-10-10
336,2025-06-03
337,2025-06-19
338,2025-02-22
339,2025-01-11
340,2024-03-01
341,2024-05-26
343,2024-11-04
344,2024-11-21
345,2024-09-16
346,2025-10-21
347,2025-07-21
349,2025-12-11
350,2025-08-25
351,2024-08-17
352,2025-11-27
353,2024-04-19
354,2025-07-04
355,2025-12-06
357,2025-01-12
358,2024-12-26
360,2025-04-04
361,2025-07-03
362,2024-03-26
363,2025-01-21
364,2024-03-13
365,2024-01-19
366,2025-09-23
367,2025-06-13
369,2024-12-02
370,2024-02-08
371,2025-04-14
372,2025-05-06
374,2025-02-07
375,2024-10-04
376,2024-08-17
377,2024-08-17
378,2025-06-24
380,2024-10-09
381,2025-11-11
382,2025-04-22
383,2025-08-23
384,2024-07-22
385,2024-08-23
386,2024-11-27
387,2025-07-18
389,2025-02-13
390,2025-12-11
391,2024-04-06
392,2024-12-25
393,2025-07-14
394,2025-07-12
395,2024-04-27
396,2025-12-11
397,2025-11-30
398,2024-11-29
399,2025-11-22
401,2025-05-29
402,2025-12-07
403,2025-01-10
404,2024-06-12
405,2024-08-01
406,2024-11-17
407,2024-01-26
408,2024-12-12
409,2025-06-20
410,2024-03-12
411,2024-02-10
412,2025-09-08
413,2025-07-26
414,2025-06-20
415,2024-03-31
416,2025-11-08
417,2024-08-31
418,2025-07-04
419,2024-06-12
420,2024-07-10
421,2024-03-16
422,2024-06-11
423,2024-07-19
424,2024-01-17
425,2024-07-24
426,2025-12-10
427,2024-12-14
428,2025-03-11
429,2024-06-22
431,2025-03-18
432,2024-08-30
433,2025-01-01
434,2024-08-13
435,2024-02-27
437,2024-04-22
438,2024-11-20
439,2025-05-28
440,2024-02-22
441,2024-06-06
442,2024-10-25
443,2024-02-28
444,2024-07-12
445,2025-09-05
446,2025-09-17
447,2024-09-10
448,2024-04-14
449,2024-03-18
450,2024-11-14
451,2024-05-22
452,2025-03-09
453,2025-07-20
454,2025-04-20
455,2024-10-06
456,2025-08-30
457,2025-03-15
458,2025-09-18
459,2024-02-14
460,2024-08-26
461,2024-05-31
462,2024-09-21
463,2025-12-11
464,2025-04-02
465,2024-10-13
466,2025-11-07
467,2025-12-11
468,2024-04-01
469,2025-05-27
470,2024-04-23
471,2025-07-08
472,2024-12-31
473,2025-02-25
474,2025-07-23
475,2025-03-13
476,2025-08-07
478,2025-05-18
479,2024-06-11
480,2024-04-19
481,2025-11-16
482,2024-02-27
483,2025-11-22
484,2024-10-17
485,2025-10-27
486,2024-08-05
487,2025-06-08
488,2024-11-15
489,2025-02-15
490,2025-03-29
491,2024-11-14
492,2025-04-04
493,2025-01-28
494,2024-08-02
495,2024-07-24
496,2025-10-02
497,2025-09-03
498,2025-06-25
499,2024-09-08
500,2024-11-15
501,2024-11-24
503,2025-12-11
504,2025-02-11
505,2024-12-06
506,2025-12-11
507,2025-08-31
508,2024-12-28
509,2025-03-08
510,2024-05-07
511,2025-05-01
512,2024-07-03
513,2024-03-23
514,2024-02-16
515,2025-08-26
516,2025-01-16
517,2024-07-04
518,2025-01-19
519,2024-02-04
520,2024-07-14
521,2025-12-11
522,2025-03-20
523,2025-02-11
524,2025-10-07
525,2025-01-27
526,2024-09-11
527,2025-12-10
528,2024-12-04
529,2025-12-07
530,2024-09-02
531,2024-08-07
532,2025-01-30
533,2025-06-10
534,2024-11-06
535,2024-02-08
536,2025-02-22
537,2025-02-22
538,2025-11-02
539,2024-05-19
540,2024-10-19
541,2025-07-21
542,2025-01-11
543,2024-02-09
544,2024-08-14
545,2024-08-29
546,2025-12-11
547,2025-08-09
548,2025-10-03
550,2025-09-25
552,2024-07-26
553,2024-06-06
554,2025-03-31
555,2024-08-15
556,2024-12-04
557,2025-06-08
559,2025-04-06
561,2025-05-11
562,2024-07-16
563,2024-06-08
564,2024-04-26
565,2024-02-13
566,2025-04-18
567,2024-07-26
568,2024-07-12
569,2025-11-14
570,2025-04-18
571,2024-03-07
572,2024-11-21
573,2025-10-12
574,2024-08-14
575,2025-07-20
576,2025-10-16
577,2025-01-29
578,2025-11-28
579,2025-10-30
580,2025-04-23
581,2025-06-24
583,2024-08-14
584,2025-08-31
585,2025-03-26
586,2025-04-24
587,2025-03-22
588,2024-07-04
589,2024-01-30
590,2025-12-11
591,2024-04-07
592,2025-02-11
593,2025-09-22
594,2025-11-14
595,2025-01-04
596,2025-10-30
597,2024-03-24
598,2025-12-11
599,2025-03-22
600,2024-01-26
601,2025-09-23
602,2025-07-18
603,2025-01-17
604,2024-10-21
605,2025-10-29
607,2025-12-11
608,2024-08-03
609,2025-04-11
610,2024-08-16
611,2025-07-10
612,2025-08-16
613,2025-07-18
614,2025-04-04
615,2025-04-02
616,2025-11-25
617,2024-10-28
618,2025-09-03
619,2024-11-29
620,2024-12-31
621,2025-10-05
622,2025-08-23
623,2024-12-19
625,2024-02-14
626,2024-01-26
627,2025-12-11
628,2025-09-30
629,2025-08-11
630,2024-08-29
631,2024-06-27
632,2025-02-04
633,2024-02-25
634,2025-05-21
635,2025-03-13
636,2024-08-02
637,2025-05-03
638,2024-12-01
639,2025-09-06
640,2024-09-21
641,2024-09-04
642,2025-09-13
644,2025-11-29
645,2025-03-06
646,2025-11-12
647,2025-06-20
648,2025-04-12
649,2025-12-11
651,2024-10-04
652,2025-05-07
653,2024-06-10
654,2025-08-03
655,2025-09-23
656,2024-08-06
657,2025-10-20
658,2025-09-09
659,2025-03-03
660,2025-05-27
661,2024-01-31
662,2025-12-11
663,2025-08-01
664,2024-10-19
665,2024-08-03
666,2025-12-11
667,2025-12-11
668,2024-12-22
669,2024-07-07
670,2024-08-21
671,2025-01-08
672,2025-10-04
673,2025-12-11
674,2025-06-19
675,2024-04-08
676,2025-12-11
677,2025-07-23
678,2024-11-10
679,2025-02-12
680,2025-02-20
681,2024-03-01
682,2024-08-17
683,2025-09-23
684,2025-10-03
685,2025-09-26
686,2025-12-11
687,2025-02-01
688,2025-06-01
689,2025-06-04
690,2025-10-03
691,2025-03-08
692,2024-03-17
693,2024-09-28
694,2025-05-28
695,2025-06-17
697,2025-07-03
698,2024-10-21
699,2024-09-03
700,2024-10-10
701,2025-09-25
702,2024-04-12
703,2025-04-04
704,2024-06-05
705,2024-12-03
706,2025-03-30
707,2024-07-04
708,2024-09-04
709,2025-05-03
710,2024-04-25
711,2024-08-18
712,2025-04-17
713,2024-01-24
714,2025-03-25
715,2025-02-02
716,2024-08-03
717,2024-10-22
718,2025-03-31
719,2024-05-26
720,2024-03-27
721,2025-06-18
722,2025-02-08
723,2025-04-30
724,2024-06-29
725,2024-04-18
726,2025-09-18
727,2025-07-16
728,2024-02-25
729,2024-11-03
730,2025-02-21
731,2025-12-11
732,2025-02-24
733,2024-12-05
735,2025-02-18
736,2024-11-22
737,2025-09-22
738,2025-05-29
739,2025-08-12
740,2024-08-30
741,2025-10-27
742,2024-12-06
744,2025-03-30
746,2024-08-29
747,2025-10-25
748,2024-03-27
749,2024-11-19
750,2024-09-11
751,2025-08-18
752,2025-03-08
753,2024-02-25
754,2024-08-01
755,2024-04-02
756,2025-06-04
757,2025-02-09
758,2025-12-01
759,2025-04-16
760,2025-06-09
761,2024-12-19
762,2025-08-15
763,2024-10-17
764,2025-09-18
766,2025-08-22
768,2024-01-24
769,2024-11-03
770,2024-11-24
771,2025-01-09
772,2024-07-09
773,2025-12-11
774,2024-05-27
776,2025-12-11
777,2024-07-02
778,2025-11-05
780,2024-12-09
781,2024-06-24
782,2025-12-11
784,2024-02-11
785,2024-06-29
787,2025-10-07
788,2024-11-06
789,2025-12-11
790,2025-08-13
791,2025-08-05
793,2025-05-13
794,2025-02-11
795,2025-04-16
796,2025-09-18
797,2024-12-19
798,2024-10-31
801,2024-11-09
803,2025-04-18
804,2024-12-19
805,2025-01-12
806,2024-12-13
807,2025-01-25
808,2025-12-11
809,2024-08-02
810,2024-12-05
811,2025-10-22
812,2025-09-09
813,2024-03-13
814,2024-06-29
815,2025-12-11
816,2024-04-26
817,2025-12-10
818,2024-03-18
819,2024-04-15
821,2025-07-08
822,2025-07-11
823,2024-06-09
825,2024-09-13
826,2025-04-11
827,2024-12-03
828,2024-04-25
829,2024-11-07
830,2025-12-11
831,2024-08-12
832,2025-01-17
833,2025-05-31
834,2025-03-27
835,2025-02-21
836,2025-11-16
837,2025-12-11
838,2024-09-21
839,2025-12-11
841,2025-07-11
842,2025-08-10
843,2024-04-13
844,2025-04-12
845,2025-07-21
846,2024-10-29
847,2024-04-11
848,2025-04-26
849,2025-04-27
850,2024-11-24
851,2025-02-08
852,2024-06-13
853,2025-08-05
854,2024-06-08
855,2025-01-18
856,2025-08-21
857,2025-01-03
858,2024-05-06
859,2025-10-13
862,2025-12-11
863,2025-11-03
864,2025-03-05
865,2025-04-20
866,2025-06-20
867,2024-03-29
868,2025-03-26
869,2024-05-06
870,2025-12-11
871,2024-07-21
872,2025-02-03
873,2024-04-29
874,2024-02-04
875,2024-11-27
876,2025-04-08
877,2024-12-12
878,2024-02-25
879,2024-06-07
880,2024-06-28
881,2024-07-10
882,2025-07-17
883,2025-05-14
884,2025-02-22
885,2024-02-11
886,2024-08-14
887,2025-01-12
888,2025-07-29
889,2024-07-17
890,2024-06-16
892,2025-02-12
893,2025-09-30
894,2024-06-08
895,2024-05-07
896,2024-09-01
897,2024-06-05
898,2025-06-29
899,2025-12-11
900,2025-10-04
901,2025-02-24
903,2024-09-05
904,2025-03-12
905,2025-08-11
906,2025-07-21
907,2025-07-23
908,2024-03-23
909,2024-05-08
910,2025-01-13
911,2024-05-08
912,2024-10-01
914,2024-11-11
916,2025-09-18
917,2025-05-27
918,2025-11-28
919,2025-09-02
920,2025-10-27
922,2024-04-12
923,2025-01-30
924,2024-11-06
925,2024-02-25
926,2024-05-16
927,2024-08-12
928,2025-06-11
929,2025-12-11
930,2024-12-18
931,2024-12-26
932,2024-12-27
933,2025-11-02
934,2024-04-18
935,2024-10-28
936,2024-06-20
937,2024-05-25
938,2025-07-28
939,2024-10-09
940,2025-05-20
941,2024-06-14
942,2025-03-13
943,2024-02-20
944,2025-04-21
945,2025-10-25
946,2024-12-30
947,2024-05-07
949,2025-08-15
951,2025-01-26
952,2025-03-13
953,2025-08-24
954,2024-11-03
955,2025-12-07
956,2025-10-13
957,2024-04-14
958,2024-03-18
959,2025-02-17
960,2025-08-12
961,2025-04-29
962,2024-03-23
963,2025-05-04
964,2024-05-17
965,2025-04-29
966,2024-08-13
968,2025-07-29
970,2025-10-13
971,2025-09-24
972,2025-08-02
973,2025-08-08
975,2024-02-20
976,2025-12-05
977,2024-04-19
978,2024-12-27
979,2025-06-24
980,2025-07-09
981,2025-10-14
982,2024-02-16
983,2025-06-22
984,2025-03-15
985,2025-12-11
986,2025-12-11
987,2024-07-22
988,2024-09-25
989,2025-06-06
990,2025-03-10
991,2025-12-11
992,2025-08-17
993,2025-03-09
994,2025-09-21
995,2025-03-22
996,2025-02-13
997,2024-08-09
998,2025-06-12
999,2025-05-31
1001,2024-11-12
1002,2025-06-11
1003,2024-09-24
1004,2024-02-22
1005,2025-12-07
1006,2025-12-11
1008,2025-09-15
1009,2025-02-23
1010,2025-09-18
1012,2025-10-19
1014,2025-03-12
1015,2024-09-04
1016,2024-05-19
1017,2025-10-28
1019,2024-09-07
1020,2025-04-27
1021,2025-09-22
1022,2024-11-05
1023,2025-06-22
1024,2024-07-24
1025,2025-12-11
1026,2025-05-16
1027,2024-06-17
1028,2025-02-20
1029,2025-02-10
1030,2024-11-15
1032,2025-02-03
1033,2025-07-04
1035,2025-01-11
1036,2024-12-21
1037,2024-09-28
1038,2024-07-22
1039,2025-08-31
1040,2025-03-24
1041,2025-01-05
1042,2024-12-22
1043,2025-04-27
1044,2025-03-08
1045,2024-04-02
1046,2024-10-09
1048,2025-05-26
1049,2024-06-27
1050,2025-08-28
1051,2025-04-26
1052,2025-10-14
1053,2024-04-21
1054,2025-07-30
1055,2024-10-19
1056,2025-09-27
1057,2024-04-24
1058,2025-12-11
1059,2025-10-15
1061,2025-09-21
1062,2025-12-11
1063,2024-07-29
1064,2025-01-15
1065,2024-07-10
1068,2024-07-06
1069,2024-12-19
1070,2025-06-22
1071,2024-10-02
1072,2025-11-03
1073,2024-03-21
1074,2025-02-13
1075,2024-05-01
1076,2025-04-22
1077,2025-05-23
1078,2024-08-29
1079,2024-10-05
1080,2024-08-19
1081,2025-03-17
1082,2025-05-11
1083,2024-03-13
1084,2025-10-01
1085,2024-05-21
1086,2024-03-01
1088,2024-08-18
1089,2024-04-26
1090,2025-09-11
1091,2025-01-11
1092,2024-07-08
1093,2024-10-12
1094,2025-04-24
1095,2025-04-14
1096,2024-04-07
1097,2025-05-04
1098,2024-05-16
1100,2024-09-29
1101,2025-02-01
1102,2025-07-01
1103,2025-02-23
1104,2025-01-18
1105,2025-09-30
1107,2024-07-26
1108,2025-08-15
1109,2024-08-16
1110,2025-07-19
1111,2025-04-08
1112,2025-11-25
1113,2025-09-06
1114,2024-05-16
1115,2025-03-29
1116,2025-01-07
1117,2024-03-27
1118,2025-10-18
1119,2024-06-27
1120,2024-02-11
1123,2024-05-01
1124,2025-06-08
1126,2025-02-14
1127,2025-01-05
1128,2024-02-10
1129,2024-03-19
1130,2024-05-10
1131,2025-05-09
1132,2024-02-22
1133,2024-12-04
1134,2024-06-16
1135,2024-09-26
1136,2024-11-27
1137,2025-09-01
1138,2024-11-22
1139,2024-06-21
1141,2024-03-24
1142,2025-05-13
1144,2025-10-01
1145,2024-04-19
1146,2025-11-30
1147,2024-05-24
1148,2024-10-22
1149,2024-12-22
1150,2024-05-10
1151,2024-07-18
1153,2024-06-21
1154,2025-01-27
1155,2024-12-13
1156,2025-10-27
1157,2024-05-21
1158,2025-11-14
1159,2025-05-08
1160,2024-05-10
1161,2025-08-11
1162,2025-12-11
1163,2024-03-08
1164,2024-12-10
1165,2024-12-09
1166,2025-12-11
1167,2024-10-30
1168,2024-08-19
1169,2024-11-14
1170,2025-12-11
1171,2024-11-27
1172,2025-12-11
1173,2025-06-07
1175,2025-06-22
1176,2024-12-09
1177,2025-09-21
1178,2025-03-11
1179,2024-03-26
1181,2024-06-15
1182,2024-12-10
1183,2024-02-14
1184,2025-01-03
1185,2024-02-24
1186,2024-04-08
1187,2025-10-05
1188,2024-03-23
1189,2025-04-03
1191,2025-12-11
1193,2024-11-06
1194,2025-08-08
1195,2025-12-11
1196,2024-11-08
1198,2025-08-27
1199,2024-11-18
1200,2024-07-23
1202,2025-02-27
1203,2025-12-11
1204,2025-03-22
1205,2025-08-24
1206,2024-05-11
1207,2024-10-02
1208,2025-08-25
1209,2025-07-10
1210,2024-12-25
1211,2025-03-13
1212,2024-08-14
1213,2025-07-18
1214,2024-07-18
1215,2025-01-02
1216,2024-04-16
1217,2024-03-27
1218,2025-02-15
1219,2025-06-15
1220,2025-08-28
1221,2024-03-15
1223,2025-06-09
1224,2025-08-13
1225,2025-12-11
1226,2025-04-23
1227,2024-11-16
1228,2025-11-24
1230,2025-08-03
1231,2025-05-24
1232,2024-12-10
1234,2024-03-30
1235,2025-07-12
1236,2024-02-20
1237,2025-08-28
1238,2025-08-26
1239,2025-01-14
1240,2025-10-30
1241,2025-10-11
1242,2025-03-02
1243,2024-03-27
1244,2025-03-11
1245,2025-04-10
1246,2025-03-06
1247,2025-09-18
1248,2024-10-15
1249,2025-12-11
1250,2025-09-25
1251,2025-03-23
1252,2025-10-07
1253,2024-03-16
1254,2024-10-22
1255,2025-03-24
1256,2025-04-24
1257,2025-10-10
1258,2024-05-12
1259,2025-02-16
1260,2025-05-19
1261,2025-12-03
1262,2025-01-18
1263,2024-05-23
1264,2024-07-10
1265,2025-04-20
1266,2024-07-17
1267,2024-12-31
1268,2025-02-06
1269,2024-09-15
1270,2024-02-17
1271,2025-02-06
1272,2025-06-02
1273,2025-01-01
1274,2024-03-27
1275,2025-05-15
1276,2024-11-28
1277,2025-02-08
1278,2024-04-10
1279,2024-11-16
1280,2025-11-20
1281,2024-12-26
1282,2025-10-23
1283,2025-12-11
1284,2024-05-19
1285,2025-09-25
1286,2024-05-10
1287,2024-01-29
1288,2024-04-01
1289,2025-11-22
1291,2024-08-22
1293,2025-01-28
1295,2025-09-19
1296,2024-03-12
1297,2025-09-24
1298,2025-03-19
1300,2024-08-27
1301,2024-03-14
1302,2025-01-22
1303,2025-07-03
1304,2024-09-26
1305,2025-12-11
1306,2025-01-16
1307,2025-03-30
1308,2024-09-24
1309,2025-09-20
1310,2025-04-27
1311,2024-02-09
1312,2025-10-14
1313,2024-03-02
1314,2024-06-08
1315,2025-12-11
1316,2025-01-29
1317,2025-12-11
1318,2024-02-14
1319,2025-12-11
1320,2025-04-04
1321,2025-12-11
1322,2024-12-11
1324,2025-12-09
1325,2024-02-23
1327,2024-09-18
1328,2024-12-20
1329,2025-10-26
1330,2024-06-17
1331,2025-05-21
1332,2024-03-12
1333,2024-03-28
1334,2024-04-21
1336,2025-11-23
1337,2025-01-07
1338,2025-06-15
1339,2024-09-13
1340,2024-06-13
1341,2024-08-08
1342,2025-01-23
1343,2025-10-26
1344,2025-01-31
1345,2024-07-07
1346,2024-12-23
1347,2025-07-04
1348,2025-01-03
1349,2024-05-05
1350,2025-12-11
1352,2024-05-08
1353,2025-08-17
1355,2025-11-28
1356,2024-08-19
1357,2025-01-19
1358,2024-01-09
1360,2024-05-15
1361,2024-12-04
1362,2025-07-29
1363,2024-02-29
1364,2025-09-12
1365,2024-12-08
1366,2025-12-11
1367,2024-11-17
1368,2025-12-03
1369,2025-08-10
1370,2025-08-07
1373,2025-05-18
1374,2024-05-02
1375,2024-12-27
1376,2024-12-09
1378,2024-05-31
1379,2025-12-11
1380,2024-08-23
1381,2024-12-10
1382,2024-04-30
1383,2024-03-21
1384,2024-03-24
1385,2024-07-06
1386,2024-08-20
1387,2024-06-05
1388,2025-11-27
1389,2024-04-01
1390,2024-09-03
1391,2025-08-24
1392,2025-03-04
1393,2025-10-16
1394,2025-02-07
1395,2024-12-29
1396,2024-08-21
1397,2024-03-13
1398,2024-06-01
1399,2025-07-13
1400,2025-04-24
1401,2025-03-06
1402,2024-11-28
1403,2024-04-27
1404,2025-02-17
1406,2024-03-27
1407,2025-04-24
1408,2024-02-15
1409,2024-07-06
1410,2024-04-22
1411,2025-05-10
1412,2024-12-04
1413,2025-07-17
1414,2025-02-12
1415,2025-03-08
1416,2024-09-25
1417,2024-07-08
1418,2024-10-10
1419,2025-04-21
1420,2024-03-04
1421,2024-06-11
1422,2025-08-19
1423,2024-09-28
1424,2025-12-11
1426,2024-06-06
1427,2025-07-06
1428,2024-12-12
1429,2024-09-03
1430,2025-02-06
1431,2025-12-11
1432,2025-12-11
1433,2025-09-11
1434,2024-09-14
1435,2024-12-27
1436,2025-02-22
1438,2025-04-02
1439,2025-12-02
1440,2025-07-22
1441,2025-02-20
1442,2025-12-11
1443,2024-06-04
1444,2024-10-07
1445,2024-09-25
1446,2025-07-08
1447,2025-05-08
1449,2024-04-19
1450,2025-05-03
1451,2025-03-10
1452,2025-03-03
1453,2025-03-28
1454,2024-05-08
1455,2025-08-30
1456,2024-08-09
1457,2024-07-04
1458,2025-05-03
1459,2024-04-23
1460,2025-09-29
1461,2025-02-18
1462,2024-05-12
1463,2024-07-25
1464,2025-09-04
1465,2024-04-16
1466,2025-03-26
1467,2025-03-02
1468,2024-05-21
1469,2025-06-01
1470,2025-08-29
1471,2024-07-12
1472,2025-06-01
1473,2024-07-14
1474,2025-08-03
1475,2025-08-16
1477,2024-12-26
1478,2024-09-18
1479,2024-10-05
1480,2024-04-05
1481,2025-09-17
1482,2024-07-18
1483,2025-12-11
1484,2025-03-23
1485,2025-01-25
1486,2024-02-22
1487,2024-11-21
1488,2025-12-11
1490,2024-09-15
1491,2025-09-21
1492,2024-09-24
1493,2024-01-22
1494,2025-09-22
1495,2025-12-11
1496,2024-10-02
1497,2025-06-25
1498,2024-10-02
1499,2025-02-26
1500,2024-09-16
1501,2024-10-18
1502,2024-07-10
1503,2024-06-06
1504,2024-09-25
1505,2024-04-09
1506,2025-12-11
1507,2024-06-14
1508,2025-01-14
1509,2025-11-04
1510,2025-06-11
1511,2024-02-09
1512,2025-10-22
1513,2025-02-23
1514,2024-02-03
1515,2025-10-29
1518,2025-08-29
1519,2025-06-27
1520,2024-09-18
1521,2025-05-23
1522,2025-06-04
1523,2024-05-20
1524,2024-08-04
1525,2025-06-10
1526,2024-03-24
1527,2024-01-22
1528,2025-07-21
1529,2025-01-15
1530,2025-11-12
1531,2024-03-23
1533,2025-11-13
1534,2025-04-20
1536,2025-02-22
1537,2025-05-02
1538,2024-12-10
1539,2025-02-06
1540,2025-09-17
1541,2024-11-12
1542,2025-08-17
1543,2024-07-15
1544,2025-07-13
1545,2024-12-15
1547,2024-02-21
1548,2024-02-06
1549,2024-09-18
1550,2025-11-21
1551,2025-10-03
1552,2024-09-18
1553,2025-09-13
1554,2024-08-31
1555,2024-10-02
1557,2025-06-03
1558,2024-09-25
1560,2025-02-23
1561,2025-11-29
1562,2024-10-14
1563,2024-08-08
1564,2025-01-23
1565,2024-06-23
1566,2024-12-24
1567,2024-06-11
1568,2024-06-14
1569,2025-12-11
1570,2024-12-06
1571,2025-11-05
1572,2025-12-11
1573,2025-06-19
1574,2025-04-07
1576,2024-11-02
1577,2024-06-09
1578,2025-01-28
1579,2024-05-20
1580,2024-08-20
1581,2024-10-20
1582,2024-09-02
1583,2025-05-11
1584,2025-02-16
1585,2025-07-29
1586,2024-05-02
1587,2024-06-20
1589,2024-06-20
1590,2024-11-12
1591,2025-12-11
1592,2025-05-02
1593,2024-10-09
1594,2025-12-11
1595,2024-03-07
1596,2024-09-28
1598,2025-12-11
1599,2025-07-04
1600,2025-12-01
1601,2024-07-21
1602,2024-11-26
1603,2025-05-08
1604,2024-05-08
1605,2025-12-11
1606,2025-12-11
1607,2024-02-21
1608,2024-03-01
1609,2025-04-12
1610,2024-03-24
1611,2025-09-09
1612,2024-06-10
1613,2024-10-25
1614,2025-08-15
1615,2025-10-15
1616,2025-03-24
1617,2024-11-03
1618,2024-07-20
1619,2025-11-19
1620,2024-09-30
1621,2025-08-11
1623,2024-04-04
1624,2024-04-25
1625,2025-05-14
1626,2025-02-23
1627,2025-12-11
1628,2024-03-04
1629,2025-03-03
1631,2025-05-16
1632,2024-10-24
1633,2024-08-19
1634,2025-02-24
1635,2025-09-02
1636,2025-08-13
1637,2025-05-15
1638,2025-02-21
1639,2024-02-02
1641,2024-12-28
1642,2025-06-02
1643,2024-08-07
1644,2024-02-05
1645,2024-04-18
1646,2024-07-14
1647,2025-12-04
1648,2025-03-09
1649,2024-08-25
1650,2025-03-29
1651,2025-04-29
1652,2024-11-25
1653,2025-11-10
1655,2025-03-28
1656,2025-11-07
1657,2024-05-15
1658,2024-12-11
1659,2025-11-28
1660,2024-07-13
1662,2025-03-10
1663,2024-10-31
1664,2025-06-05
1665,2024-05-30
1666,2024-08-11
1667,2024-12-29
1669,2024-02-17
1670,2024-10-01
1671,2025-08-10
1672,2025-12-11
1673,2025-04-01
1674,2025-05-15
1675,2025-05-12
1676,2025-05-22
1677,2024-07-24
1678,2024-04-23
1679,2025-04-22
1681,2024-02-29
1682,2024-09-06
1683,2025-06-02
1684,2024-10-04
1685,2025-10-20
1686,2025-02-06
1688,2024-08-16
1689,2024-02-03
1690,2024-09-27
1691,2024-02-29
1692,2025-10-05
1693,2025-08-11
1695,2024-10-16
1696,2025-09-01
1697,2024-04-06
1698,2024-10-25
1699,2025-05-05
1700,2024-08-09
1701,2025-04-21
1702,2024-02-19
1703,2024-12-26
1704,2025-09-16
1705,2024-02-26
1706,2024-07-09
1707,2025-12-11
1708,2024-10-23
1709,2024-12-28
1710,2025-07-01
1711,2025-10-04
1712,2024-06-06
1713,2025-02-13
1714,2024-01-30
1715,2025-11-24
1716,2024-11-09
1717,2024-03-07
1718,2024-02-11
1719,2025-07-17
1720,2024-11-10
1721,2024-02-15
1722,2024-03-26
1723,2025-09-02
1724,2025-05-13
1725,2024-04-06
1726,2025-01-31
1727,2025-09-27
1728,2024-05-12
1730,2025-06-18
1731,2025-05-28
1732,2024-10-26
1733,2024-08-11
1734,2025-01-29
1735,2024-06-13
1736,2025-03-24
1737,2025-12-11
1738,2024-04-30
1739,2025-02-06
1740,2025-02-28
1741,2025-08-23
1742,2024-09-05
1743,2024-02-01
1744,2025-04-16
1745,2025-06-15
1746,2025-04-15
1747,2025-03-24
1748,2024-09-24
1749,2025-02-11
1750,2025-05-09
1751,2024-12-24
1752,2024-11-22
1753,2025-06-29
1754,2024-06-25
1755,2024-04-15
1756,2025-10-16
1757,2025-06-23
1758,2025-08-02
1760,2024-11-14
1761,2025-08-21
1762,2025-12-10
1763,2024-09-04
1764,2024-10-24
1765,2025-08-06
1766,2024-03-08
1768,2024-10-10
1769,2024-06-16
1770,2025-08-30
1771,2024-08-14
1772,2025-07-12
1773,2025-05-28
1774,2025-05-28
1775,2025-03-20
1776,2024-05-03
1777,2025-03-08
1778,2025-03-01
1779,2024-08-11
1780,2024-12-08
1781,2025-11-03
1782,2025-09-13
1783,2025-10-29
1784,2025-01-25
1786,2024-03-11
1787,2025-04-09
1788,2025-02-03
1789,2024-07-26
1790,2025-11-11
1791,2024-05-04
1792,2025-12-11
1793,2025-11-10
1794,2025-03-30
1795,2025-03-23
1796,2024-12-26
1797,2025-03-04
1798,2025-09-22
1799,2024-06-09
1800,2025-08-31
1801,2025-04-12
1802,2025-08-06
1803,2025-11-22
1804,2025-08-25
1805,2025-12-11
1806,2025-01-26
1807,2025-08-28
1808,2024-11-05
1809,2025-01-19
1812,2025-04-03
1813,2025-07-07
1814,2025-03-30
1815,2025-04-17
1816,2025-01-19
1817,2025-10-21
1819,2025-06-20
1820,2025-09-30
1821,2025-06-19
1822,2024-06-21
1823,2024-02-21
1824,2025-06-28
1825,2024-12-20
1826,2024-11-05
1827,2025-08-15
1829,2024-10-05
1830,2025-10-22
1831,2025-01-19
1832,2025-11-28
1833,2025-04-15
1834,2024-12-24
1835,2025-11-23
1836,2025-07-06
1837,2024-05-07
1838,2024-11-03
1839,2024-09-05
1840,2025-11-13
1841,2025-04-26
1842,2024-08-31
1843,2024-04-20
1844,2025-07-31
1845,2025-09-29
1846,2024-06-04
1847,2025-10-29
1848,2024-02-17
1849,2024-02-14
1851,2025-11-15
1852,2025-05-05
1853,2024-06-07
1854,2025-12-11
1855,2024-06-28
1856,2024-06-17
1857,2024-02-15
1858,2024-12-23
1859,2024-09-07
1860,2024-12-02
1861,2024-07-08
1862,2024-02-20
1863,2024-12-17
1864,2025-06-13
1865,2024-12-06
1866,2025-01-27
1867,2024-06-21
1868,2025-05-16
1869,2025-02-27
1870,2024-07-31
1871,2024-11-29
1872,2025-09-25
1873,2024-04-12
1874,2025-04-14
1875,2025-06-22
1876,2024-10-19
1877,2025-08-16
1878,2024-03-05
1879,2025-07-21
1880,2025-11-08
1881,2024-01-27
1882,2024-06-27
1883,2025-11-16
1884,2025-02-02
1885,2025-08-03
1887,2025-07-02
1888,2025-12-11
1889,2024-07-06
1890,2025-04-19
1891,2024-12-15
1892,2024-06-13
1893,2025-07-23
1894,2025-09-15
1895,2025-03-24
1896,2025-06-27
1897,2024-01-21
1898,2024-06-01
1899,2024-12-21
1900,2024-10-24
1901,2025-09-10
1902,2025-05-22
1903,2025-12-11
1904,2025-06-14
1905,2025-08-23
1906,2024-04-30
1907,2025-10-15
1908,2025-11-17
1909,2025-10-06
1910,2025-04-30
1911,2024-04-07
1912,2024-07-05
1913,2024-04-15
1915,2024-04-07
1916,2025-06-12
1917,2025-12-11
1918,2024-06-29
1919,2024-05-23
1920,2025-08-12
1921,2025-01-17
1922,2024-09-20
1923,2025-06-05
1924,2025-10-18
1925,2025-03-30
1926,2024-04-21
1927,2025-08-04
1928,2025-09-20
1929,2024-12-28
1930,2025-01-31
1931,2024-06-13
1932,2025-04-05
1933,2025-05-17
1934,2025-06-10
1935,2024-07-14
1936,2024-09-26
1937,2025-01-19
1938,2025-04-10
1939,2024-07-03
1940,2025-01-06
1941,2024-07-21
1942,2024-12-19
1944,2024-04-12
1945,2024-04-30
1947,2024-02-09
1948,2024-11-03
1949,2025-07-26
1951,2024-05-09
1952,2025-10-17
1953,2024-10-05
1954,2024-05-25
1955,2025-01-15
1956,2024-02-23
1957,2024-03-02
1958,2024-03-14
1959,2025-05-26
1960,2024-04-29
1961,2025-03-08
1962,2025-06-28
1963,2024-04-02
1964,2025-12-01
1965,2024-05-30
1968,2024-07-29
1970,2024-02-29
1971,2025-02-02
1972,2024-07-02
1973,2025-03-28
1974,2025-02-19
1975,2025-12-11
1978,2025-04-06
1979,2025-06-29
1980,2024-04-12
1981,2025-12-11
1982,2025-10-04
1983,2024-03-09
1984,2025-05-24
1985,2024-05-21
1986,2024-06-15
1987,2024-03-31
1988,2024-04-25
1989,2024-09-09
1990,2025-05-11
1991,2024-06-19
1992,2025-09-12
1993,2025-10-05
1994,2025-10-01
1995,2025-07-31
1996,2025-09-30
1997,2025-11-16
1998,2024-12-01
1999,2024-10-23
2000,2024-05-10
