id_kary,id_osoby,id_rodzaju_kary,id_wypozyczenia,kwota,data_nalozenia,data_oplacenia,status
1,734,1,1,1.5,2025-02-19,,do zapłaty
2,794,1,3,5.5,2024-07-01,,do zapłaty
3,451,1,6,9.5,2025-06-10,,do zapłaty
4,232,1,8,1.0,2025-11-25,,do zapłaty
5,388,1,9,2.0,2024-07-19,,do zapłaty
6,332,1,10,6.0,2024-05-25,,do zapłaty
7,66,1,13,0.5,2024-11-16,,do zapłaty
8,641,1,16,12.5,2025-06-21,,do zapłaty
9,331,1,19,11.0,2025-06-28,,do zapłaty
10,924,1,20,8.0,2025-03-24,,do zapłaty
11,879,1,22,10.5,2024-06-05,,do zapłaty
12,354,1,24,5.0,2024-04-12,,do zapłaty
13,142,1,25,7.0,2025-05-24,,do zapłaty
14,821,1,27,5.0,2024-04-01,,do zapłaty
15,957,1,37,6.5,2025-03-11,,do zapłaty
16,900,1,43,7.5,2025-10-14,,do zapłaty
17,40,1,44,3.5,2024-11-25,,do zapłaty
18,399,1,46,13.0,2024-05-13,,do zapłaty
19,34,1,48,10.0,2024-07-10,,do zapłaty
20,499,1,50,2.5,2024-06-05,,do zapłaty
21,89,1,53,2.0,2024-12-02,,do zapłaty
22,820,1,54,14.0,2025-08-19,,do zapłaty
23,453,1,57,6.0,2024-10-04,,do zapłaty
24,844,1,59,14.0,2025-08-28,,do zapłaty
25,919,1,60,15.0,2025-06-11,,do zapłaty
26,758,1,65,12.5,2025-03-26,,do zapłaty
27,522,1,68,10.0,2024-06-26,,do zapłaty
28,779,1,69,13.0,2024-09-21,,do zapłaty
29,85,1,71,9.0,2025-12-11,,do zapłaty
30,980,1,76,1.0,2025-05-02,,do zapłaty
31,317,1,77,2.5,2024-12-05,,do zapłaty
32,895,1,78,2.0,2025-05-16,,do zapłaty
33,952,1,83,15.0,2024-09-15,,do zapłaty
34,369,1,84,6.5,2024-07-14,,do zapłaty
35,340,1,89,5.5,2025-01-27,,do zapłaty
36,826,1,90,11.0,2025-01-18,,do zapłaty
37,302,1,95,14.0,2024-12-19,,do zapłaty
38,336,1,96,14.5,2025-08-05,,do zapłaty
39,298,1,97,1.5,2025-02-19,,do zapłaty
40,497,1,98,9.5,2025-10-22,,do zapłaty
41,33,1,99,5.0,2025-01-09,,do zapłaty
42,341,1,100,6.5,2024-07-30,,do zapłaty
43,565,1,101,13.0,2025-01-27,,do zapłaty
44,324,1,102,4.0,2025-11-08,,do zapłaty
45,829,1,104,0.5,2025-10-29,,do zapłaty
46,529,1,105,9.0,2025-01-10,,do zapłaty
47,324,1,109,11.0,2024-11-16,,do zapłaty
48,565,1,111,3.5,2025-10-15,,do zapłaty
49,240,1,115,7.0,2024-06-30,,do zapłaty
50,433,1,122,2.5,2025-03-07,,do zapłaty
51,276,1,128,1.0,2024-08-03,,do zapłaty
52,975,1,129,3.0,2025-10-29,,do zapłaty
53,178,1,133,2.5,2025-11-14,,do zapłaty
54,626,1,135,8.0,2025-10-18,,do zapłaty
55,660,1,137,13.5,2025-07-08,,do zapłaty
56,117,1,141,2.5,2024-04-17,,do zapłaty
57,92,1,144,12.0,2024-07-23,,do zapłaty
58,323,1,145,10.5,2024-12-08,,do zapłaty
59,292,1,147,13.0,2024-03-31,,do zapłaty
60,225,1,149,4.0,2025-12-28,,do zapłaty
61,980,1,153,10.0,2025-06-15,,do zapłaty
62,553,1,156,1.0,2024-08-07,,do zapłaty
63,698,1,158,2.0,2024-07-31,,do zapłaty
64,382,1,159,9.0,2024-03-15,,do zapłaty
65,562,1,160,8.0,2025-05-31,,do zapłaty
66,630,1,161,12.0,2024-08-28,,do zapłaty
67,416,1,162,11.0,2024-04-06,,do zapłaty
68,568,1,163,3.5,2025-03-20,,do zapłaty
69,265,1,164,8.0,2024-08-01,,do zapłaty
70,730,1,166,5.5,2024-12-17,,do zapłaty
71,463,1,171,14.0,2025-01-12,,do zapłaty
72,575,1,175,6.5,2025-08-01,,do zapłaty
73,586,1,182,7.0,2024-11-24,,do zapłaty
74,551,1,183,6.0,2025-01-25,,do zapłaty
75,718,1,184,13.0,2025-12-28,,do zapłaty
76,144,1,186,8.5,2024-06-11,,do zapłaty
77,873,1,187,7.0,2025-06-16,,do zapłaty
78,344,1,188,14.5,2024-10-22,,do zapłaty
79,160,1,189,8.5,2025-02-15,,do zapłaty
80,448,1,193,1.0,2025-03-23,,do zapłaty
81,797,1,197,8.5,2024-03-19,,do zapłaty
82,114,1,198,8.0,2025-11-17,,do zapłaty
83,743,1,199,11.5,2025-03-15,,do zapłaty
84,26,1,208,0.5,2024-06-30,,do zapłaty
85,54,1,209,5.5,2025-03-10,,do zapłaty
86,828,1,210,5.5,2024-10-29,,do zapłaty
87,219,1,211,13.0,2024-12-31,,do zapłaty
88,369,1,212,8.0,2025-06-20,,do zapłaty
89,78,1,213,10.0,2024-05-04,,do zapłaty
90,952,1,218,12.5,2025-10-05,,do zapłaty
91,940,1,219,12.0,2025-01-24,,do zapłaty
92,856,1,220,14.5,2025-08-12,,do zapłaty
93,168,1,222,11.5,2025-11-15,,do zapłaty
94,756,1,226,1.0,2025-08-15,,do zapłaty
95,835,1,238,1.5,2025-08-01,,do zapłaty
96,13,1,240,3.5,2025-07-06,,do zapłaty
97,450,1,245,7.0,2024-06-04,,do zapłaty
98,777,1,246,8.0,2025-07-29,,do zapłaty
99,338,1,255,11.0,2025-07-19,,do zapłaty
100,206,1,257,11.0,2024-11-04,,do zapłaty
101,226,1,259,0.5,2024-06-28,,do zapłaty
102,733,1,261,7.0,2024-03-02,,do zapłaty
103,922,1,263,9.5,2024-08-02,,do zapłaty
104,664,1,267,11.0,2024-07-28,,do zapłaty
105,138,1,268,1.0,2025-04-08,,do zapłaty
106,544,1,269,3.0,2024-10-17,,do zapłaty
107,882,1,273,9.0,2025-11-18,,do zapłaty
108,498,1,280,3.5,2025-11-23,,do zapłaty
109,658,1,282,0.5,2024-12-16,,do zapłaty
110,727,1,283,2.5,2024-11-21,,do zapłaty
111,862,1,287,14.5,2025-01-16,,do zapłaty
112,642,1,288,10.0,2025-01-19,,do zapłaty
113,385,1,289,1.0,2025-01-15,,do zapłaty
114,781,1,293,3.5,2024-06-11,,do zapłaty
115,466,1,295,6.5,2024-08-09,,do zapłaty
116,311,1,299,7.0,2024-08-23,,do zapłaty
117,905,1,301,3.0,2025-08-05,,do zapłaty
118,352,1,302,7.0,2025-07-16,,do zapłaty
119,679,1,304,12.5,2024-10-28,,do zapłaty
120,376,1,306,10.0,2024-05-13,,do zapłaty
121,76,1,309,1.0,2024-03-16,,do zapłaty
122,885,1,311,12.5,2025-05-11,,do zapłaty
123,80,1,314,10.5,2025-12-18,,do zapłaty
124,765,1,317,7.0,2025-01-28,,do zapłaty
125,539,1,320,0.5,2025-07-18,,do zapłaty
126,943,1,322,11.0,2024-02-22,,do zapłaty
127,661,1,323,14.5,2025-11-26,,do zapłaty
128,155,1,325,2.5,2024-09-21,,do zapłaty
129,397,1,326,5.0,2025-12-28,,do zapłaty
130,754,1,327,2.0,2025-02-02,,do zapłaty
131,42,1,332,3.5,2025-12-28,,do zapłaty
132,543,1,333,8.0,2025-06-26,,do zapłaty
133,989,1,340,2.0,2024-04-16,,do zapłaty
134,282,1,341,9.5,2025-08-31,,do zapłaty
135,789,1,344,3.5,2025-01-14,,do zapłaty
136,34,1,347,11.5,2025-02-23,,do zapłaty
137,978,1,349,14.5,2025-04-15,,do zapłaty
138,96,1,350,7.5,2025-04-21,,do zapłaty
139,360,1,353,8.5,2024-02-17,,do zapłaty
140,37,1,356,3.0,2024-04-06,,do zapłaty
141,250,1,358,8.0,2024-12-27,,do zapłaty
142,194,1,360,15.0,2024-05-20,,do zapłaty
143,911,1,366,15.0,2024-11-28,,do zapłaty
144,46,1,370,12.5,2025-06-28,,do zapłaty
145,184,1,374,9.0,2025-01-07,,do zapłaty
146,739,1,375,8.5,2025-02-08,,do zapłaty
147,126,1,379,12.5,2024-09-26,,do zapłaty
148,760,1,380,0.5,2025-12-28,,do zapłaty
149,287,1,381,11.5,2025-07-15,,do zapłaty
150,538,1,382,1.0,2025-03-18,,do zapłaty
151,515,1,385,7.5,2025-05-26,,do zapłaty
152,766,1,386,6.0,2025-07-19,,do zapłaty
153,90,1,387,0.5,2024-07-31,,do zapłaty
154,270,1,391,12.0,2025-01-27,,do zapłaty
155,146,1,392,3.0,2024-07-05,,do zapłaty
156,701,1,395,7.5,2024-09-28,,do zapłaty
157,581,1,396,3.5,2024-07-10,,do zapłaty
158,560,1,398,14.0,2025-01-09,,do zapłaty
159,408,1,400,3.0,2025-06-10,,do zapłaty
160,420,1,409,4.5,2024-07-29,,do zapłaty
161,515,1,412,1.0,2025-04-20,,do zapłaty
162,494,1,417,8.5,2025-10-18,,do zapłaty
163,676,1,418,7.0,2024-05-06,,do zapłaty
164,774,1,421,7.5,2024-08-01,,do zapłaty
165,249,1,428,3.0,2024-08-19,,do zapłaty
166,679,1,429,9.0,2025-07-05,,do zapłaty
167,60,1,431,6.5,2024-04-15,,do zapłaty
168,332,1,432,9.0,2024-04-29,,do zapłaty
169,963,1,436,14.5,2024-07-09,,do zapłaty
170,733,1,439,8.5,2025-03-28,,do zapłaty
171,751,1,441,7.0,2024-03-19,,do zapłaty
172,22,1,443,9.5,2025-10-15,,do zapłaty
173,275,1,446,13.0,2024-03-16,,do zapłaty
174,357,1,449,4.5,2025-06-13,,do zapłaty
175,825,1,450,11.5,2025-10-07,,do zapłaty
176,274,1,456,6.0,2025-10-18,,do zapłaty
177,818,1,458,2.5,2024-02-21,,do zapłaty
178,532,1,459,1.5,2024-11-08,,do zapłaty
179,851,1,460,3.0,2025-08-16,,do zapłaty
180,524,1,461,11.5,2024-03-14,,do zapłaty
181,948,1,463,4.5,2025-04-25,,do zapłaty
182,364,1,465,9.0,2024-04-24,,do zapłaty
183,803,1,466,15.0,2024-05-22,,do zapłaty
184,731,1,468,1.5,2025-06-30,,do zapłaty
185,60,1,471,4.5,2024-08-18,,do zapłaty
186,641,1,472,4.5,2025-05-18,,do zapłaty
187,661,1,474,10.5,2024-08-14,,do zapłaty
188,499,1,489,14.0,2024-06-28,,do zapłaty
189,507,1,490,11.0,2024-06-13,,do zapłaty
190,292,1,494,12.0,2024-07-29,,do zapłaty
191,956,1,495,3.5,2025-06-05,,do zapłaty
192,783,1,496,12.5,2024-03-10,,do zapłaty
193,776,1,500,13.5,2025-08-27,,do zapłaty
194,55,1,502,4.5,2024-10-23,,do zapłaty
195,71,1,503,7.0,2024-02-14,,do zapłaty
196,530,1,512,12.5,2024-05-16,,do zapłaty
197,777,1,523,3.0,2025-03-01,,do zapłaty
198,222,1,528,3.5,2025-02-07,,do zapłaty
199,321,1,529,6.5,2024-11-28,,do zapłaty
200,807,1,530,8.0,2025-07-30,,do zapłaty
201,923,1,531,10.5,2025-11-14,,do zapłaty
202,621,1,535,9.0,2024-06-17,,do zapłaty
203,646,1,536,7.0,2024-02-22,,do zapłaty
204,829,1,538,8.0,2024-03-28,,do zapłaty
205,831,1,541,12.0,2025-07-18,,do zapłaty
206,730,1,542,14.0,2024-06-05,,do zapłaty
207,618,1,544,5.5,2024-11-15,,do zapłaty
208,196,1,548,13.0,2024-04-14,,do zapłaty
209,378,1,550,12.0,2024-04-12,,do zapłaty
210,487,1,553,14.0,2025-09-27,,do zapłaty
211,490,1,557,14.0,2024-08-15,,do zapłaty
212,818,1,567,2.5,2024-02-09,,do zapłaty
213,879,1,571,11.0,2024-10-28,,do zapłaty
214,351,1,572,7.5,2025-03-20,,do zapłaty
215,541,1,574,8.0,2025-08-12,,do zapłaty
216,758,1,576,4.0,2025-11-24,,do zapłaty
217,584,1,578,5.0,2025-12-28,,do zapłaty
218,523,1,580,13.0,2025-07-14,,do zapłaty
219,364,1,581,9.0,2024-03-30,,do zapłaty
220,851,1,588,4.0,2025-09-02,,do zapłaty
221,92,1,589,5.5,2025-05-28,,do zapłaty
222,116,1,590,3.0,2024-09-20,,do zapłaty
223,846,1,591,8.0,2024-09-10,,do zapłaty
224,165,1,597,5.5,2025-11-12,,do zapłaty
225,85,1,598,7.5,2024-11-19,,do zapłaty
226,783,1,599,6.5,2024-07-08,,do zapłaty
227,671,1,600,10.0,2025-03-05,,do zapłaty
228,657,1,606,11.0,2025-09-29,,do zapłaty
229,686,1,608,14.0,2024-11-10,,do zapłaty
230,840,1,609,7.5,2025-09-10,,do zapłaty
231,901,1,610,2.0,2024-03-31,,do zapłaty
232,205,1,613,14.5,2025-08-05,,do zapłaty
233,266,1,614,11.5,2025-06-06,,do zapłaty
234,1,1,615,5.5,2025-07-19,,do zapłaty
235,719,1,620,4.5,2024-11-17,,do zapłaty
236,300,1,621,12.0,2025-08-20,,do zapłaty
237,529,1,624,7.5,2025-02-16,,do zapłaty
238,952,1,625,7.5,2025-03-30,,do zapłaty
239,435,1,626,11.5,2025-02-06,,do zapłaty
240,264,1,627,1.0,2024-04-29,,do zapłaty
241,509,1,629,6.5,2024-05-20,,do zapłaty
242,948,1,630,3.0,2024-09-11,,do zapłaty
243,859,1,642,5.0,2024-07-04,,do zapłaty
244,502,1,644,1.0,2025-11-19,,do zapłaty
245,889,1,645,8.0,2024-10-02,,do zapłaty
246,784,1,648,7.5,2024-06-29,,do zapłaty
247,797,1,654,12.5,2024-05-31,,do zapłaty
248,295,1,655,12.5,2025-07-06,,do zapłaty
249,435,1,659,2.5,2025-05-22,,do zapłaty
250,522,1,662,12.0,2024-10-20,,do zapłaty
251,589,1,663,1.0,2024-03-10,,do zapłaty
252,36,1,664,5.5,2024-03-07,,do zapłaty
253,181,1,665,10.5,2024-06-05,,do zapłaty
254,767,1,666,13.0,2025-05-12,,do zapłaty
255,994,1,667,14.0,2025-05-17,,do zapłaty
256,197,1,668,5.0,2025-07-10,,do zapłaty
257,643,1,669,9.0,2025-02-21,,do zapłaty
258,733,1,670,4.5,2024-06-07,,do zapłaty
259,638,1,671,6.0,2025-02-26,,do zapłaty
260,884,1,672,15.0,2025-09-09,,do zapłaty
261,943,1,678,11.5,2025-10-17,,do zapłaty
262,164,1,686,1.5,2025-12-28,,do zapłaty
263,916,1,688,4.5,2024-08-24,,do zapłaty
264,206,1,691,15.0,2025-03-28,,do zapłaty
265,846,1,692,4.0,2025-08-23,,do zapłaty
266,146,1,695,14.0,2025-12-27,,do zapłaty
267,716,1,696,13.5,2024-04-11,,do zapłaty
268,67,1,700,15.0,2024-09-14,,do zapłaty
269,411,1,703,5.0,2024-05-05,,do zapłaty
270,998,1,704,5.0,2024-06-30,,do zapłaty
271,530,1,705,15.0,2024-05-09,,do zapłaty
272,970,1,706,5.5,2025-08-09,,do zapłaty
273,613,1,709,14.0,2024-11-04,,do zapłaty
274,464,1,710,10.0,2025-06-21,,do zapłaty
275,366,1,714,8.0,2025-11-17,,do zapłaty
276,634,1,716,3.5,2024-04-30,,do zapłaty
277,361,1,717,0.5,2025-04-27,,do zapłaty
278,530,1,720,7.0,2025-07-26,,do zapłaty
279,395,1,725,1.0,2024-03-22,,do zapłaty
280,327,1,726,8.5,2024-06-19,,do zapłaty
281,804,1,727,12.5,2024-12-11,,do zapłaty
282,676,1,729,12.0,2024-10-02,,do zapłaty
283,1,1,730,4.5,2025-05-02,,do zapłaty
284,736,1,733,6.0,2025-09-08,,do zapłaty
285,644,1,734,8.5,2024-06-18,,do zapłaty
286,603,1,735,9.0,2025-10-30,,do zapłaty
287,996,1,736,13.0,2025-07-24,,do zapłaty
288,347,1,740,9.5,2024-05-24,,do zapłaty
289,455,1,742,1.0,2024-07-27,,do zapłaty
290,789,1,743,10.0,2025-10-18,,do zapłaty
291,725,1,745,11.5,2024-12-15,,do zapłaty
292,407,1,747,13.5,2025-02-09,,do zapłaty
293,475,1,756,3.5,2025-11-18,,do zapłaty
294,654,1,758,7.0,2024-10-11,,do zapłaty
295,855,1,759,8.5,2024-11-05,,do zapłaty
296,963,1,760,1.5,2025-03-13,,do zapłaty
297,611,1,763,1.5,2025-03-08,,do zapłaty
298,29,1,765,15.0,2025-12-05,,do zapłaty
299,884,1,769,12.0,2024-03-31,,do zapłaty
300,23,1,770,15.0,2025-08-05,,do zapłaty
301,707,1,774,7.0,2025-05-28,,do zapłaty
302,921,1,776,3.0,2024-04-21,,do zapłaty
303,287,1,777,8.5,2024-06-29,,do zapłaty
304,44,1,779,8.5,2024-11-14,,do zapłaty
305,562,1,780,14.5,2025-02-02,,do zapłaty
306,819,1,783,12.0,2025-12-27,,do zapłaty
307,954,1,786,7.5,2025-01-09,,do zapłaty
308,682,1,787,6.5,2024-03-16,,do zapłaty
309,730,1,788,3.5,2024-08-11,,do zapłaty
310,930,1,789,13.5,2024-11-18,,do zapłaty
311,552,1,790,6.0,2025-03-01,,do zapłaty
312,614,1,793,13.5,2024-08-16,,do zapłaty
313,250,1,794,5.5,2025-11-14,,do zapłaty
314,977,1,797,6.0,2025-03-12,,do zapłaty
315,587,1,802,3.0,2025-06-16,,do zapłaty
316,637,1,803,9.5,2025-10-08,,do zapłaty
317,426,1,809,6.5,2024-10-23,,do zapłaty
318,652,1,811,12.0,2024-11-27,,do zapłaty
319,826,1,812,4.0,2025-05-26,,do zapłaty
320,427,1,813,11.5,2025-05-27,,do zapłaty
321,193,1,814,6.0,2024-12-09,,do zapłaty
322,271,1,815,1.0,2024-04-30,,do zapłaty
323,671,1,821,13.5,2024-12-23,,do zapłaty
324,178,1,822,5.0,2024-04-10,,do zapłaty
325,292,1,824,10.0,2025-09-15,,do zapłaty
326,466,1,831,11.0,2025-03-12,,do zapłaty
327,589,1,836,12.5,2025-04-05,,do zapłaty
328,283,1,837,13.5,2025-11-20,,do zapłaty
329,900,1,839,2.5,2025-01-02,,do zapłaty
330,335,1,843,0.5,2025-01-13,,do zapłaty
331,451,1,844,1.5,2025-07-17,,do zapłaty
332,137,1,851,6.0,2025-04-02,,do zapłaty
333,504,1,852,5.5,2025-03-26,,do zapłaty
334,181,1,853,12.5,2025-08-24,,do zapłaty
335,147,1,855,5.5,2025-03-18,,do zapłaty
336,653,1,857,5.5,2025-06-28,,do zapłaty
337,36,1,859,2.5,2025-08-09,,do zapłaty
338,729,1,860,1.5,2025-05-26,,do zapłaty
339,441,1,862,3.5,2024-10-04,,do zapłaty
340,896,1,869,15.0,2024-11-07,,do zapłaty
341,962,1,870,14.0,2024-11-28,,do zapłaty
342,692,1,871,6.0,2025-08-11,,do zapłaty
343,489,1,873,10.5,2025-03-13,,do zapłaty
344,476,1,874,0.5,2024-08-29,,do zapłaty
345,208,1,875,9.5,2024-07-30,,do zapłaty
346,756,1,879,2.0,2025-12-28,,do zapłaty
347,204,1,880,8.0,2024-12-30,,do zapłaty
348,339,1,881,9.5,2025-02-18,,do zapłaty
349,774,1,882,13.0,2025-01-16,,do zapłaty
350,848,1,884,9.0,2025-10-19,,do zapłaty
351,861,1,887,7.5,2025-01-23,,do zapłaty
352,876,1,897,13.5,2025-12-02,,do zapłaty
353,521,1,899,13.0,2024-05-18,,do zapłaty
354,867,1,902,7.0,2025-11-11,,do zapłaty
355,251,1,903,2.0,2025-05-17,,do zapłaty
356,760,1,904,6.5,2025-01-01,,do zapłaty
357,633,1,905,9.0,2024-10-15,,do zapłaty
358,70,1,906,13.5,2025-12-02,,do zapłaty
359,665,1,913,9.5,2025-10-08,,do zapłaty
360,172,1,914,7.0,2025-05-02,,do zapłaty
361,278,1,918,14.5,2024-07-24,,do zapłaty
362,106,1,920,5.0,2024-09-13,,do zapłaty
363,592,1,928,11.0,2024-10-15,,do zapłaty
364,542,1,930,8.0,2025-11-25,,do zapłaty
365,100,1,934,11.5,2025-12-03,,do zapłaty
366,278,1,935,11.5,2025-11-24,,do zapłaty
367,890,1,941,11.0,2025-05-14,,do zapłaty
368,128,1,943,6.0,2025-12-21,,do zapłaty
369,150,1,944,4.5,2024-12-28,,do zapłaty
370,825,1,945,10.0,2025-02-04,,do zapłaty
371,933,1,946,9.0,2024-04-18,,do zapłaty
372,839,1,950,14.0,2025-07-23,,do zapłaty
373,224,1,951,2.0,2025-10-25,,do zapłaty
374,134,1,962,11.0,2025-03-19,,do zapłaty
375,793,1,967,14.5,2025-02-14,,do zapłaty
376,228,1,968,14.5,2025-12-03,,do zapłaty
377,881,1,969,14.5,2024-05-05,,do zapłaty
378,275,1,972,2.5,2024-11-09,,do zapłaty
379,907,1,973,0.5,2025-04-08,,do zapłaty
380,562,1,974,6.5,2024-05-26,,do zapłaty
381,236,1,979,13.5,2024-12-05,,do zapłaty
382,641,1,980,15.0,2024-12-29,,do zapłaty
383,535,1,982,12.5,2024-09-03,,do zapłaty
384,370,1,984,14.0,2024-08-05,,do zapłaty
385,180,1,985,3.0,2024-08-16,,do zapłaty
386,427,1,989,7.0,2024-03-28,,do zapłaty
387,908,1,990,4.5,2025-10-05,,do zapłaty
388,819,1,993,14.0,2025-11-08,,do zapłaty
389,174,1,994,13.0,2024-07-02,,do zapłaty
390,471,1,995,7.0,2025-08-17,,do zapłaty
391,798,1,996,6.5,2025-03-15,,do zapłaty
392,224,1,997,9.0,2024-10-16,,do zapłaty
393,220,1,1000,11.0,2025-12-28,,do zapłaty
394,233,1,1006,11.5,2025-05-29,,do zapłaty
395,573,1,1008,1.5,2025-03-06,,do zapłaty
396,676,1,1010,10.5,2024-02-29,,do zapłaty
397,183,1,1013,1.0,2025-12-09,,do zapłaty
398,329,1,1015,6.0,2024-05-04,,do zapłaty
399,612,1,1017,6.5,2024-09-28,,do zapłaty
400,44,1,1020,6.0,2024-08-24,,do zapłaty
401,774,1,1022,9.0,2024-06-15,,do zapłaty
402,139,1,1024,12.0,2024-04-10,,do zapłaty
403,536,1,1028,2.5,2025-11-18,,do zapłaty
404,889,1,1029,2.5,2025-12-28,,do zapłaty
405,204,1,1031,3.0,2025-11-06,,do zapłaty
406,975,1,1033,5.0,2025-04-11,,do zapłaty
407,721,1,1034,7.0,2024-11-20,,do zapłaty
408,146,1,1035,7.5,2025-10-16,,do zapłaty
409,739,1,1038,4.5,2025-03-15,,do zapłaty
410,12,1,1039,6.0,2025-10-25,,do zapłaty
411,198,1,1040,14.5,2025-10-14,,do zapłaty
412,688,1,1043,4.5,2024-06-20,,do zapłaty
413,269,1,1047,2.5,2025-10-31,,do zapłaty
414,759,1,1050,5.0,2024-03-19,,do zapłaty
415,453,1,1051,10.5,2024-06-20,,do zapłaty
416,771,1,1052,11.0,2024-04-16,,do zapłaty
417,288,1,1055,2.5,2024-07-03,,do zapłaty
418,380,1,1058,5.0,2025-04-17,,do zapłaty
419,367,1,1060,5.5,2024-09-07,,do zapłaty
420,345,1,1066,9.0,2025-06-05,,do zapłaty
421,133,1,1067,7.5,2024-11-01,,do zapłaty
422,253,1,1068,11.0,2025-09-14,,do zapłaty
423,556,1,1076,15.0,2025-11-28,,do zapłaty
424,487,1,1078,11.5,2024-11-04,,do zapłaty
425,234,1,1079,7.5,2025-04-11,,do zapłaty
426,504,1,1080,1.5,2025-10-18,,do zapłaty
427,172,1,1084,2.0,2025-10-31,,do zapłaty
428,926,1,1085,0.5,2024-07-23,,do zapłaty
429,85,1,1089,9.5,2024-03-06,,do zapłaty
430,244,1,1093,11.0,2024-03-06,,do zapłaty
431,99,1,1095,14.5,2025-12-03,,do zapłaty
432,155,1,1096,2.0,2025-12-03,,do zapłaty
433,683,1,1097,8.0,2025-10-09,,do zapłaty
434,582,1,1099,7.5,2025-04-02,,do zapłaty
435,392,1,1100,5.5,2025-06-05,,do zapłaty
436,263,1,1101,7.5,2025-08-06,,do zapłaty
437,316,1,1104,10.0,2024-02-19,,do zapłaty
438,564,1,1106,13.0,2024-10-27,,do zapłaty
439,864,1,1108,13.0,2024-07-28,,do zapłaty
440,973,1,1112,10.5,2024-02-25,,do zapłaty
441,952,1,1113,6.5,2024-06-23,,do zapłaty
442,419,1,1114,6.5,2025-11-11,,do zapłaty
443,738,1,1116,3.0,2024-08-03,,do zapłaty
444,622,1,1119,6.0,2024-05-15,,do zapłaty
445,794,1,1120,1.0,2024-04-08,,do zapłaty
446,150,1,1123,0.5,2025-07-08,,do zapłaty
447,101,1,1131,11.0,2024-12-13,,do zapłaty
448,404,1,1132,5.5,2024-09-15,,do zapłaty
449,475,1,1133,4.0,2025-11-01,,do zapłaty
450,643,1,1135,11.0,2025-09-26,,do zapłaty
451,445,1,1137,12.5,2025-05-24,,do zapłaty
452,792,1,1138,7.5,2024-02-15,,do zapłaty
453,381,1,1139,11.0,2025-05-23,,do zapłaty
454,853,1,1140,11.5,2025-04-22,,do zapłaty
455,789,1,1142,4.5,2024-07-30,,do zapłaty
456,410,1,1143,8.0,2025-09-18,,do zapłaty
457,773,1,1144,10.0,2025-03-26,,do zapłaty
458,270,1,1150,11.0,2024-04-29,,do zapłaty
459,71,1,1152,12.0,2025-06-27,,do zapłaty
460,984,1,1157,14.0,2024-06-03,,do zapłaty
461,56,1,1162,3.5,2024-12-17,,do zapłaty
462,405,1,1164,2.5,2024-08-20,,do zapłaty
463,703,1,1165,12.5,2025-04-17,,do zapłaty
464,460,1,1166,2.0,2024-03-14,,do zapłaty
465,372,1,1168,10.0,2024-07-30,,do zapłaty
466,148,1,1169,1.0,2024-11-22,,do zapłaty
467,81,1,1173,1.5,2025-08-17,,do zapłaty
468,382,1,1174,4.5,2024-05-23,,do zapłaty
469,270,1,1180,5.0,2024-08-02,,do zapłaty
470,911,1,1181,1.0,2025-03-09,,do zapłaty
471,737,1,1185,11.0,2024-06-03,,do zapłaty
472,118,1,1188,14.0,2024-05-20,,do zapłaty
473,608,1,1191,2.5,2025-06-02,,do zapłaty
474,843,1,1196,13.5,2025-12-10,,do zapłaty
475,746,1,1197,4.5,2024-04-26,,do zapłaty
476,176,1,1203,4.5,2025-03-30,,do zapłaty
477,822,1,1205,8.5,2025-07-10,,do zapłaty
478,812,1,1206,1.0,2024-06-14,,do zapłaty
479,632,1,1207,2.5,2025-01-02,,do zapłaty
480,24,1,1210,14.0,2024-03-20,,do zapłaty
481,535,1,1211,9.0,2024-05-30,,do zapłaty
482,141,1,1212,6.0,2025-06-15,,do zapłaty
483,444,1,1216,7.5,2024-10-28,,do zapłaty
484,823,1,1217,10.0,2024-03-03,,do zapłaty
485,256,1,1218,2.5,2024-10-13,,do zapłaty
486,883,1,1225,7.5,2024-12-06,,do zapłaty
487,432,1,1234,15.0,2024-02-28,,do zapłaty
488,376,1,1235,5.5,2024-07-10,,do zapłaty
489,939,1,1236,9.5,2025-10-22,,do zapłaty
490,722,1,1238,2.0,2025-03-24,,do zapłaty
491,714,1,1241,2.0,2024-09-11,,do zapłaty
492,110,1,1242,5.5,2025-12-28,,do zapłaty
493,715,1,1247,3.5,2024-03-15,,do zapłaty
494,273,1,1253,11.5,2025-06-04,,do zapłaty
495,527,1,1254,14.5,2024-04-21,,do zapłaty
496,1000,1,1255,4.0,2025-09-24,,do zapłaty
497,185,1,1259,2.0,2024-05-30,,do zapłaty
498,489,1,1260,6.0,2024-08-27,,do zapłaty
499,584,1,1263,4.0,2025-05-05,,do zapłaty
500,363,1,1265,2.5,2025-09-11,,do zapłaty
501,150,1,1266,4.5,2025-04-16,,do zapłaty
502,479,1,1267,11.5,2024-07-25,,do zapłaty
503,545,1,1274,0.5,2024-05-10,,do zapłaty
504,524,1,1277,5.0,2024-04-11,,do zapłaty
505,676,1,1282,3.0,2025-03-06,,do zapłaty
506,602,1,1283,7.5,2025-02-01,,do zapłaty
507,513,1,1284,11.5,2025-03-17,,do zapłaty
508,962,1,1286,7.5,2024-07-14,,do zapłaty
509,30,1,1287,1.0,2025-02-19,,do zapłaty
510,799,1,1292,5.0,2025-12-28,,do zapłaty
511,114,1,1293,14.5,2024-04-10,,do zapłaty
512,543,1,1295,5.0,2025-05-25,,do zapłaty
513,347,1,1296,7.5,2025-04-10,,do zapłaty
514,653,1,1302,3.5,2025-12-12,,do zapłaty
515,209,1,1304,8.0,2024-08-28,,do zapłaty
516,523,1,1306,4.0,2025-03-04,,do zapłaty
517,891,1,1307,2.5,2025-03-16,,do zapłaty
518,800,1,1309,14.0,2024-04-08,,do zapłaty
519,763,1,1311,4.5,2024-07-29,,do zapłaty
520,5,1,1318,1.5,2024-05-18,,do zapłaty
521,180,1,1324,2.5,2024-05-14,,do zapłaty
522,693,1,1326,14.0,2024-11-08,,do zapłaty
523,434,1,1328,9.5,2024-12-28,,do zapłaty
524,776,1,1329,3.0,2024-08-27,,do zapłaty
525,871,1,1330,12.0,2025-09-14,,do zapłaty
526,380,1,1339,1.0,2024-05-10,,do zapłaty
527,610,1,1346,0.5,2024-11-23,,do zapłaty
528,60,1,1348,2.0,2024-04-13,,do zapłaty
529,650,1,1349,1.0,2025-01-12,,do zapłaty
530,708,1,1350,2.5,2025-03-23,,do zapłaty
531,264,1,1351,1.0,2025-05-27,,do zapłaty
532,350,1,1352,1.5,2025-10-01,,do zapłaty
533,766,1,1356,10.0,2024-07-24,,do zapłaty
534,256,1,1359,9.0,2025-10-13,,do zapłaty
535,775,1,1361,2.5,2025-10-05,,do zapłaty
536,444,1,1362,8.5,2025-04-04,,do zapłaty
537,647,1,1363,14.5,2025-10-05,,do zapłaty
538,135,1,1368,8.5,2024-07-28,,do zapłaty
539,271,1,1370,6.5,2025-10-31,,do zapłaty
540,387,1,1373,1.0,2025-08-13,,do zapłaty
541,146,1,1374,2.5,2024-04-04,,do zapłaty
542,851,1,1376,1.0,2024-08-12,,do zapłaty
543,520,1,1377,8.5,2025-09-07,,do zapłaty
544,939,1,1378,4.5,2024-04-08,,do zapłaty
545,595,1,1379,12.0,2025-11-08,,do zapłaty
546,473,1,1385,4.0,2025-12-28,,do zapłaty
547,248,1,1386,6.0,2025-09-02,,do zapłaty
548,815,1,1387,0.5,2025-08-14,,do zapłaty
549,492,1,1390,11.0,2025-04-29,,do zapłaty
550,916,1,1391,9.0,2025-12-28,,do zapłaty
551,39,1,1393,5.5,2024-12-22,,do zapłaty
552,874,1,1397,8.0,2025-01-17,,do zapłaty
553,472,1,1399,15.0,2024-02-26,,do zapłaty
554,223,1,1400,14.5,2025-06-26,,do zapłaty
555,539,1,1401,8.0,2024-03-23,,do zapłaty
556,434,1,1403,5.0,2025-06-17,,do zapłaty
557,268,1,1404,13.0,2024-05-12,,do zapłaty
558,587,1,1405,10.0,2024-08-28,,do zapłaty
559,270,1,1410,5.0,2025-12-28,,do zapłaty
560,326,1,1417,13.0,2024-05-05,,do zapłaty
561,703,1,1418,12.0,2025-04-30,,do zapłaty
562,436,1,1427,7.0,2024-09-27,,do zapłaty
563,377,1,1429,8.5,2025-09-27,,do zapłaty
564,796,1,1430,11.0,2024-02-18,,do zapłaty
565,252,1,1431,7.5,2025-05-23,,do zapłaty
566,37,1,1432,4.0,2024-12-10,,do zapłaty
567,373,1,1435,15.0,2025-10-01,,do zapłaty
568,974,1,1439,13.0,2024-08-19,,do zapłaty
569,501,1,1443,12.5,2025-12-28,,do zapłaty
570,878,1,1446,10.0,2025-07-20,,do zapłaty
571,204,1,1447,12.5,2025-01-17,,do zapłaty
572,293,1,1448,3.5,2024-06-03,,do zapłaty
573,105,1,1449,15.0,2024-12-26,,do zapłaty
574,601,1,1451,14.0,2025-07-25,,do zapłaty
575,832,1,1454,8.5,2024-05-21,,do zapłaty
576,285,1,1455,15.0,2025-12-24,,do zapłaty
577,602,1,1456,13.0,2025-05-05,,do zapłaty
578,227,1,1462,6.5,2025-03-22,,do zapłaty
579,135,1,1463,11.5,2024-05-13,,do zapłaty
580,969,1,1466,12.0,2024-07-18,,do zapłaty
581,748,1,1471,10.0,2025-03-10,,do zapłaty
582,777,1,1472,12.5,2024-07-25,,do zapłaty
583,946,1,1473,12.0,2025-05-16,,do zapłaty
584,935,1,1478,8.0,2024-07-29,,do zapłaty
585,655,1,1481,10.0,2024-10-26,,do zapłaty
586,676,1,1486,14.0,2025-10-03,,do zapłaty
587,190,1,1487,3.5,2025-06-13,,do zapłaty
588,448,1,1492,2.5,2025-07-30,,do zapłaty
589,873,1,1494,6.0,2024-09-09,,do zapłaty
590,696,1,1498,7.5,2025-06-19,,do zapłaty
591,474,1,1500,5.5,2025-01-08,,do zapłaty
592,996,1,1501,0.5,2025-07-04,,do zapłaty
593,748,1,1503,12.0,2024-03-21,,do zapłaty
594,175,1,1506,14.0,2024-09-26,,do zapłaty
595,514,1,1508,6.5,2025-02-15,,do zapłaty
596,108,1,1509,2.0,2024-02-20,,do zapłaty
597,734,1,1511,10.0,2025-01-30,,do zapłaty
598,269,1,1517,10.5,2025-10-07,,do zapłaty
599,599,1,1519,4.0,2025-06-15,,do zapłaty
600,791,1,1522,12.5,2024-11-19,,do zapłaty
601,30,1,1524,14.5,2025-03-24,,do zapłaty
602,526,1,1529,15.0,2025-12-24,,do zapłaty
603,110,1,1531,2.0,2025-07-18,,do zapłaty
604,611,1,1532,9.0,2024-09-04,,do zapłaty
605,750,1,1535,1.0,2024-02-17,,do zapłaty
606,943,1,1537,3.0,2024-06-02,,do zapłaty
607,172,1,1538,2.5,2025-10-23,,do zapłaty
608,243,1,1539,5.0,2024-05-26,,do zapłaty
609,652,1,1541,2.0,2024-09-02,,do zapłaty
610,970,1,1542,5.0,2025-04-29,,do zapłaty
611,155,1,1543,1.5,2024-09-29,,do zapłaty
612,127,1,1549,7.0,2024-11-04,,do zapłaty
613,582,1,1551,12.0,2024-04-19,,do zapłaty
614,400,1,1555,7.0,2024-08-30,,do zapłaty
615,200,1,1559,7.0,2024-06-03,,do zapłaty
616,719,1,1570,15.0,2025-06-10,,do zapłaty
617,343,1,1571,7.0,2025-02-21,,do zapłaty
618,109,1,1572,11.0,2024-02-19,,do zapłaty
619,521,1,1573,15.0,2025-04-10,,do zapłaty
620,764,1,1577,13.5,2024-10-02,,do zapłaty
621,823,1,1582,4.5,2024-07-12,,do zapłaty
622,711,1,1583,0.5,2024-04-10,,do zapłaty
623,584,1,1585,1.5,2024-06-29,,do zapłaty
624,824,1,1586,13.0,2024-11-28,,do zapłaty
625,207,1,1591,6.0,2024-10-07,,do zapłaty
626,414,1,1592,9.0,2024-03-18,,do zapłaty
627,798,1,1593,3.5,2025-09-11,,do zapłaty
628,269,1,1595,5.5,2025-04-25,,do zapłaty
629,580,1,1597,4.0,2025-05-18,,do zapłaty
630,143,1,1598,13.5,2025-07-10,,do zapłaty
631,846,1,1601,11.5,2025-02-19,,do zapłaty
632,599,1,1602,11.0,2024-10-28,,do zapłaty
633,890,1,1605,2.0,2025-07-08,,do zapłaty
634,863,1,1606,2.5,2025-12-28,,do zapłaty
635,191,1,1607,6.5,2024-02-10,,do zapłaty
636,390,1,1608,4.5,2024-08-15,,do zapłaty
637,28,1,1614,9.0,2024-07-24,,do zapłaty
638,10,1,1616,2.5,2024-05-25,,do zapłaty
639,98,1,1618,0.5,2024-04-06,,do zapłaty
640,804,1,1619,13.0,2024-07-31,,do zapłaty
641,737,1,1625,4.5,2024-12-17,,do zapłaty
642,236,1,1627,1.5,2025-11-21,,do zapłaty
643,854,1,1628,4.5,2025-08-09,,do zapłaty
644,932,1,1632,8.0,2024-12-09,,do zapłaty
645,992,1,1635,15.0,2025-12-26,,do zapłaty
646,857,1,1637,1.0,2025-09-09,,do zapłaty
647,571,1,1638,5.0,2024-03-11,,do zapłaty
648,515,1,1639,12.5,2025-09-28,,do zapłaty
649,388,1,1640,12.0,2025-06-21,,do zapłaty
650,420,1,1643,2.0,2025-05-19,,do zapłaty
651,62,1,1644,1.5,2025-08-10,,do zapłaty
652,253,1,1646,10.0,2024-08-12,,do zapłaty
653,690,1,1647,5.5,2025-10-14,,do zapłaty
654,444,1,1649,1.5,2025-12-26,,do zapłaty
655,496,1,1650,12.5,2024-05-20,,do zapłaty
656,613,1,1653,13.0,2024-05-31,,do zapłaty
657,443,1,1655,7.0,2025-11-10,,do zapłaty
658,510,1,1656,12.0,2025-11-29,,do zapłaty
659,672,1,1658,5.5,2024-10-11,,do zapłaty
660,872,1,1662,11.5,2025-11-13,,do zapłaty
661,551,1,1663,2.0,2025-10-15,,do zapłaty
662,340,1,1667,5.5,2024-06-04,,do zapłaty
663,544,1,1670,15.0,2025-07-06,,do zapłaty
664,106,1,1672,12.0,2025-07-31,,do zapłaty
665,533,1,1673,13.0,2025-07-20,,do zapłaty
666,545,1,1675,1.5,2025-06-09,,do zapłaty
667,946,1,1680,9.5,2025-06-28,,do zapłaty
668,985,1,1681,11.5,2025-02-25,,do zapłaty
669,968,1,1683,12.0,2024-06-25,,do zapłaty
670,724,1,1685,9.0,2024-07-07,,do zapłaty
671,483,1,1688,6.5,2025-04-11,,do zapłaty
672,205,1,1692,12.0,2025-04-20,,do zapłaty
673,427,1,1694,0.5,2024-04-30,,do zapłaty
674,431,1,1695,0.5,2024-11-15,,do zapłaty
675,19,1,1696,14.5,2024-07-09,,do zapłaty
676,195,1,1697,8.0,2024-08-17,,do zapłaty
677,974,1,1698,12.0,2025-11-08,,do zapłaty
678,588,1,1700,11.0,2025-04-17,,do zapłaty
679,837,1,1706,11.0,2025-10-30,,do zapłaty
680,457,1,1707,2.5,2025-08-07,,do zapłaty
681,85,1,1709,14.0,2024-12-15,,do zapłaty
682,957,1,1712,13.5,2025-04-20,,do zapłaty
683,788,1,1721,7.0,2025-04-02,,do zapłaty
684,314,1,1724,1.5,2025-02-26,,do zapłaty
685,88,1,1725,13.0,2025-12-28,,do zapłaty
686,961,1,1728,5.5,2025-09-10,,do zapłaty
687,573,1,1740,14.5,2025-12-02,,do zapłaty
688,539,1,1743,8.5,2024-12-23,,do zapłaty
689,475,1,1750,7.5,2024-12-27,,do zapłaty
690,403,1,1751,9.0,2025-01-12,,do zapłaty
691,331,1,1753,12.0,2025-03-15,,do zapłaty
692,734,1,1754,8.0,2025-05-03,,do zapłaty
693,171,1,1757,5.0,2025-02-07,,do zapłaty
694,998,1,1761,9.5,2024-02-17,,do zapłaty
695,731,1,1762,12.5,2024-12-19,,do zapłaty
696,3,1,1763,14.5,2025-08-06,,do zapłaty
697,490,1,1765,6.0,2025-12-28,,do zapłaty
698,490,1,1768,13.5,2024-05-01,,do zapłaty
699,662,1,1771,5.0,2024-04-27,,do zapłaty
700,145,1,1773,0.5,2024-05-25,,do zapłaty
701,728,1,1775,1.0,2025-03-23,,do zapłaty
702,886,1,1777,14.0,2025-05-11,,do zapłaty
703,293,1,1778,1.5,2025-01-26,,do zapłaty
704,193,1,1781,8.0,2024-09-13,,do zapłaty
705,87,1,1783,4.0,2024-11-14,,do zapłaty
706,132,1,1788,6.5,2025-06-03,,do zapłaty
707,164,1,1790,14.0,2024-05-02,,do zapłaty
708,863,1,1791,2.0,2024-04-27,,do zapłaty
709,124,1,1792,12.0,2025-11-26,,do zapłaty
710,945,1,1793,7.0,2024-09-07,,do zapłaty
711,734,1,1795,7.5,2024-05-18,,do zapłaty
712,232,1,1798,6.5,2024-03-01,,do zapłaty
713,771,1,1799,10.0,2025-07-08,,do zapłaty
714,546,1,1810,5.0,2024-11-09,,do zapłaty
715,337,1,1814,1.5,2025-09-24,,do zapłaty
716,920,1,1816,9.5,2024-09-23,,do zapłaty
717,659,1,1818,10.0,2025-02-12,,do zapłaty
718,845,1,1820,12.0,2024-09-22,,do zapłaty
719,998,1,1821,7.0,2024-07-10,,do zapłaty
720,46,1,1825,12.0,2024-08-29,,do zapłaty
721,851,1,1826,3.0,2025-12-28,,do zapłaty
722,468,1,1828,6.0,2025-02-13,,do zapłaty
723,591,1,1830,14.5,2024-03-21,,do zapłaty
724,375,1,1831,12.5,2024-08-30,,do zapłaty
725,522,1,1832,4.5,2025-12-02,,do zapłaty
726,321,1,1835,1.0,2024-04-26,,do zapłaty
727,259,1,1836,14.0,2025-03-23,,do zapłaty
728,683,1,1837,4.5,2024-04-28,,do zapłaty
729,371,1,1841,8.0,2024-07-03,,do zapłaty
730,494,1,1845,6.0,2024-10-16,,do zapłaty
731,331,1,1847,13.0,2025-01-31,,do zapłaty
732,430,1,1849,11.5,2024-05-31,,do zapłaty
733,295,1,1850,3.0,2024-11-26,,do zapłaty
734,731,1,1854,13.0,2024-09-16,,do zapłaty
735,738,1,1856,0.5,2024-04-18,,do zapłaty
736,655,1,1858,7.5,2024-12-01,,do zapłaty
737,996,1,1865,15.0,2024-08-23,,do zapłaty
738,774,1,1866,4.0,2024-06-11,,do zapłaty
739,566,1,1867,2.0,2025-04-20,,do zapłaty
740,95,1,1869,3.0,2025-01-05,,do zapłaty
741,485,1,1870,14.0,2024-04-20,,do zapłaty
742,668,1,1871,2.5,2025-10-15,,do zapłaty
743,991,1,1873,8.5,2025-04-20,,do zapłaty
744,144,1,1874,11.5,2025-06-17,,do zapłaty
745,539,1,1875,10.5,2025-09-01,,do zapłaty
746,114,1,1877,5.5,2025-06-22,,do zapłaty
747,472,1,1878,12.5,2025-10-26,,do zapłaty
748,344,1,1883,14.0,2025-06-16,,do zapłaty
749,211,1,1886,15.0,2024-08-04,,do zapłaty
750,192,1,1887,10.5,2025-01-27,,do zapłaty
751,455,1,1892,9.5,2025-10-19,,do zapłaty
752,576,1,1893,14.0,2024-04-10,,do zapłaty
753,189,1,1894,11.5,2025-05-16,,do zapłaty
754,926,1,1895,14.0,2025-05-16,,do zapłaty
755,753,1,1900,1.0,2024-07-03,,do zapłaty
756,263,1,1901,12.0,2024-10-05,,do zapłaty
757,817,1,1903,15.0,2024-09-19,,do zapłaty
758,209,1,1906,3.0,2024-03-20,,do zapłaty
759,769,1,1908,10.0,2024-08-06,,do zapłaty
760,755,1,1918,3.0,2025-11-12,,do zapłaty
761,901,1,1919,11.5,2025-07-03,,do zapłaty
762,517,1,1925,11.0,2024-03-10,,do zapłaty
763,617,1,1928,9.5,2025-11-03,,do zapłaty
764,122,1,1934,2.0,2024-10-18,,do zapłaty
765,112,1,1935,2.5,2024-03-12,,do zapłaty
766,790,1,1946,14.5,2025-04-28,,do zapłaty
767,359,1,1947,3.0,2025-12-06,,do zapłaty
768,703,1,1951,5.5,2025-02-07,,do zapłaty
769,354,1,1952,7.0,2025-10-09,,do zapłaty
770,800,1,1961,9.5,2024-08-27,,do zapłaty
771,723,1,1962,6.0,2024-12-18,,do zapłaty
772,254,1,1965,1.0,2025-06-18,,do zapłaty
773,51,1,1968,12.5,2025-04-24,,do zapłaty
774,70,1,1971,9.5,2024-06-04,,do zapłaty
775,644,1,1972,8.5,2025-06-02,,do zapłaty
776,378,1,1973,14.0,2025-01-11,,do zapłaty
777,118,1,1974,11.5,2025-09-12,,do zapłaty
778,836,1,1976,9.0,2024-11-21,,do zapłaty
779,751,1,1977,6.5,2024-03-10,,do zapłaty
780,929,1,1978,8.0,2025-01-11,,do zapłaty
781,564,1,1981,3.0,2024-09-20,,do zapłaty
782,248,1,1983,2.0,2024-07-25,,do zapłaty
783,296,1,1984,8.0,2024-06-23,,do zapłaty
784,573,1,1985,2.5,2025-04-14,,do zapłaty
785,547,1,1989,12.0,2024-11-28,,do zapłaty
786,599,1,1994,1.5,2024-11-01,,do zapłaty
787,590,1,1995,3.5,2025-02-20,,do zapłaty
788,933,1,1996,12.0,2025-10-01,,do zapłaty
789,38,1,1998,0.5,2025-05-10,,do zapłaty
790,554,1,1999,12.0,2025-01-18,,do zapłaty
791,634,1,2002,8.5,2025-12-28,,do zapłaty
792,278,1,2003,1.0,2024-10-03,,do zapłaty
793,29,1,2004,0.5,2025-09-17,,do zapłaty
794,547,1,2005,14.5,2024-09-28,,do zapłaty
795,76,1,2006,11.0,2024-10-31,,do zapłaty
796,194,1,2008,12.0,2024-03-19,,do zapłaty
797,491,1,2010,5.0,2025-06-07,,do zapłaty
798,81,1,2020,6.5,2024-08-21,,do zapłaty
799,682,1,2021,8.0,2025-03-11,,do zapłaty
800,212,1,2022,5.5,2024-07-05,,do zapłaty
801,506,1,2023,4.0,2024-04-04,,do zapłaty
802,590,1,2024,10.0,2025-03-05,,do zapłaty
803,511,1,2029,11.5,2024-12-13,,do zapłaty
804,892,1,2030,3.0,2025-04-17,,do zapłaty
805,827,1,2031,10.5,2025-07-19,,do zapłaty
806,998,1,2032,1.0,2025-01-27,,do zapłaty
807,963,1,2034,3.0,2024-10-28,,do zapłaty
808,950,1,2039,15.0,2025-07-27,,do zapłaty
809,981,1,2040,9.0,2024-05-19,,do zapłaty
810,619,1,2046,13.5,2024-03-31,,do zapłaty
811,375,1,2048,3.0,2024-04-22,,do zapłaty
812,394,1,2052,14.5,2025-09-16,,do zapłaty
813,638,1,2054,3.0,2025-08-06,,do zapłaty
814,851,1,2056,8.0,2024-08-25,,do zapłaty
815,968,1,2059,1.0,2025-11-10,,do zapłaty
816,374,1,2063,3.5,2025-06-20,,do zapłaty
817,574,1,2066,13.0,2025-03-07,,do zapłaty
818,251,1,2070,15.0,2025-09-01,,do zapłaty
819,66,1,2071,5.5,2025-05-14,,do zapłaty
820,60,1,2076,11.5,2024-12-04,,do zapłaty
821,148,1,2078,4.5,2024-02-11,,do zapłaty
822,135,1,2079,7.0,2025-11-28,,do zapłaty
823,300,1,2080,12.0,2024-11-29,,do zapłaty
824,204,1,2084,4.5,2024-11-05,,do zapłaty
825,351,1,2085,9.5,2025-05-08,,do zapłaty
826,504,1,2090,8.5,2024-09-08,,do zapłaty
827,606,1,2091,5.5,2024-02-24,,do zapłaty
828,512,1,2093,6.0,2025-10-08,,do zapłaty
829,724,1,2096,11.5,2024-03-26,,do zapłaty
830,876,1,2100,8.0,2024-12-16,,do zapłaty
831,269,1,2101,9.5,2025-12-24,,do zapłaty
832,716,1,2104,11.0,2024-11-09,,do zapłaty
833,115,1,2106,6.0,2024-06-14,,do zapłaty
834,887,1,2109,13.5,2025-05-17,,do zapłaty
835,302,1,2111,10.5,2024-08-30,,do zapłaty
836,744,1,2115,1.5,2025-05-09,,do zapłaty
837,821,1,2118,10.5,2024-10-18,,do zapłaty
838,278,1,2119,4.5,2025-03-03,,do zapłaty
839,353,1,2127,0.5,2024-02-06,,do zapłaty
840,482,1,2131,10.5,2025-04-05,,do zapłaty
841,272,1,2132,14.0,2024-12-28,,do zapłaty
842,265,1,2133,7.5,2025-11-26,,do zapłaty
843,564,1,2134,1.5,2024-12-29,,do zapłaty
844,199,1,2137,6.5,2025-04-24,,do zapłaty
845,910,1,2140,14.5,2025-01-22,,do zapłaty
846,235,1,2141,14.0,2024-10-06,,do zapłaty
847,650,1,2143,7.0,2024-03-25,,do zapłaty
848,815,1,2147,0.5,2025-10-25,,do zapłaty
849,501,1,2150,3.0,2025-11-27,,do zapłaty
850,293,1,2152,10.0,2024-06-06,,do zapłaty
851,955,1,2154,14.0,2025-06-01,,do zapłaty
852,120,1,2159,9.0,2025-03-16,,do zapłaty
853,552,1,2163,9.5,2024-04-13,,do zapłaty
854,450,1,2164,9.5,2025-06-23,,do zapłaty
855,374,1,2166,14.5,2024-05-31,,do zapłaty
856,343,1,2169,13.0,2025-01-31,,do zapłaty
857,815,1,2172,9.5,2025-04-19,,do zapłaty
858,498,1,2174,1.5,2025-08-21,,do zapłaty
859,48,1,2175,14.5,2025-02-19,,do zapłaty
860,282,1,2182,5.5,2025-04-03,,do zapłaty
861,11,1,2184,0.5,2024-10-10,,do zapłaty
862,478,1,2187,6.5,2024-06-21,,do zapłaty
863,529,1,2191,7.5,2024-06-23,,do zapłaty
864,192,1,2192,14.5,2024-04-01,,do zapłaty
865,331,1,2195,14.0,2025-01-21,,do zapłaty
866,600,1,2198,5.0,2025-02-07,,do zapłaty
867,961,1,2199,12.0,2025-06-12,,do zapłaty
868,922,1,2202,7.0,2024-10-22,,do zapłaty
869,309,1,2204,3.0,2024-04-19,,do zapłaty
870,448,1,2209,6.5,2025-02-25,,do zapłaty
871,463,1,2211,11.5,2024-10-02,,do zapłaty
872,490,1,2212,1.0,2025-10-01,,do zapłaty
873,495,1,2218,13.0,2025-06-23,,do zapłaty
874,610,1,2222,6.5,2024-07-05,,do zapłaty
875,728,1,2225,8.0,2025-03-06,,do zapłaty
876,31,1,2226,5.0,2024-09-21,,do zapłaty
877,40,1,2227,2.0,2024-10-30,,do zapłaty
878,76,1,2228,0.5,2025-02-16,,do zapłaty
879,270,1,2231,7.0,2025-12-08,,do zapłaty
880,996,1,2232,4.0,2025-10-06,,do zapłaty
881,74,1,2233,8.5,2024-04-25,,do zapłaty
882,4,1,2236,8.0,2024-05-01,,do zapłaty
883,621,1,2240,7.5,2025-03-07,,do zapłaty
884,854,1,2243,11.0,2025-08-19,,do zapłaty
885,158,1,2244,6.0,2024-11-18,,do zapłaty
886,706,1,2246,4.5,2025-02-08,,do zapłaty
887,623,1,2247,14.0,2025-11-18,,do zapłaty
888,276,1,2248,11.0,2024-04-16,,do zapłaty
889,895,1,2249,0.5,2025-08-28,,do zapłaty
890,232,1,2251,3.0,2024-10-27,,do zapłaty
891,3,1,2252,3.0,2024-09-18,,do zapłaty
892,736,1,2253,15.0,2024-03-12,,do zapłaty
893,187,1,2254,11.5,2024-12-20,,do zapłaty
894,161,1,2256,15.0,2025-07-28,,do zapłaty
895,74,1,2257,13.5,2024-10-17,,do zapłaty
896,621,1,2264,2.0,2025-08-02,,do zapłaty
897,691,1,2265,8.5,2024-09-03,,do zapłaty
898,529,1,2266,6.5,2025-02-08,,do zapłaty
899,765,1,2269,9.0,2025-09-19,,do zapłaty
900,710,1,2270,14.0,2025-09-14,,do zapłaty
901,788,1,2271,1.5,2025-03-24,,do zapłaty
902,421,1,2272,6.0,2025-10-20,,do zapłaty
903,433,1,2273,7.5,2024-04-25,,do zapłaty
904,990,1,2274,5.0,2024-04-28,,do zapłaty
905,75,1,2277,6.5,2024-06-03,,do zapłaty
906,55,1,2283,1.5,2025-07-13,,do zapłaty
907,990,1,2289,4.5,2025-12-28,,do zapłaty
908,666,1,2290,11.0,2024-05-14,,do zapłaty
909,595,1,2291,4.0,2025-04-20,,do zapłaty
910,721,1,2293,1.5,2024-05-05,,do zapłaty
911,983,1,2303,9.5,2024-05-01,,do zapłaty
912,799,1,2304,10.5,2024-05-24,,do zapłaty
913,333,1,2306,1.5,2024-09-19,,do zapłaty
914,358,1,2308,9.5,2025-12-28,,do zapłaty
915,692,1,2310,1.5,2024-05-02,,do zapłaty
916,449,1,2313,9.5,2024-09-30,,do zapłaty
917,404,1,2315,12.0,2025-01-27,,do zapłaty
918,717,1,2317,15.0,2025-10-31,,do zapłaty
919,18,1,2320,12.5,2025-03-07,,do zapłaty
920,967,1,2322,5.0,2024-06-13,,do zapłaty
921,309,1,2323,15.0,2025-01-19,,do zapłaty
922,912,1,2324,13.5,2024-11-02,,do zapłaty
923,198,1,2337,14.0,2024-04-19,,do zapłaty
924,590,1,2338,9.5,2025-09-18,,do zapłaty
925,852,1,2340,8.5,2024-06-27,,do zapłaty
926,521,1,2342,11.5,2024-10-13,,do zapłaty
927,752,1,2343,3.5,2025-10-17,,do zapłaty
928,786,1,2345,6.0,2025-09-17,,do zapłaty
929,567,1,2348,13.0,2024-05-11,,do zapłaty
930,22,1,2349,8.0,2025-06-16,,do zapłaty
931,337,1,2350,9.5,2025-10-24,,do zapłaty
932,900,1,2356,12.5,2024-02-28,,do zapłaty
933,39,1,2357,12.5,2025-05-04,,do zapłaty
934,331,1,2358,4.5,2025-11-22,,do zapłaty
935,96,1,2367,7.5,2024-07-06,,do zapłaty
936,519,1,2372,10.0,2025-11-17,,do zapłaty
937,16,1,2378,13.5,2024-03-25,,do zapłaty
938,309,1,2379,9.0,2024-08-30,,do zapłaty
939,733,1,2380,0.5,2025-12-01,,do zapłaty
940,812,1,2383,13.5,2024-09-24,,do zapłaty
941,305,1,2384,1.0,2024-12-03,,do zapłaty
942,213,1,2387,3.0,2024-10-26,,do zapłaty
943,817,1,2389,6.5,2025-08-16,,do zapłaty
944,687,1,2390,5.5,2024-11-11,,do zapłaty
945,941,1,2394,5.0,2024-02-09,,do zapłaty
946,134,1,2396,11.0,2024-09-19,,do zapłaty
947,345,1,2398,9.0,2024-07-05,,do zapłaty
948,374,1,2403,13.5,2025-05-04,,do zapłaty
949,966,1,2406,2.5,2024-05-11,,do zapłaty
950,768,1,2410,9.0,2025-06-13,,do zapłaty
951,753,1,2413,1.5,2024-08-22,,do zapłaty
952,949,1,2417,1.5,2025-12-28,,do zapłaty
953,236,1,2421,5.5,2024-08-08,,do zapłaty
954,842,1,2423,13.5,2025-04-25,,do zapłaty
955,376,1,2425,12.0,2025-12-08,,do zapłaty
956,647,1,2433,14.5,2024-07-23,,do zapłaty
957,334,1,2434,14.0,2024-10-24,,do zapłaty
958,979,1,2437,9.0,2024-04-30,,do zapłaty
959,720,1,2439,9.5,2024-02-24,,do zapłaty
960,255,1,2440,11.0,2024-07-17,,do zapłaty
961,648,1,2441,5.0,2024-12-02,,do zapłaty
962,210,1,2446,6.5,2025-12-28,,do zapłaty
963,962,1,2448,7.0,2025-10-20,,do zapłaty
964,263,1,2449,2.0,2025-06-29,,do zapłaty
965,430,1,2453,4.5,2025-03-12,,do zapłaty
966,242,1,2454,15.0,2024-05-06,,do zapłaty
967,352,1,2466,2.0,2024-06-14,,do zapłaty
968,747,1,2467,8.5,2024-12-01,,do zapłaty
969,263,1,2470,11.5,2025-09-29,,do zapłaty
970,539,1,2471,13.5,2025-09-04,,do zapłaty
971,357,1,2476,2.0,2024-08-30,,do zapłaty
972,920,1,2477,8.0,2025-02-26,,do zapłaty
973,513,1,2478,0.5,2024-02-28,,do zapłaty
974,75,1,2487,2.5,2025-08-02,,do zapłaty
975,523,1,2488,2.0,2025-12-28,,do zapłaty
976,518,1,2491,10.0,2025-07-26,,do zapłaty
977,879,1,2494,15.0,2025-03-07,,do zapłaty
978,966,1,2495,4.5,2024-06-30,,do zapłaty
979,932,1,2496,2.5,2024-11-24,,do zapłaty
980,722,1,2497,10.5,2024-11-25,,do zapłaty
981,570,1,2498,2.5,2025-11-14,,do zapłaty
982,112,1,2499,13.5,2024-05-12,,do zapłaty
983,526,1,2501,11.5,2025-07-27,,do zapłaty
984,335,1,2502,4.0,2025-03-15,,do zapłaty
985,158,1,2505,10.0,2025-03-01,,do zapłaty
986,335,1,2507,3.5,2025-06-05,,do zapłaty
987,451,1,2510,14.5,2025-10-25,,do zapłaty
988,591,1,2513,9.0,2025-07-26,,do zapłaty
989,467,1,2514,2.5,2025-05-18,,do zapłaty
990,406,1,2517,0.5,2024-09-05,,do zapłaty
991,463,1,2521,0.5,2024-10-19,,do zapłaty
992,597,1,2525,4.5,2024-06-25,,do zapłaty
993,749,1,2526,3.5,2024-12-05,,do zapłaty
994,304,1,2527,8.0,2024-11-10,,do zapłaty
995,659,1,2531,11.0,2024-10-19,,do zapłaty
996,625,1,2532,7.5,2024-03-05,,do zapłaty
997,718,1,2533,4.0,2025-12-28,,do zapłaty
998,216,1,2536,5.0,2025-12-01,,do zapłaty
999,263,1,2537,5.0,2024-04-27,,do zapłaty
1000,511,1,2545,10.0,2025-04-18,,do zapłaty
1001,665,1,2546,7.0,2025-03-06,,do zapłaty
1002,363,1,2554,14.5,2024-05-25,,do zapłaty
1003,36,1,2555,11.0,2025-11-01,,do zapłaty
1004,706,1,2557,3.0,2024-12-02,,do zapłaty
1005,217,1,2558,9.5,2024-09-06,,do zapłaty
1006,644,1,2562,13.5,2025-09-01,,do zapłaty
1007,644,1,2563,3.5,2024-07-15,,do zapłaty
1008,726,1,2565,6.0,2024-11-22,,do zapłaty
1009,391,1,2566,14.5,2024-08-29,,do zapłaty
1010,209,1,2572,7.0,2024-05-05,,do zapłaty
1011,807,1,2573,2.0,2024-05-05,,do zapłaty
1012,525,1,2574,2.0,2025-03-24,,do zapłaty
1013,345,1,2576,2.0,2024-07-15,,do zapłaty
1014,101,1,2577,5.5,2025-06-20,,do zapłaty
1015,665,1,2578,6.5,2025-09-17,,do zapłaty
1016,504,1,2580,6.0,2025-02-01,,do zapłaty
1017,444,1,2586,7.5,2025-05-26,,do zapłaty
1018,342,1,2587,4.5,2024-04-01,,do zapłaty
1019,330,1,2589,10.0,2024-11-25,,do zapłaty
1020,692,1,2592,8.5,2025-08-22,,do zapłaty
1021,266,1,2596,7.5,2025-11-08,,do zapłaty
1022,249,1,2597,12.5,2025-07-25,,do zapłaty
1023,50,1,2601,6.5,2024-11-05,,do zapłaty
1024,372,1,2604,9.0,2024-02-16,,do zapłaty
1025,848,1,2605,15.0,2025-03-01,,do zapłaty
1026,115,1,2606,15.0,2025-12-25,,do zapłaty
1027,619,1,2608,12.0,2025-04-24,,do zapłaty
1028,137,1,2610,12.5,2025-08-18,,do zapłaty
1029,904,1,2611,8.5,2024-08-29,,do zapłaty
1030,628,1,2612,6.0,2025-12-16,,do zapłaty
1031,100,1,2618,12.0,2024-04-28,,do zapłaty
1032,886,1,2621,15.0,2024-08-29,,do zapłaty
1033,589,1,2629,13.0,2024-03-29,,do zapłaty
1034,390,1,2630,12.5,2025-10-30,,do zapłaty
1035,14,1,2631,1.0,2025-02-20,,do zapłaty
1036,565,1,2636,4.5,2025-08-23,,do zapłaty
1037,185,1,2639,14.5,2024-06-03,,do zapłaty
1038,525,1,2641,8.0,2024-11-17,,do zapłaty
1039,40,1,2642,1.0,2025-04-12,,do zapłaty
1040,959,1,2652,5.5,2024-10-23,,do zapłaty
1041,156,1,2653,13.5,2024-08-28,,do zapłaty
1042,80,1,2657,11.0,2025-03-02,,do zapłaty
1043,198,1,2658,8.0,2024-07-20,,do zapłaty
1044,827,1,2659,6.5,2025-10-14,,do zapłaty
1045,868,1,2660,1.0,2025-05-23,,do zapłaty
1046,361,1,2662,12.5,2024-09-24,,do zapłaty
1047,864,1,2664,13.0,2024-07-11,,do zapłaty
1048,850,1,2674,4.0,2025-12-28,,do zapłaty
1049,205,1,2675,7.0,2025-07-13,,do zapłaty
1050,379,1,2678,4.5,2024-02-12,,do zapłaty
1051,480,1,2681,12.5,2024-07-30,,do zapłaty
1052,116,1,2683,1.5,2024-02-22,,do zapłaty
1053,953,1,2684,15.0,2024-11-09,,do zapłaty
1054,985,1,2687,13.5,2024-03-08,,do zapłaty
1055,288,1,2696,9.0,2024-12-31,,do zapłaty
1056,299,1,2700,15.0,2025-05-06,,do zapłaty
1057,753,1,2701,14.0,2024-10-20,,do zapłaty
1058,709,1,2702,12.5,2025-09-29,,do zapłaty
1059,186,1,2703,9.0,2025-01-12,,do zapłaty
1060,330,1,2710,6.0,2024-03-28,,do zapłaty
1061,638,1,2712,3.0,2025-07-30,,do zapłaty
1062,957,1,2713,11.5,2024-07-13,,do zapłaty
1063,700,1,2714,8.0,2024-12-11,,do zapłaty
1064,59,1,2718,14.5,2024-05-02,,do zapłaty
1065,528,1,2719,6.0,2024-07-20,,do zapłaty
1066,633,1,2724,13.5,2024-06-27,,do zapłaty
1067,677,1,2725,7.0,2024-10-17,,do zapłaty
1068,464,1,2728,11.5,2024-06-28,,do zapłaty
1069,338,1,2730,1.0,2024-08-21,,do zapłaty
1070,999,1,2732,7.5,2025-06-11,,do zapłaty
1071,750,1,2733,2.0,2025-04-09,,do zapłaty
1072,402,1,2735,9.0,2024-12-01,,do zapłaty
1073,415,1,2740,15.0,2025-03-14,,do zapłaty
1074,307,1,2743,13.0,2025-04-14,,do zapłaty
1075,597,1,2746,4.0,2025-05-26,,do zapłaty
1076,523,1,2748,3.0,2024-08-11,,do zapłaty
1077,703,1,2750,1.5,2025-08-23,,do zapłaty
1078,535,1,2752,7.0,2025-03-24,,do zapłaty
1079,12,1,2754,9.0,2024-06-10,,do zapłaty
1080,376,1,2757,9.5,2024-06-07,,do zapłaty
1081,469,1,2759,9.0,2025-12-02,,do zapłaty
1082,490,1,2760,8.5,2024-10-10,,do zapłaty
1083,239,1,2764,9.5,2025-06-12,,do zapłaty
1084,973,1,2765,8.0,2025-08-21,,do zapłaty
1085,798,1,2766,8.0,2025-05-02,,do zapłaty
1086,550,1,2774,7.5,2024-09-08,,do zapłaty
1087,147,1,2777,10.5,2025-11-20,,do zapłaty
1088,914,1,2779,11.5,2024-09-06,,do zapłaty
1089,197,1,2781,3.0,2024-10-02,,do zapłaty
1090,660,1,2784,12.0,2024-12-29,,do zapłaty
1091,566,1,2786,4.0,2025-03-22,,do zapłaty
1092,115,1,2787,13.5,2025-07-22,,do zapłaty
1093,182,1,2789,10.5,2024-05-02,,do zapłaty
1094,742,1,2793,14.0,2025-01-28,,do zapłaty
1095,358,1,2795,13.0,2024-04-16,,do zapłaty
1096,234,1,2797,6.5,2025-07-11,,do zapłaty
1097,534,1,2798,5.5,2025-09-08,,do zapłaty
1098,732,1,2800,1.0,2024-12-27,,do zapłaty
1099,794,1,2802,5.5,2024-12-07,,do zapłaty
1100,225,1,2803,2.0,2025-01-15,,do zapłaty
1101,80,1,2804,13.5,2024-09-29,,do zapłaty
1102,972,1,2805,13.5,2025-03-28,,do zapłaty
1103,804,1,2808,2.5,2025-02-06,,do zapłaty
1104,967,1,2811,13.0,2025-06-18,,do zapłaty
1105,269,1,2812,13.0,2025-03-04,,do zapłaty
1106,186,1,2813,9.5,2024-09-10,,do zapłaty
1107,290,1,2816,3.0,2025-10-28,,do zapłaty
1108,31,1,2817,7.0,2025-02-15,,do zapłaty
1109,653,1,2818,10.5,2024-03-15,,do zapłaty
1110,988,1,2819,5.5,2025-12-28,,do zapłaty
1111,212,1,2820,12.0,2025-12-28,,do zapłaty
1112,992,1,2821,13.5,2024-09-29,,do zapłaty
1113,149,1,2824,2.0,2024-07-20,,do zapłaty
1114,330,1,2826,10.0,2024-08-21,,do zapłaty
1115,174,1,2831,9.5,2025-05-24,,do zapłaty
1116,841,1,2833,10.5,2024-03-07,,do zapłaty
1117,488,1,2835,13.0,2025-03-12,,do zapłaty
1118,880,1,2836,6.5,2025-12-28,,do zapłaty
1119,770,1,2837,14.0,2024-12-13,,do zapłaty
1120,703,1,2845,14.0,2025-12-28,,do zapłaty
1121,151,1,2847,6.0,2024-04-03,,do zapłaty
1122,388,1,2851,5.0,2024-09-12,,do zapłaty
1123,966,1,2852,4.5,2025-04-23,,do zapłaty
1124,94,1,2855,11.0,2024-05-15,,do zapłaty
1125,197,1,2856,2.0,2024-05-08,,do zapłaty
1126,218,1,2857,6.5,2025-01-05,,do zapłaty
1127,782,1,2859,4.0,2025-04-14,,do zapłaty
1128,427,1,2863,5.0,2024-11-26,,do zapłaty
1129,380,1,2866,8.5,2024-11-20,,do zapłaty
1130,568,1,2867,4.5,2024-04-20,,do zapłaty
1131,294,1,2868,1.0,2025-06-22,,do zapłaty
1132,515,1,2870,7.0,2024-11-19,,do zapłaty
1133,258,1,2872,10.0,2024-11-27,,do zapłaty
1134,121,1,2874,4.0,2025-05-17,,do zapłaty
1135,782,1,2875,13.0,2024-06-08,,do zapłaty
1136,301,1,2876,1.5,2025-08-03,,do zapłaty
1137,215,1,2879,0.5,2025-07-30,,do zapłaty
1138,415,1,2883,1.5,2024-09-06,,do zapłaty
1139,256,1,2884,5.5,2025-05-29,,do zapłaty
1140,282,1,2886,12.0,2024-07-11,,do zapłaty
1141,285,1,2889,10.0,2025-03-23,,do zapłaty
1142,88,1,2890,14.0,2024-04-21,,do zapłaty
1143,393,1,2893,8.0,2025-02-21,,do zapłaty
1144,802,1,2896,6.5,2024-07-14,,do zapłaty
1145,224,1,2897,6.5,2025-01-24,,do zapłaty
1146,654,1,2898,3.0,2025-02-10,,do zapłaty
1147,136,1,2899,6.5,2024-11-20,,do zapłaty
1148,796,1,2901,4.0,2025-04-11,,do zapłaty
1149,339,1,2904,6.0,2025-12-28,,do zapłaty
1150,690,1,2910,6.0,2025-07-19,,do zapłaty
1151,282,1,2916,10.5,2024-04-12,,do zapłaty
1152,110,1,2917,5.5,2025-10-14,,do zapłaty
1153,771,1,2921,12.5,2025-09-11,,do zapłaty
1154,130,1,2922,2.5,2025-07-18,,do zapłaty
1155,728,1,2932,2.0,2024-12-21,,do zapłaty
1156,150,1,2933,10.5,2025-06-13,,do zapłaty
1157,200,1,2934,11.5,2025-08-27,,do zapłaty
1158,401,1,2936,6.0,2025-08-28,,do zapłaty
1159,361,1,2937,9.5,2024-08-02,,do zapłaty
1160,595,1,2950,13.5,2025-10-17,,do zapłaty
1161,936,1,2951,1.0,2025-09-24,,do zapłaty
1162,241,1,2955,4.0,2025-12-28,,do zapłaty
1163,632,1,2965,6.0,2025-03-03,,do zapłaty
1164,440,1,2968,10.0,2025-07-02,,do zapłaty
1165,870,1,2969,14.0,2024-09-07,,do zapłaty
1166,134,1,2970,4.0,2024-05-22,,do zapłaty
1167,535,1,2972,11.5,2025-09-04,,do zapłaty
1168,914,1,2976,11.0,2024-10-26,,do zapłaty
1169,171,1,2978,3.5,2025-05-20,,do zapłaty
1170,968,1,2980,6.5,2025-04-19,,do zapłaty
1171,714,1,2982,6.0,2024-06-30,,do zapłaty
1172,535,1,2983,2.0,2025-12-28,,do zapłaty
1173,364,1,2988,2.5,2025-10-23,,do zapłaty
1174,466,1,2992,4.5,2025-02-09,,do zapłaty
1175,119,1,2993,4.5,2025-11-08,,do zapłaty
1176,615,1,2995,9.5,2024-12-20,,do zapłaty
1177,892,1,2997,12.0,2024-08-13,,do zapłaty
1178,714,1,3000,13.0,2025-04-23,,do zapłaty
1179,38,1,3009,5.5,2024-05-14,,do zapłaty
1180,979,1,3017,2.0,2025-10-03,,do zapłaty
1181,635,1,3019,5.0,2024-07-06,,do zapłaty
1182,199,1,3021,1.5,2024-06-01,,do zapłaty
1183,552,1,3024,11.0,2025-06-10,,do zapłaty
1184,133,1,3028,13.0,2024-04-17,,do zapłaty
1185,510,1,3030,12.0,2024-02-22,,do zapłaty
1186,533,1,3032,3.5,2025-12-20,,do zapłaty
1187,173,1,3033,12.5,2025-07-16,,do zapłaty
1188,988,1,3035,10.5,2024-10-05,,do zapłaty
1189,175,1,3038,12.0,2024-05-12,,do zapłaty
1190,492,1,3041,11.5,2024-09-12,,do zapłaty
1191,416,1,3047,15.0,2025-01-21,,do zapłaty
1192,872,1,3049,6.0,2024-12-02,,do zapłaty
1193,890,1,3052,1.0,2025-10-06,,do zapłaty
1194,1,1,3054,3.0,2025-07-20,,do zapłaty
1195,760,1,3055,12.5,2025-09-17,,do zapłaty
1196,501,1,3056,13.5,2024-09-30,,do zapłaty
1197,765,1,3058,11.0,2025-02-03,,do zapłaty
1198,327,1,3062,6.5,2025-05-24,,do zapłaty
1199,735,1,3066,9.5,2025-05-23,,do zapłaty
1200,236,1,3069,7.5,2025-07-18,,do zapłaty
1201,965,1,3074,2.0,2025-03-06,,do zapłaty
1202,661,1,3075,2.0,2025-10-23,,do zapłaty
1203,949,1,3076,1.5,2024-04-30,,do zapłaty
1204,717,1,3083,1.0,2025-12-28,,do zapłaty
1205,607,1,3088,10.0,2024-10-09,,do zapłaty
1206,682,1,3089,3.5,2025-05-29,,do zapłaty
1207,682,1,3094,7.0,2024-09-06,,do zapłaty
1208,498,1,3095,8.5,2024-06-15,,do zapłaty
1209,848,1,3096,8.5,2024-11-03,,do zapłaty
1210,909,1,3097,0.5,2025-08-30,,do zapłaty
1211,691,1,3098,5.5,2025-07-29,,do zapłaty
1212,578,1,3101,5.0,2025-12-28,,do zapłaty
1213,982,1,3104,4.5,2025-07-15,,do zapłaty
1214,104,1,3105,8.5,2025-07-20,,do zapłaty
1215,684,1,3110,15.0,2025-08-07,,do zapłaty
1216,618,1,3111,11.0,2025-07-08,,do zapłaty
1217,929,1,3117,7.0,2025-11-18,,do zapłaty
1218,860,1,3121,13.5,2025-06-06,,do zapłaty
1219,397,1,3127,3.5,2024-08-22,,do zapłaty
1220,577,1,3129,7.5,2025-02-03,,do zapłaty
1221,370,1,3132,1.0,2024-04-17,,do zapłaty
1222,261,1,3134,5.5,2024-07-31,,do zapłaty
1223,676,1,3138,3.0,2024-09-15,,do zapłaty
1224,749,1,3142,1.0,2024-07-29,,do zapłaty
1225,142,1,3146,0.5,2024-08-17,,do zapłaty
1226,186,1,3148,7.0,2024-09-22,,do zapłaty
1227,67,1,3149,2.5,2025-12-13,,do zapłaty
1228,62,1,3151,5.5,2024-03-12,,do zapłaty
1229,711,1,3152,3.0,2024-09-05,,do zapłaty
1230,261,1,3155,6.5,2024-02-17,,do zapłaty
1231,500,1,3156,14.0,2025-02-07,,do zapłaty
1232,595,1,3159,1.0,2025-01-07,,do zapłaty
1233,851,1,3160,5.5,2024-12-24,,do zapłaty
1234,11,1,3162,1.0,2024-03-10,,do zapłaty
1235,758,1,3165,14.5,2024-11-04,,do zapłaty
1236,549,1,3166,10.5,2025-03-19,,do zapłaty
1237,507,1,3167,11.5,2024-10-02,,do zapłaty
1238,177,1,3169,2.0,2025-03-02,,do zapłaty
1239,988,1,3175,0.5,2025-06-20,,do zapłaty
1240,605,1,3176,3.5,2025-01-02,,do zapłaty
1241,476,1,3177,9.0,2025-01-22,,do zapłaty
1242,631,1,3178,6.5,2024-03-13,,do zapłaty
1243,763,1,3179,9.5,2024-05-08,,do zapłaty
1244,345,1,3180,13.0,2025-02-17,,do zapłaty
1245,37,1,3181,2.0,2024-12-15,,do zapłaty
1246,88,1,3182,9.0,2024-12-08,,do zapłaty
1247,759,1,3183,4.0,2025-11-23,,do zapłaty
1248,759,1,3185,5.0,2025-12-28,,do zapłaty
1249,990,1,3186,10.5,2025-12-08,,do zapłaty
1250,334,1,3188,4.0,2025-11-20,,do zapłaty
1251,700,1,3191,11.5,2025-03-14,,do zapłaty
1252,67,1,3193,0.5,2025-12-12,,do zapłaty
1253,224,1,3195,5.5,2025-09-08,,do zapłaty
1254,289,1,3200,12.5,2025-05-16,,do zapłaty
1255,668,1,3203,11.0,2025-08-17,,do zapłaty
1256,254,1,3209,7.5,2024-06-12,,do zapłaty
1257,670,1,3210,11.5,2025-12-02,,do zapłaty
1258,559,1,3211,7.5,2025-08-16,,do zapłaty
1259,21,1,3214,4.0,2025-09-06,,do zapłaty
1260,343,1,3221,1.0,2024-11-30,,do zapłaty
1261,737,1,3225,1.0,2024-05-15,,do zapłaty
1262,632,1,3226,6.0,2024-02-19,,do zapłaty
1263,434,1,3232,13.0,2025-03-27,,do zapłaty
1264,303,1,3236,2.5,2024-06-22,,do zapłaty
1265,674,1,3237,2.0,2025-08-01,,do zapłaty
1266,109,1,3240,2.5,2025-08-21,,do zapłaty
1267,843,1,3242,6.5,2024-09-08,,do zapłaty
1268,206,1,3243,4.5,2025-04-01,,do zapłaty
1269,149,1,3244,1.0,2024-12-07,,do zapłaty
1270,166,1,3245,0.5,2025-11-29,,do zapłaty
1271,821,1,3248,15.0,2024-04-16,,do zapłaty
1272,478,1,3254,5.5,2025-04-01,,do zapłaty
1273,425,1,3258,6.0,2025-07-29,,do zapłaty
1274,351,1,3259,4.5,2024-12-26,,do zapłaty
1275,827,1,3263,1.0,2025-09-01,,do zapłaty
1276,444,1,3265,11.5,2024-08-10,,do zapłaty
1277,583,1,3268,3.0,2025-11-27,,do zapłaty
1278,17,1,3271,4.0,2025-10-15,,do zapłaty
1279,695,1,3272,7.0,2025-10-24,,do zapłaty
1280,966,1,3273,0.5,2024-08-30,,do zapłaty
1281,834,1,3274,3.5,2024-10-12,,do zapłaty
1282,591,1,3280,13.5,2025-01-16,,do zapłaty
1283,827,1,3281,14.5,2025-12-23,,do zapłaty
1284,478,1,3285,7.5,2024-05-26,,do zapłaty
1285,715,1,3288,10.5,2024-11-25,,do zapłaty
1286,122,1,3290,8.0,2025-12-28,,do zapłaty
1287,759,1,3293,11.5,2024-10-19,,do zapłaty
1288,695,1,3297,15.0,2025-12-17,,do zapłaty
1289,899,1,3299,0.5,2025-07-09,,do zapłaty
1290,414,1,3301,7.5,2025-03-12,,do zapłaty
1291,472,1,3302,1.0,2024-11-30,,do zapłaty
1292,243,1,3303,5.0,2025-09-29,,do zapłaty
1293,681,1,3308,14.5,2024-04-09,,do zapłaty
1294,150,1,3312,13.0,2024-05-13,,do zapłaty
1295,948,1,3315,11.0,2025-05-06,,do zapłaty
1296,156,1,3316,10.5,2024-06-27,,do zapłaty
1297,105,1,3319,0.5,2024-05-28,,do zapłaty
1298,430,1,3323,3.0,2024-12-03,,do zapłaty
1299,313,1,3324,0.5,2024-08-02,,do zapłaty
1300,785,1,3328,3.5,2024-09-05,,do zapłaty
1301,753,1,3330,6.0,2025-12-18,,do zapłaty
1302,362,1,3339,9.5,2025-06-21,,do zapłaty
1303,192,1,3340,7.0,2024-09-19,,do zapłaty
1304,868,1,3342,4.5,2025-01-13,,do zapłaty
1305,991,1,3350,12.5,2025-11-03,,do zapłaty
1306,959,1,3352,7.0,2025-04-20,,do zapłaty
1307,44,1,3353,0.5,2024-06-18,,do zapłaty
1308,931,1,3357,1.5,2025-10-06,,do zapłaty
1309,436,1,3360,6.5,2025-10-20,,do zapłaty
1310,997,1,3361,2.0,2024-04-30,,do zapłaty
1311,972,1,3370,5.0,2025-12-28,,do zapłaty
1312,971,1,3371,11.5,2025-06-17,,do zapłaty
1313,643,1,3375,3.5,2025-12-28,,do zapłaty
1314,889,1,3378,1.5,2024-06-29,,do zapłaty
1315,447,1,3379,13.5,2024-03-23,,do zapłaty
1316,567,1,3381,3.5,2024-08-09,,do zapłaty
1317,667,1,3382,3.5,2025-03-18,,do zapłaty
1318,217,1,3383,3.0,2024-05-31,,do zapłaty
1319,937,1,3388,10.5,2024-05-18,,do zapłaty
1320,34,1,3391,8.0,2025-01-30,,do zapłaty
1321,112,1,3395,14.5,2024-06-11,,do zapłaty
1322,572,1,3396,4.5,2024-11-17,,do zapłaty
1323,661,1,3398,9.5,2024-12-14,,do zapłaty
1324,919,1,3399,7.5,2025-05-05,,do zapłaty
1325,830,1,3400,10.5,2024-09-19,,do zapłaty
1326,829,1,3401,12.5,2025-02-09,,do zapłaty
1327,658,1,3403,3.5,2025-12-28,,do zapłaty
1328,23,1,3404,3.5,2025-09-03,,do zapłaty
1329,924,1,3406,5.0,2025-12-28,,do zapłaty
1330,387,1,3409,4.5,2024-08-27,,do zapłaty
1331,224,1,3410,5.5,2025-12-28,,do zapłaty
1332,609,1,3413,9.5,2025-05-27,,do zapłaty
1333,686,1,3424,1.5,2025-02-18,,do zapłaty
1334,93,1,3426,15.0,2024-07-24,,do zapłaty
1335,684,1,3428,1.0,2024-06-07,,do zapłaty
1336,851,1,3430,3.0,2025-12-28,,do zapłaty
1337,318,1,3432,2.0,2024-09-12,,do zapłaty
1338,264,1,3436,8.5,2024-06-07,,do zapłaty
1339,919,1,3437,14.5,2025-08-27,,do zapłaty
1340,55,1,3442,13.0,2024-10-07,,do zapłaty
1341,905,1,3448,12.0,2025-03-13,,do zapłaty
1342,726,1,3452,4.5,2025-08-15,,do zapłaty
1343,569,1,3456,4.5,2025-08-28,,do zapłaty
1344,1000,1,3458,11.5,2024-09-08,,do zapłaty
1345,983,1,3459,9.5,2024-06-24,,do zapłaty
1346,216,1,3460,13.5,2025-05-07,,do zapłaty
1347,622,1,3464,14.0,2025-10-11,,do zapłaty
1348,81,1,3465,11.5,2025-09-26,,do zapłaty
1349,889,1,3467,5.0,2025-01-31,,do zapłaty
1350,229,1,3470,13.5,2025-08-11,,do zapłaty
1351,1,1,3471,2.5,2025-09-28,,do zapłaty
1352,887,1,3476,7.5,2025-10-01,,do zapłaty
1353,359,1,3477,7.5,2025-01-10,,do zapłaty
1354,73,1,3479,4.5,2024-09-14,,do zapłaty
1355,600,1,3482,1.5,2024-04-06,,do zapłaty
1356,296,1,3484,1.0,2025-12-02,,do zapłaty
1357,340,1,3485,9.5,2024-03-02,,do zapłaty
1358,461,1,3488,2.5,2025-03-13,,do zapłaty
1359,440,1,3489,11.5,2025-08-29,,do zapłaty
1360,888,1,3493,1.0,2024-07-27,,do zapłaty
1361,458,1,3494,6.5,2025-09-14,,do zapłaty
1362,518,1,3500,13.0,2025-06-03,,do zapłaty
1363,968,1,3501,6.5,2025-06-06,,do zapłaty
1364,463,1,3506,5.5,2024-10-03,,do zapłaty
1365,102,1,3507,9.0,2024-04-15,,do zapłaty
1366,142,1,3508,13.0,2025-09-08,,do zapłaty
1367,507,1,3513,6.5,2024-03-04,,do zapłaty
1368,681,1,3514,3.0,2025-03-25,,do zapłaty
1369,772,1,3516,6.5,2024-07-04,,do zapłaty
1370,60,1,3517,9.5,2025-12-28,,do zapłaty
1371,69,1,3518,1.5,2025-01-14,,do zapłaty
1372,722,1,3521,4.0,2025-12-01,,do zapłaty
1373,570,1,3522,1.0,2024-02-27,,do zapłaty
1374,519,1,3524,7.0,2024-12-15,,do zapłaty
1375,871,1,3527,9.5,2024-10-22,,do zapłaty
1376,565,1,3528,13.0,2024-12-26,,do zapłaty
1377,517,1,3529,11.0,2024-08-12,,do zapłaty
1378,59,1,3532,6.5,2024-08-06,,do zapłaty
1379,192,1,3536,11.0,2025-12-26,,do zapłaty
1380,259,1,3541,8.0,2024-10-30,,do zapłaty
1381,574,1,3545,10.5,2024-03-05,,do zapłaty
1382,690,1,3546,5.0,2025-03-20,,do zapłaty
1383,602,1,3550,7.5,2024-03-12,,do zapłaty
1384,950,1,3552,1.5,2025-12-28,,do zapłaty
1385,744,1,3554,13.5,2024-08-12,,do zapłaty
1386,168,1,3555,5.0,2024-07-17,,do zapłaty
1387,707,1,3557,7.0,2025-07-20,,do zapłaty
1388,903,1,3559,2.5,2025-12-09,,do zapłaty
1389,254,1,3561,14.0,2025-02-06,,do zapłaty
1390,480,1,3565,4.0,2025-04-28,,do zapłaty
1391,880,1,3570,12.0,2024-05-02,,do zapłaty
1392,309,1,3573,10.0,2025-12-16,,do zapłaty
1393,346,1,3577,9.0,2025-11-28,,do zapłaty
1394,394,1,3578,8.5,2025-04-30,,do zapłaty
1395,349,1,3579,4.5,2025-01-31,,do zapłaty
1396,862,1,3583,15.0,2024-11-23,,do zapłaty
1397,227,1,3593,14.0,2024-04-27,,do zapłaty
1398,439,1,3594,12.5,2025-03-19,,do zapłaty
1399,490,1,3596,11.0,2024-11-20,,do zapłaty
1400,379,1,3598,6.0,2024-05-01,,do zapłaty
1401,869,1,3600,12.5,2024-11-08,,do zapłaty
1402,359,1,3601,0.5,2024-02-23,,do zapłaty
1403,392,1,3605,9.5,2024-04-29,,do zapłaty
1404,482,1,3612,6.0,2025-04-12,,do zapłaty
1405,772,1,3615,7.0,2024-03-27,,do zapłaty
1406,879,1,3623,14.0,2025-09-05,,do zapłaty
1407,9,1,3627,10.5,2025-05-13,,do zapłaty
1408,968,1,3628,13.5,2025-10-31,,do zapłaty
1409,776,1,3629,6.5,2025-09-02,,do zapłaty
1410,399,1,3633,3.0,2025-02-02,,do zapłaty
1411,720,1,3634,13.0,2025-05-15,,do zapłaty
1412,228,1,3635,13.5,2024-07-11,,do zapłaty
1413,146,1,3636,12.5,2025-11-08,,do zapłaty
1414,443,1,3640,12.5,2025-01-04,,do zapłaty
1415,890,1,3641,0.5,2024-11-21,,do zapłaty
1416,7,1,3642,2.0,2024-03-31,,do zapłaty
1417,176,1,3643,5.0,2025-10-13,,do zapłaty
1418,76,1,3644,10.0,2025-09-04,,do zapłaty
1419,722,1,3645,15.0,2024-03-11,,do zapłaty
1420,465,1,3649,3.5,2024-06-17,,do zapłaty
1421,220,1,3652,5.5,2025-02-19,,do zapłaty
1422,49,1,3654,10.5,2025-10-28,,do zapłaty
1423,377,1,3656,10.5,2025-04-30,,do zapłaty
1424,348,1,3659,1.5,2025-01-07,,do zapłaty
1425,589,1,3663,3.0,2025-11-08,,do zapłaty
1426,237,1,3664,4.0,2025-11-23,,do zapłaty
1427,178,1,3666,7.0,2025-08-29,,do zapłaty
1428,642,1,3668,2.0,2024-11-06,,do zapłaty
1429,18,1,3673,1.5,2025-07-10,,do zapłaty
1430,203,1,3677,12.0,2025-06-21,,do zapłaty
1431,764,1,3678,1.0,2025-06-25,,do zapłaty
1432,933,1,3681,4.0,2025-03-18,,do zapłaty
1433,84,1,3682,5.0,2025-11-10,,do zapłaty
1434,405,1,3685,13.0,2025-05-10,,do zapłaty
1435,46,1,3686,12.5,2025-08-18,,do zapłaty
1436,824,1,3687,10.5,2025-04-18,,do zapłaty
1437,356,1,3690,11.5,2025-12-21,,do zapłaty
1438,644,1,3691,8.5,2025-09-16,,do zapłaty
1439,804,1,3694,8.5,2025-10-28,,do zapłaty
1440,577,1,3696,3.0,2025-11-11,,do zapłaty
1441,28,1,3708,2.0,2024-09-27,,do zapłaty
1442,772,1,3711,7.0,2024-03-01,,do zapłaty
1443,969,1,3717,12.0,2024-12-13,,do zapłaty
1444,15,1,3719,12.5,2024-08-15,,do zapłaty
1445,256,1,3723,4.0,2025-12-02,,do zapłaty
1446,422,1,3724,11.5,2025-09-14,,do zapłaty
1447,82,1,3726,1.5,2024-05-02,,do zapłaty
1448,57,1,3728,12.5,2025-02-20,,do zapłaty
1449,182,1,3729,7.0,2025-02-01,,do zapłaty
1450,391,1,3730,9.5,2025-12-24,,do zapłaty
1451,618,1,3732,2.0,2024-11-23,,do zapłaty
1452,121,1,3733,6.0,2025-03-03,,do zapłaty
1453,990,1,3735,6.5,2024-04-30,,do zapłaty
1454,724,1,3736,2.5,2024-02-06,,do zapłaty
1455,796,1,3742,8.5,2024-02-28,,do zapłaty
1456,355,1,3743,5.5,2024-05-31,,do zapłaty
1457,513,1,3744,12.0,2024-11-29,,do zapłaty
1458,208,1,3746,1.0,2024-11-15,,do zapłaty
1459,383,1,3749,2.0,2024-08-05,,do zapłaty
1460,843,1,3750,14.5,2024-04-22,,do zapłaty
1461,850,1,3751,2.0,2025-10-30,,do zapłaty
1462,850,1,3752,13.0,2025-01-18,,do zapłaty
1463,69,1,3754,13.0,2025-01-24,,do zapłaty
1464,892,1,3761,0.5,2025-05-25,,do zapłaty
1465,623,1,3765,15.0,2025-11-07,,do zapłaty
1466,926,1,3768,13.5,2025-12-14,,do zapłaty
1467,169,1,3771,0.5,2024-04-02,,do zapłaty
1468,347,1,3776,14.0,2025-10-29,,do zapłaty
1469,980,1,3780,9.0,2025-05-25,,do zapłaty
1470,498,1,3782,15.0,2025-06-16,,do zapłaty
1471,848,1,3783,3.0,2025-09-03,,do zapłaty
1472,861,1,3784,5.0,2025-06-30,,do zapłaty
1473,680,1,3787,15.0,2024-03-09,,do zapłaty
1474,47,1,3789,6.5,2025-03-05,,do zapłaty
1475,829,1,3791,10.0,2025-08-21,,do zapłaty
1476,564,1,3795,7.0,2025-07-21,,do zapłaty
1477,573,1,3797,12.0,2025-10-14,,do zapłaty
1478,650,1,3801,8.5,2025-11-24,,do zapłaty
1479,719,1,3804,15.0,2024-09-03,,do zapłaty
1480,689,1,3807,8.0,2024-04-16,,do zapłaty
1481,665,1,3809,13.0,2025-09-19,,do zapłaty
1482,399,1,3812,2.5,2025-11-22,,do zapłaty
1483,368,1,3816,13.5,2025-08-04,,do zapłaty
1484,956,1,3821,9.0,2025-08-08,,do zapłaty
1485,113,1,3826,10.0,2024-10-08,,do zapłaty
1486,830,1,3828,6.0,2024-06-19,,do zapłaty
1487,600,1,3829,9.5,2025-05-06,,do zapłaty
1488,227,1,3830,6.0,2024-03-22,,do zapłaty
1489,29,1,3833,3.5,2025-03-21,,do zapłaty
1490,340,1,3834,8.0,2024-11-11,,do zapłaty
1491,375,1,3836,9.5,2025-08-14,,do zapłaty
1492,182,1,3838,10.5,2025-04-09,,do zapłaty
1493,946,1,3842,7.0,2025-10-02,,do zapłaty
1494,360,1,3843,1.5,2024-09-21,,do zapłaty
1495,194,1,3851,12.5,2025-01-20,,do zapłaty
1496,483,1,3852,7.5,2024-11-21,,do zapłaty
1497,424,1,3854,12.5,2025-09-30,,do zapłaty
1498,451,1,3858,12.5,2024-08-10,,do zapłaty
1499,2,1,3859,8.0,2024-04-02,,do zapłaty
1500,296,1,3863,3.5,2024-03-27,,do zapłaty
1501,756,1,3866,5.0,2024-03-17,,do zapłaty
1502,402,1,3868,2.5,2024-04-24,,do zapłaty
1503,251,1,3869,11.0,2024-03-15,,do zapłaty
1504,825,1,3874,13.5,2024-06-05,,do zapłaty
1505,941,1,3875,5.5,2024-03-24,,do zapłaty
1506,843,1,3877,4.0,2024-05-03,,do zapłaty
1507,654,1,3878,14.0,2024-03-21,,do zapłaty
1508,809,1,3881,9.5,2024-11-11,,do zapłaty
1509,938,1,3883,14.0,2025-02-05,,do zapłaty
1510,958,1,3884,11.5,2025-01-19,,do zapłaty
1511,296,1,3885,5.5,2025-05-04,,do zapłaty
1512,384,1,3888,13.0,2025-09-09,,do zapłaty
1513,354,1,3889,2.0,2025-03-05,,do zapłaty
1514,253,1,3893,14.0,2024-06-23,,do zapłaty
1515,142,1,3897,12.5,2025-10-07,,do zapłaty
1516,824,1,3898,13.5,2024-10-05,,do zapłaty
1517,391,1,3904,2.5,2025-06-26,,do zapłaty
1518,980,1,3905,2.5,2024-04-16,,do zapłaty
1519,981,1,3906,3.5,2024-11-22,,do zapłaty
1520,896,1,3907,15.0,2024-11-30,,do zapłaty
1521,637,1,3910,10.0,2025-10-21,,do zapłaty
1522,832,1,3916,15.0,2024-11-08,,do zapłaty
1523,407,1,3917,1.5,2025-07-28,,do zapłaty
1524,220,1,3918,7.0,2024-08-14,,do zapłaty
1525,174,1,3921,2.0,2025-09-14,,do zapłaty
1526,844,1,3923,12.0,2025-04-28,,do zapłaty
1527,548,1,3926,9.5,2025-10-29,,do zapłaty
1528,603,1,3929,5.0,2024-10-15,,do zapłaty
1529,787,1,3936,12.5,2025-11-09,,do zapłaty
1530,930,1,3940,14.0,2025-10-26,,do zapłaty
1531,732,1,3943,14.0,2025-08-19,,do zapłaty
1532,635,1,3946,7.0,2024-05-14,,do zapłaty
1533,336,1,3949,12.5,2024-05-29,,do zapłaty
1534,988,1,3950,7.0,2024-07-28,,do zapłaty
1535,356,1,3951,7.5,2025-12-24,,do zapłaty
1536,557,1,3952,8.0,2024-03-07,,do zapłaty
1537,542,1,3956,15.0,2025-02-25,,do zapłaty
1538,520,1,3958,5.5,2024-10-18,,do zapłaty
1539,880,1,3959,2.5,2025-06-06,,do zapłaty
1540,57,1,3960,9.5,2025-02-19,,do zapłaty
1541,366,1,3962,10.0,2024-04-01,,do zapłaty
1542,911,1,3964,10.0,2025-07-02,,do zapłaty
1543,330,1,3966,6.5,2025-12-28,,do zapłaty
1544,579,1,3967,4.5,2025-07-19,,do zapłaty
1545,129,1,3968,9.0,2024-08-31,,do zapłaty
1546,627,1,3969,7.5,2025-09-26,,do zapłaty
1547,265,1,3972,14.0,2024-09-22,,do zapłaty
1548,85,1,3975,6.0,2024-05-24,,do zapłaty
1549,72,1,3977,10.0,2024-12-09,,do zapłaty
1550,371,1,3978,11.5,2024-03-21,,do zapłaty
1551,232,1,3980,6.5,2025-10-06,,do zapłaty
1552,480,1,3981,10.5,2025-11-28,,do zapłaty
1553,352,1,3982,3.5,2024-07-27,,do zapłaty
1554,218,1,3985,4.5,2024-05-26,,do zapłaty
1555,416,1,3992,11.0,2025-11-16,,do zapłaty
1556,72,1,3994,14.5,2025-08-16,,do zapłaty
1557,629,1,4002,11.5,2025-08-21,,do zapłaty
1558,622,1,4003,2.5,2024-06-24,,do zapłaty
1559,126,1,4004,2.0,2025-09-24,,do zapłaty
1560,279,1,4005,14.0,2024-03-12,,do zapłaty
1561,953,1,4007,3.5,2025-05-14,,do zapłaty
1562,505,1,4008,13.5,2025-11-06,,do zapłaty
1563,196,1,4011,9.5,2024-06-29,,do zapłaty
1564,98,1,4023,1.5,2025-12-28,,do zapłaty
1565,797,1,4026,12.5,2025-08-26,,do zapłaty
1566,163,1,4027,9.5,2025-07-02,,do zapłaty
1567,170,1,4028,8.0,2025-08-30,,do zapłaty
1568,712,1,4032,5.5,2024-10-26,,do zapłaty
1569,797,1,4033,3.5,2024-12-25,,do zapłaty
1570,580,1,4034,8.0,2024-03-16,,do zapłaty
1571,544,1,4043,6.5,2024-07-23,,do zapłaty
1572,613,1,4045,1.5,2024-04-15,,do zapłaty
1573,304,1,4049,9.5,2024-12-24,,do zapłaty
1574,547,1,4052,3.0,2025-03-10,,do zapłaty
1575,713,1,4053,2.5,2025-08-20,,do zapłaty
1576,140,1,4054,9.5,2024-08-15,,do zapłaty
1577,389,1,4057,9.5,2025-09-05,,do zapłaty
1578,80,1,4058,4.0,2024-09-10,,do zapłaty
1579,166,1,4061,0.5,2025-09-23,,do zapłaty
1580,286,1,4064,12.5,2025-06-06,,do zapłaty
1581,831,1,4070,11.5,2025-11-17,,do zapłaty
1582,956,1,4074,4.5,2024-12-23,,do zapłaty
1583,444,1,4087,5.5,2024-04-17,,do zapłaty
1584,611,1,4096,4.5,2024-07-20,,do zapłaty
1585,564,1,4097,14.0,2024-04-23,,do zapłaty
1586,738,1,4099,1.0,2024-10-25,,do zapłaty
1587,998,1,4100,7.0,2025-11-11,,do zapłaty
1588,201,1,4101,6.0,2024-07-14,,do zapłaty
1589,422,1,4106,12.5,2025-10-02,,do zapłaty
1590,773,1,4107,12.5,2025-01-30,,do zapłaty
1591,274,1,4109,11.5,2025-08-18,,do zapłaty
1592,114,1,4111,7.5,2025-03-05,,do zapłaty
1593,134,1,4113,1.5,2025-08-18,,do zapłaty
1594,488,1,4114,8.5,2024-07-23,,do zapłaty
1595,87,1,4116,4.5,2025-02-06,,do zapłaty
1596,351,1,4119,8.0,2025-06-05,,do zapłaty
1597,786,1,4123,14.5,2025-08-14,,do zapłaty
1598,714,1,4124,10.0,2024-08-08,,do zapłaty
1599,762,1,4127,6.0,2024-06-03,,do zapłaty
1600,681,1,4131,3.0,2025-12-28,,do zapłaty
1601,241,1,4132,15.0,2024-06-03,,do zapłaty
1602,190,1,4136,11.5,2024-06-12,,do zapłaty
1603,157,1,4137,14.5,2024-05-22,,do zapłaty
1604,731,1,4138,3.5,2024-10-28,,do zapłaty
1605,698,1,4140,6.5,2025-02-20,,do zapłaty
1606,447,1,4142,5.5,2024-02-17,,do zapłaty
1607,162,1,4146,5.0,2024-10-19,,do zapłaty
1608,941,1,4148,15.0,2024-03-04,,do zapłaty
1609,288,1,4150,1.0,2024-05-25,,do zapłaty
1610,141,1,4152,9.5,2024-03-15,,do zapłaty
1611,355,1,4155,10.0,2024-04-12,,do zapłaty
1612,910,1,4157,4.0,2025-04-24,,do zapłaty
1613,99,1,4158,12.5,2024-09-03,,do zapłaty
1614,555,1,4159,3.5,2025-03-30,,do zapłaty
1615,205,1,4160,2.0,2025-03-02,,do zapłaty
1616,906,1,4162,1.0,2025-01-27,,do zapłaty
1617,674,1,4163,2.0,2024-04-05,,do zapłaty
1618,668,1,4167,4.5,2024-03-21,,do zapłaty
1619,70,1,4172,11.5,2024-05-17,,do zapłaty
1620,962,1,4176,8.0,2025-12-16,,do zapłaty
1621,15,1,4177,13.5,2025-06-30,,do zapłaty
1622,214,1,4183,7.0,2025-12-27,,do zapłaty
1623,214,1,4187,13.5,2025-06-19,,do zapłaty
1624,147,1,4191,0.5,2025-03-13,,do zapłaty
1625,370,1,4196,7.0,2025-05-14,,do zapłaty
1626,70,1,4197,8.0,2024-07-12,,do zapłaty
1627,553,1,4204,3.0,2025-03-26,,do zapłaty
1628,929,1,4205,3.0,2025-08-02,,do zapłaty
1629,297,1,4206,2.0,2025-06-03,,do zapłaty
1630,447,1,4211,11.0,2025-09-10,,do zapłaty
1631,480,1,4212,12.0,2024-07-23,,do zapłaty
1632,65,1,4213,14.5,2025-06-09,,do zapłaty
1633,477,1,4214,10.0,2025-03-27,,do zapłaty
1634,724,1,4221,4.0,2025-02-06,,do zapłaty
1635,811,1,4222,1.5,2024-04-03,,do zapłaty
1636,616,1,4223,14.5,2025-11-30,,do zapłaty
1637,213,1,4225,10.5,2025-03-21,,do zapłaty
1638,944,1,4227,12.0,2024-12-03,,do zapłaty
1639,857,1,4228,8.5,2025-11-10,,do zapłaty
1640,592,1,4230,10.0,2024-10-08,,do zapłaty
1641,509,1,4232,13.0,2024-11-03,,do zapłaty
1642,796,1,4237,4.0,2025-12-28,,do zapłaty
1643,242,1,4238,9.5,2024-05-01,,do zapłaty
1644,718,1,4241,10.0,2024-06-14,,do zapłaty
1645,60,1,4242,14.0,2025-04-03,,do zapłaty
1646,375,1,4246,1.0,2025-06-07,,do zapłaty
1647,209,1,4250,13.0,2024-11-01,,do zapłaty
1648,247,1,4258,8.5,2024-07-21,,do zapłaty
1649,513,1,4261,14.0,2025-02-02,,do zapłaty
1650,524,1,4262,1.5,2024-10-06,,do zapłaty
1651,258,1,4265,6.5,2025-10-11,,do zapłaty
1652,285,1,4267,7.5,2024-02-17,,do zapłaty
1653,551,1,4270,3.0,2025-12-28,,do zapłaty
1654,278,1,4272,8.5,2025-06-09,,do zapłaty
1655,371,1,4279,2.0,2025-04-23,,do zapłaty
1656,160,1,4282,11.5,2025-04-26,,do zapłaty
1657,284,1,4286,12.5,2025-01-30,,do zapłaty
1658,745,1,4290,2.0,2025-10-06,,do zapłaty
1659,726,1,4292,0.5,2024-06-14,,do zapłaty
1660,631,1,4294,3.0,2025-01-01,,do zapłaty
1661,60,1,4295,10.0,2025-12-09,,do zapłaty
1662,946,1,4296,8.5,2025-12-28,,do zapłaty
1663,452,1,4299,7.0,2025-12-28,,do zapłaty
1664,22,1,4300,7.0,2024-09-29,,do zapłaty
1665,891,1,4301,0.5,2025-02-13,,do zapłaty
1666,488,1,4302,7.0,2025-12-28,,do zapłaty
1667,26,1,4306,1.5,2024-12-17,,do zapłaty
1668,622,1,4308,8.5,2025-02-14,,do zapłaty
1669,683,1,4312,11.5,2024-08-05,,do zapłaty
1670,914,1,4314,8.0,2025-07-27,,do zapłaty
1671,981,1,4316,0.5,2024-08-06,,do zapłaty
1672,755,1,4317,12.5,2025-10-15,,do zapłaty
1673,22,1,4318,4.0,2024-06-22,,do zapłaty
1674,361,1,4320,1.0,2025-08-16,,do zapłaty
1675,112,1,4323,4.5,2024-11-08,,do zapłaty
1676,600,1,4324,2.0,2025-01-16,,do zapłaty
1677,258,1,4327,8.0,2024-10-31,,do zapłaty
1678,841,1,4330,14.0,2025-08-20,,do zapłaty
1679,6,1,4333,6.0,2024-04-01,,do zapłaty
1680,656,1,4336,3.5,2025-03-08,,do zapłaty
1681,294,1,4337,9.0,2024-05-29,,do zapłaty
1682,115,1,4340,14.5,2024-12-04,,do zapłaty
1683,660,1,4343,14.5,2025-11-04,,do zapłaty
1684,160,1,4344,3.0,2025-12-21,,do zapłaty
1685,901,1,4346,9.5,2024-06-11,,do zapłaty
1686,743,1,4351,0.5,2025-04-15,,do zapłaty
1687,55,1,4354,7.5,2024-09-28,,do zapłaty
1688,130,1,4355,2.5,2025-02-01,,do zapłaty
1689,39,1,4359,11.0,2025-05-06,,do zapłaty
1690,515,1,4363,8.5,2025-02-04,,do zapłaty
1691,632,1,4365,5.5,2024-04-07,,do zapłaty
1692,587,1,4367,4.0,2025-01-13,,do zapłaty
1693,880,1,4370,11.0,2025-02-27,,do zapłaty
1694,627,1,4379,12.5,2025-06-08,,do zapłaty
1695,68,1,4380,1.0,2025-04-14,,do zapłaty
1696,969,1,4383,3.0,2025-07-29,,do zapłaty
1697,263,1,4384,13.5,2025-08-20,,do zapłaty
1698,976,1,4387,8.0,2024-11-20,,do zapłaty
1699,384,1,4388,0.5,2025-07-12,,do zapłaty
1700,819,1,4392,3.0,2024-06-20,,do zapłaty
1701,861,1,4394,11.5,2024-11-25,,do zapłaty
1702,766,1,4395,10.5,2025-09-23,,do zapłaty
1703,720,1,4396,2.0,2025-12-06,,do zapłaty
1704,289,1,4398,0.5,2024-08-20,,do zapłaty
1705,928,1,4399,15.0,2025-05-16,,do zapłaty
1706,697,1,4400,5.5,2024-11-01,,do zapłaty
1707,831,1,4401,4.0,2024-09-03,,do zapłaty
1708,8,1,4403,15.0,2025-10-01,,do zapłaty
1709,864,1,4408,14.5,2024-09-11,,do zapłaty
1710,709,1,4411,4.5,2024-04-21,,do zapłaty
1711,380,1,4413,13.0,2024-09-28,,do zapłaty
1712,863,1,4415,13.0,2024-12-01,,do zapłaty
1713,775,1,4416,2.0,2025-05-22,,do zapłaty
1714,844,1,4424,3.5,2025-11-26,,do zapłaty
1715,379,1,4427,5.0,2024-07-03,,do zapłaty
1716,901,1,4429,7.5,2024-12-03,,do zapłaty
1717,835,1,4433,1.0,2025-10-17,,do zapłaty
1718,18,1,4435,1.0,2025-01-13,,do zapłaty
1719,472,1,4438,6.0,2024-02-23,,do zapłaty
1720,287,1,4441,5.0,2025-05-26,,do zapłaty
1721,665,1,4442,1.0,2024-05-08,,do zapłaty
1722,902,1,4443,8.5,2025-03-08,,do zapłaty
1723,648,1,4445,15.0,2025-05-03,,do zapłaty
1724,178,1,4447,14.5,2024-06-20,,do zapłaty
1725,64,1,4451,10.5,2024-07-15,,do zapłaty
1726,550,1,4453,6.0,2025-10-06,,do zapłaty
1727,608,1,4456,3.0,2024-07-06,,do zapłaty
1728,689,1,4462,10.0,2024-03-26,,do zapłaty
1729,982,1,4465,11.5,2025-08-02,,do zapłaty
1730,236,1,4468,11.0,2025-04-18,,do zapłaty
1731,273,1,4470,13.5,2025-12-20,,do zapłaty
1732,412,1,4474,13.0,2024-10-22,,do zapłaty
1733,244,1,4476,11.5,2025-11-13,,do zapłaty
1734,737,1,4478,7.5,2024-10-20,,do zapłaty
1735,657,1,4481,14.0,2025-09-06,,do zapłaty
1736,543,1,4493,5.5,2025-09-27,,do zapłaty
1737,70,1,4494,0.5,2025-12-22,,do zapłaty
1738,665,1,4496,10.0,2024-03-13,,do zapłaty
1739,426,1,4502,1.0,2024-02-06,,do zapłaty
1740,203,1,4506,6.5,2025-02-12,,do zapłaty
1741,459,1,4510,6.0,2024-07-21,,do zapłaty
1742,459,1,4512,5.5,2025-04-16,,do zapłaty
1743,928,1,4513,4.0,2024-06-24,,do zapłaty
1744,114,1,4514,7.0,2024-04-30,,do zapłaty
1745,382,1,4516,12.0,2024-09-13,,do zapłaty
1746,157,1,4518,6.5,2024-03-06,,do zapłaty
1747,193,1,4520,14.5,2024-04-06,,do zapłaty
1748,687,1,4522,15.0,2025-02-05,,do zapłaty
1749,475,1,4525,7.0,2024-03-06,,do zapłaty
1750,691,1,4526,6.0,2024-04-13,,do zapłaty
1751,812,1,4528,1.5,2024-04-19,,do zapłaty
1752,165,1,4529,14.5,2024-07-08,,do zapłaty
1753,597,1,4530,6.0,2024-09-13,,do zapłaty
1754,168,1,4531,7.0,2025-06-12,,do zapłaty
1755,791,1,4532,15.0,2025-08-10,,do zapłaty
1756,278,1,4534,11.5,2024-05-12,,do zapłaty
1757,828,1,4536,11.5,2025-06-21,,do zapłaty
1758,873,1,4541,2.5,2025-04-15,,do zapłaty
1759,571,1,4544,1.0,2025-11-07,,do zapłaty
1760,290,1,4546,11.5,2025-08-22,,do zapłaty
1761,989,1,4549,12.5,2024-02-25,,do zapłaty
1762,719,1,4550,11.5,2025-07-09,,do zapłaty
1763,102,1,4552,0.5,2024-11-08,,do zapłaty
1764,42,1,4554,3.0,2025-09-29,,do zapłaty
1765,69,1,4558,14.5,2025-12-17,,do zapłaty
1766,751,1,4561,14.5,2025-07-17,,do zapłaty
1767,971,1,4562,13.5,2024-06-04,,do zapłaty
1768,476,1,4566,8.5,2024-08-24,,do zapłaty
1769,570,1,4572,10.5,2025-11-05,,do zapłaty
1770,213,1,4575,13.5,2024-10-14,,do zapłaty
1771,167,1,4580,14.5,2024-11-05,,do zapłaty
1772,980,1,4583,4.0,2024-07-11,,do zapłaty
1773,135,1,4584,6.5,2024-03-28,,do zapłaty
1774,599,1,4587,8.0,2025-07-22,,do zapłaty
1775,100,1,4588,7.5,2025-10-14,,do zapłaty
1776,478,1,4589,7.5,2025-02-17,,do zapłaty
1777,839,1,4592,13.0,2025-03-25,,do zapłaty
1778,314,1,4594,3.0,2024-11-22,,do zapłaty
1779,692,1,4595,1.5,2024-09-27,,do zapłaty
1780,307,1,4598,4.5,2024-03-09,,do zapłaty
1781,723,1,4600,12.0,2025-05-11,,do zapłaty
1782,460,1,4603,7.0,2024-10-27,,do zapłaty
1783,114,1,4605,4.0,2024-02-17,,do zapłaty
1784,884,1,4607,0.5,2024-04-12,,do zapłaty
1785,868,1,4610,1.0,2025-08-10,,do zapłaty
1786,606,1,4612,8.0,2025-06-29,,do zapłaty
1787,616,1,4613,9.0,2024-06-04,,do zapłaty
1788,710,1,4623,9.5,2024-02-19,,do zapłaty
1789,485,1,4625,14.0,2025-08-03,,do zapłaty
1790,274,1,4626,6.5,2025-06-24,,do zapłaty
1791,634,1,4627,3.5,2024-04-29,,do zapłaty
1792,604,1,4629,15.0,2025-05-29,,do zapłaty
1793,425,1,4630,2.5,2025-05-20,,do zapłaty
1794,295,1,4631,9.5,2024-07-13,,do zapłaty
1795,462,1,4632,13.5,2024-09-13,,do zapłaty
1796,780,1,4633,15.0,2025-03-23,,do zapłaty
1797,78,1,4635,11.5,2024-03-02,,do zapłaty
1798,868,1,4636,8.5,2024-04-23,,do zapłaty
1799,835,1,4637,5.0,2025-07-14,,do zapłaty
1800,386,1,4640,15.0,2025-11-02,,do zapłaty
1801,33,1,4643,0.5,2024-05-19,,do zapłaty
1802,659,1,4644,15.0,2025-11-15,,do zapłaty
1803,388,1,4647,1.5,2025-08-21,,do zapłaty
1804,837,1,4648,11.0,2024-10-26,,do zapłaty
1805,311,1,4649,2.0,2024-08-04,,do zapłaty
1806,5,1,4650,11.0,2025-04-08,,do zapłaty
1807,232,1,4653,13.5,2024-07-16,,do zapłaty
1808,370,1,4656,4.5,2025-07-26,,do zapłaty
1809,405,1,4658,1.5,2025-04-30,,do zapłaty
1810,495,1,4667,15.0,2024-11-01,,do zapłaty
1811,273,1,4668,14.0,2024-08-26,,do zapłaty
1812,972,1,4670,2.0,2024-10-22,,do zapłaty
1813,894,1,4672,8.0,2025-09-18,,do zapłaty
1814,625,1,4673,0.5,2024-08-01,,do zapłaty
1815,99,1,4675,1.0,2024-09-02,,do zapłaty
1816,37,1,4676,6.0,2024-04-13,,do zapłaty
1817,674,1,4677,8.0,2025-08-26,,do zapłaty
1818,886,1,4678,11.5,2025-02-25,,do zapłaty
1819,63,1,4680,4.0,2025-10-15,,do zapłaty
1820,833,1,4683,15.0,2024-04-28,,do zapłaty
1821,127,1,4684,1.5,2025-04-24,,do zapłaty
1822,187,1,4685,11.5,2025-05-13,,do zapłaty
1823,29,1,4686,11.0,2025-09-07,,do zapłaty
1824,360,1,4687,1.0,2025-12-16,,do zapłaty
1825,563,1,4689,14.0,2024-07-30,,do zapłaty
1826,766,1,4691,9.0,2024-08-07,,do zapłaty
1827,219,1,4694,4.0,2024-02-05,,do zapłaty
1828,860,1,4697,6.5,2025-04-26,,do zapłaty
1829,771,1,4698,11.5,2025-04-19,,do zapłaty
1830,986,1,4700,8.0,2024-05-07,,do zapłaty
1831,502,1,4705,13.0,2024-08-28,,do zapłaty
1832,123,1,4709,5.5,2025-11-27,,do zapłaty
1833,353,1,4710,4.5,2024-07-23,,do zapłaty
1834,635,1,4711,8.0,2025-05-29,,do zapłaty
1835,885,1,4712,6.0,2024-11-22,,do zapłaty
1836,406,1,4713,13.0,2024-10-03,,do zapłaty
1837,988,1,4714,1.0,2024-04-09,,do zapłaty
1838,115,1,4715,1.0,2025-12-28,,do zapłaty
1839,197,1,4718,3.0,2025-11-23,,do zapłaty
1840,639,1,4720,7.5,2025-08-08,,do zapłaty
1841,812,1,4728,13.0,2025-01-09,,do zapłaty
1842,729,1,4729,3.0,2024-12-31,,do zapłaty
1843,523,1,4732,14.0,2025-06-18,,do zapłaty
1844,303,1,4735,2.5,2024-12-31,,do zapłaty
1845,242,1,4741,1.0,2025-08-22,,do zapłaty
1846,611,1,4744,4.5,2025-08-08,,do zapłaty
1847,923,1,4748,13.5,2025-11-26,,do zapłaty
1848,659,1,4750,1.0,2024-10-20,,do zapłaty
1849,874,1,4753,1.5,2024-04-25,,do zapłaty
1850,784,1,4754,8.5,2025-01-03,,do zapłaty
1851,843,1,4755,5.5,2025-08-19,,do zapłaty
1852,990,1,4759,6.5,2024-09-07,,do zapłaty
1853,316,1,4761,2.0,2024-06-20,,do zapłaty
1854,242,1,4764,8.0,2024-08-08,,do zapłaty
1855,202,1,4768,15.0,2024-02-26,,do zapłaty
1856,271,1,4772,9.0,2024-08-27,,do zapłaty
1857,843,1,4773,3.5,2024-05-16,,do zapłaty
1858,919,1,4776,7.0,2024-08-26,,do zapłaty
1859,184,1,4778,7.0,2025-12-26,,do zapłaty
1860,57,1,4786,10.5,2024-07-23,,do zapłaty
1861,910,1,4788,2.0,2025-12-26,,do zapłaty
1862,91,1,4790,5.0,2025-11-17,,do zapłaty
1863,83,1,4791,4.0,2025-06-12,,do zapłaty
1864,461,1,4792,2.0,2025-12-28,,do zapłaty
1865,163,1,4793,2.5,2025-10-29,,do zapłaty
1866,266,1,4796,11.5,2025-02-08,,do zapłaty
1867,992,1,4799,7.5,2025-11-22,,do zapłaty
1868,953,1,4802,5.0,2025-08-01,,do zapłaty
1869,253,1,4803,10.5,2024-07-06,,do zapłaty
1870,638,1,4815,2.0,2024-12-22,,do zapłaty
1871,741,1,4821,2.5,2024-03-16,,do zapłaty
1872,534,1,4822,3.0,2024-02-21,,do zapłaty
1873,886,1,4825,13.5,2025-06-25,,do zapłaty
1874,631,1,4827,7.0,2025-12-12,,do zapłaty
1875,836,1,4828,8.5,2025-02-20,,do zapłaty
1876,208,1,4829,2.0,2024-03-15,,do zapłaty
1877,930,1,4830,1.5,2024-11-18,,do zapłaty
1878,181,1,4835,10.5,2024-06-19,,do zapłaty
1879,138,1,4836,15.0,2025-06-08,,do zapłaty
1880,899,1,4845,14.5,2024-07-27,,do zapłaty
1881,83,1,4847,13.0,2024-11-07,,do zapłaty
1882,958,1,4848,13.0,2024-06-02,,do zapłaty
1883,466,1,4849,9.5,2024-11-08,,do zapłaty
1884,325,1,4859,7.0,2024-10-03,,do zapłaty
1885,515,1,4861,10.5,2025-11-25,,do zapłaty
1886,86,1,4869,2.0,2025-12-05,,do zapłaty
1887,505,1,4874,7.5,2025-12-03,,do zapłaty
1888,281,1,4877,1.5,2025-04-11,,do zapłaty
1889,366,1,4879,8.5,2024-05-04,,do zapłaty
1890,371,1,4884,1.5,2025-11-18,,do zapłaty
1891,680,1,4886,14.0,2025-10-17,,do zapłaty
1892,410,1,4887,13.5,2025-03-12,,do zapłaty
1893,37,1,4889,14.0,2024-04-03,,do zapłaty
1894,433,1,4890,14.5,2024-03-25,,do zapłaty
1895,682,1,4891,7.5,2024-06-28,,do zapłaty
1896,282,1,4894,10.0,2025-02-17,,do zapłaty
1897,885,1,4899,0.5,2024-06-15,,do zapłaty
1898,603,1,4902,1.0,2025-05-10,,do zapłaty
1899,158,1,4903,4.5,2024-08-13,,do zapłaty
1900,988,1,4904,4.0,2024-12-01,,do zapłaty
1901,672,1,4906,10.5,2025-01-04,,do zapłaty
1902,88,1,4908,6.0,2025-02-10,,do zapłaty
1903,986,1,4911,14.0,2024-12-28,,do zapłaty
1904,585,1,4912,9.0,2024-07-03,,do zapłaty
1905,595,1,4915,10.0,2025-03-18,,do zapłaty
1906,234,1,4920,4.0,2024-10-07,,do zapłaty
1907,183,1,4922,7.5,2025-07-30,,do zapłaty
1908,334,1,4923,3.0,2024-02-05,,do zapłaty
1909,835,1,4926,5.5,2024-03-08,,do zapłaty
1910,63,1,4935,2.5,2025-11-02,,do zapłaty
1911,218,1,4936,8.0,2024-11-27,,do zapłaty
1912,85,1,4939,2.0,2024-08-25,,do zapłaty
1913,815,1,4940,12.0,2024-08-08,,do zapłaty
1914,14,1,4945,3.5,2025-01-26,,do zapłaty
1915,744,1,4946,11.0,2024-05-26,,do zapłaty
1916,795,1,4947,12.5,2025-11-27,,do zapłaty
1917,938,1,4949,7.0,2025-04-08,,do zapłaty
1918,58,1,4950,4.5,2024-03-29,,do zapłaty
1919,697,1,4951,6.0,2025-11-09,,do zapłaty
1920,936,1,4958,4.5,2024-03-06,,do zapłaty
1921,879,1,4959,14.0,2024-12-08,,do zapłaty
1922,15,1,4966,8.5,2025-05-17,,do zapłaty
1923,237,1,4969,5.0,2024-04-21,,do zapłaty
1924,439,1,4970,5.0,2025-05-06,,do zapłaty
1925,731,1,4972,6.5,2025-01-27,,do zapłaty
1926,511,1,4976,9.5,2025-06-17,,do zapłaty
1927,771,1,4978,12.5,2024-12-11,,do zapłaty
1928,655,1,4979,9.5,2024-07-11,,do zapłaty
1929,116,1,4981,11.0,2025-12-28,,do zapłaty
1930,934,1,4982,4.0,2024-06-26,,do zapłaty
1931,548,1,4983,5.0,2025-05-20,,do zapłaty
1932,133,1,4984,7.0,2024-06-02,,do zapłaty
1933,714,1,4988,14.0,2025-07-29,,do zapłaty
1934,952,1,4989,2.5,2024-03-31,,do zapłaty
1935,604,1,4992,5.0,2025-03-01,,do zapłaty
1936,36,1,4993,1.0,2025-03-27,,do zapłaty
1937,406,1,4994,4.0,2024-08-15,,do zapłaty
1938,480,1,4995,12.0,2025-09-26,,do zapłaty
1939,208,1,4999,13.0,2025-02-23,,do zapłaty
1940,386,2,1193,45.5,2024-12-06,2024-12-08,opłacona
1941,831,2,4070,15.0,2025-10-12,2025-10-14,opłacona
1942,870,2,1336,20.0,2024-10-01,2024-10-03,opłacona
1943,827,2,2031,20.0,2025-06-06,2025-06-08,opłacona
1944,606,2,75,45.5,2024-06-24,2024-06-26,opłacona
1945,501,2,3056,15.0,2024-08-24,2024-08-26,opłacona
1946,591,2,4539,15.0,2025-08-20,2025-08-22,opłacona
1947,896,2,3630,15.0,2025-07-23,2025-07-25,opłacona
1948,962,2,2448,15.0,2025-09-13,2025-09-15,opłacona
1949,57,2,4980,15.0,2025-04-03,2025-04-05,opłacona
